{"type":"FeatureCollection", "features": [
{"type":"Feature","geometry":{"type":"Polygon","coordinates":[[[-104.5091,45.44744],[-104.96948,45.44466],[-104.96424,45.12117],[-104.50649,45.12393],[-104.5091,45.44744]]]},"properties":{"Cell":"R-13"}},
{"type":"Feature","geometry":{"type":"Polygon","coordinates":[[[-104.96948,45.44466],[-105.42979,45.44004],[-105.42194,45.11657],[-104.96424,45.12117],[-104.96948,45.44466]]]},"properties":{"Cell":"Q-13"}},
{"type":"Feature","geometry":{"type":"Polygon","coordinates":[[[-104.0487,45.44836],[-104.5091,45.44744],[-104.50649,45.12393],[-104.0487,45.12485],[-104.0487,45.44836]]]},"properties":{"Cell":"S-13"}},
{"type":"Feature","geometry":{"type":"Polygon","coordinates":[[[-104.0487,45.77186],[-104.51175,45.77093],[-104.5091,45.44744],[-104.0487,45.44836],[-104.0487,45.77186]]]},"properties":{"Cell":"S-12"}},
{"type":"Feature","geometry":{"type":"Polygon","coordinates":[[[-104.0487,46.09535],[-104.51443,46.09441],[-104.51175,45.77093],[-104.0487,45.77186],[-104.0487,46.09535]]]},"properties":{"Cell":"S-11"}},
{"type":"Feature","geometry":{"type":"Polygon","coordinates":[[[-104.51443,46.09441],[-104.98013,46.09161],[-104.97477,45.76814],[-104.51175,45.77093],[-104.51443,46.09441]]]},"properties":{"Cell":"R-11"}},
{"type":"Feature","geometry":{"type":"Polygon","coordinates":[[[-104.98013,46.09161],[-105.44576,46.08693],[-105.43773,45.76349],[-104.97477,45.76814],[-104.98013,46.09161]]]},"properties":{"Cell":"Q-11"}},
{"type":"Feature","geometry":{"type":"Polygon","coordinates":[[[-104.51175,45.77093],[-104.97477,45.76814],[-104.96948,45.44466],[-104.5091,45.44744],[-104.51175,45.77093]]]},"properties":{"Cell":"R-12"}},
{"type":"Feature","geometry":{"type":"Polygon","coordinates":[[[-104.97477,45.76814],[-105.43773,45.76349],[-105.42979,45.44004],[-104.96948,45.44466],[-104.97477,45.76814]]]},"properties":{"Cell":"Q-12"}},
{"type":"Feature","geometry":{"type":"Polygon","coordinates":[[[-105.43773,45.76349],[-105.9006,45.75698],[-105.89001,45.43357],[-105.42979,45.44004],[-105.43773,45.76349]]]},"properties":{"Cell":"P-12"}},
{"type":"Feature","geometry":{"type":"Polygon","coordinates":[[[-105.44576,46.08693],[-105.9113,46.08039],[-105.9006,45.75698],[-105.43773,45.76349],[-105.44576,46.08693]]]},"properties":{"Cell":"P-11"}},
{"type":"Feature","geometry":{"type":"Polygon","coordinates":[[[-105.9113,46.08039],[-106.37672,46.07197],[-106.36334,45.74862],[-105.9006,45.75698],[-105.9113,46.08039]]]},"properties":{"Cell":"O-11"}},
{"type":"Feature","geometry":{"type":"Polygon","coordinates":[[[-105.9006,45.75698],[-106.36334,45.74862],[-106.35012,45.42525],[-105.89001,45.43357],[-105.9006,45.75698]]]},"properties":{"Cell":"O-12"}},
{"type":"Feature","geometry":{"type":"Polygon","coordinates":[[[-105.89001,45.43357],[-106.35012,45.42525],[-106.33704,45.10186],[-105.87955,45.11014],[-105.89001,45.43357]]]},"properties":{"Cell":"O-13"}},
{"type":"Feature","geometry":{"type":"Polygon","coordinates":[[[-105.42979,45.44004],[-105.89001,45.43357],[-105.87955,45.11014],[-105.42194,45.11657],[-105.42979,45.44004]]]},"properties":{"Cell":"P-13"}},
{"type":"Feature","geometry":{"type":"Polygon","coordinates":[[[-106.35012,45.42525],[-106.81007,45.41508],[-106.79438,45.09175],[-106.33704,45.10186],[-106.35012,45.42525]]]},"properties":{"Cell":"N-13"}},
{"type":"Feature","geometry":{"type":"MultiPolygon","coordinates":[[[[-107.26984,45.40307],[-107.7294,45.38921],[-107.7103,45.09388],[-107.71016,45.09166],[-107.70996,45.0886],[-107.70638,45.08972],[-107.70388,45.08694],[-107.70443,45.08277],[-107.69582,45.08555],[-107.69249,45.08333],[-107.69082,45.07749],[-107.68693,45.07694],[-107.68804,45.07333],[-107.69304,45.07277],[-107.69832,45.07055],[-107.69971,45.06631],[-107.25155,45.07981],[-107.26984,45.40307]]],[[[-107.70851,45.06603],[-107.7011,45.06626],[-107.70471,45.07083],[-107.70884,45.0711],[-107.70851,45.06603]]]]},"properties":{"Cell":"L-13"}},
{"type":"Feature","geometry":{"type":"Polygon","coordinates":[[[-106.81007,45.41508],[-107.26984,45.40307],[-107.25155,45.07981],[-106.79438,45.09175],[-106.81007,45.41508]]]},"properties":{"Cell":"M-13"}},
{"type":"Feature","geometry":{"type":"Polygon","coordinates":[[[-107.7294,45.38921],[-108.18873,45.37351],[-108.16523,45.05041],[-108.05693,45.05426],[-108.05999,45.06222],[-108.06082,45.06972],[-108.06388,45.07499],[-108.0636,45.07805],[-108.06638,45.07944],[-108.06693,45.08499],[-108.07277,45.09638],[-108.0711,45.09944],[-108.07388,45.10055],[-108.07749,45.1086],[-108.07693,45.11194],[-108.07166,45.11638],[-108.07582,45.11638],[-108.08304,45.12083],[-108.08638,45.12083],[-108.08832,45.12749],[-108.09138,45.1311],[-108.09277,45.13749],[-108.09638,45.14749],[-108.09499,45.15083],[-108.09832,45.15277],[-108.0961,45.15694],[-108.0986,45.15805],[-108.0986,45.16138],[-108.09582,45.16333],[-108.09916,45.16527],[-108.1036,45.17499],[-108.10221,45.18138],[-108.10554,45.18694],[-108.10527,45.18916],[-108.10193,45.18666],[-108.09971,45.19083],[-108.10249,45.19277],[-108.10249,45.19777],[-108.10693,45.19833],[-108.10999,45.19694],[-108.11221,45.19888],[-108.10832,45.20333],[-108.10249,45.20249],[-108.09916,45.20694],[-108.09138,45.20722],[-108.0911,45.21055],[-108.0861,45.21333],[-108.08332,45.20999],[-108.08499,45.20777],[-108.08138,45.20527],[-108.08416,45.20222],[-108.08082,45.19833],[-108.08221,45.19499],[-108.07943,45.19305],[-108.07443,45.1936],[-108.07527,45.18944],[-108.07277,45.18888],[-108.06832,45.18305],[-108.07138,45.18138],[-108.06804,45.17777],[-108.07166,45.17333],[-108.07082,45.16805],[-108.06471,45.16694],[-108.06638,45.1711],[-108.06054,45.16999],[-108.0586,45.16722],[-108.05499,45.16722],[-108.05193,45.16499],[-108.05221,45.1586],[-108.05443,45.15444],[-108.05027,45.15555],[-108.04527,45.14944],[-108.04721,45.14749],[-108.04193,45.14694],[-108.04082,45.14916],[-108.0311,45.14555],[-108.02638,45.13972],[-108.02527,45.13166],[-108.02693,45.12333],[-108.02471,45.12472],[-108.0211,45.13388],[-108.02193,45.13999],[-108.02499,45.14666],[-108.02304,45.1486],[-108.02804,45.14833],[-108.03527,45.15166],[-108.03582,45.1536],[-108.04054,45.1536],[-108.04332,45.1561],[-108.04388,45.15972],[-108.04166,45.16527],[-108.04388,45.16888],[-108.04027,45.17055],[-108.04166,45.17222],[-108.04888,45.17333],[-108.04971,45.17583],[-108.05527,45.17749],[-108.05554,45.18055],[-108.05027,45.18388],[-108.05638,45.18972],[-108.05471,45.19499],[-108.05916,45.19472],[-108.05804,45.19694],[-108.06166,45.20138],[-108.06054,45.20388],[-108.06527,45.20805],[-108.06221,45.21166],[-108.0611,45.2211],[-108.05666,45.21944],[-108.05499,45.22194],[-108.04999,45.21749],[-108.04943,45.21222],[-108.04693,45.21194],[-108.04582,45.20527],[-108.0411,45.20416],[-108.03777,45.2011],[-108.03777,45.19833],[-108.02666,45.19055],[-108.02582,45.19416],[-108.01582,45.19444],[-108.02332,45.19694],[-108.0286,45.19694],[-108.0311,45.2036],[-108.02943,45.20527],[-108.03582,45.20944],[-108.04054,45.22722],[-108.05249,45.2361],[-108.0561,45.23499],[-108.0586,45.24194],[-108.05277,45.24222],[-108.05027,45.23944],[-108.04499,45.2386],[-108.0436,45.23222],[-108.03554,45.22777],[-108.03332,45.22416],[-108.02693,45.22527],[-108.02277,45.21888],[-108.01332,45.21666],[-108.01027,45.2111],[-108.00777,45.21805],[-108.00888,45.22277],[-107.99832,45.21944],[-107.99693,45.22166],[-107.98916,45.22222],[-107.98721,45.22027],[-107.9886,45.2111],[-107.98166,45.21805],[-107.97499,45.21722],[-107.96554,45.21888],[-107.96999,45.21472],[-107.96693,45.21222],[-107.95804,45.21305],[-107.95721,45.21138],[-107.96332,45.20638],[-107.96804,45.20472],[-107.96443,45.20305],[-107.9661,45.19944],[-107.97166,45.19444],[-107.97249,45.1911],[-107.96832,45.19444],[-107.96221,45.19638],[-107.96027,45.19527],[-107.95888,45.19888],[-107.95138,45.2036],[-107.94693,45.20805],[-107.94054,45.20666],[-107.93888,45.20277],[-107.94138,45.19749],[-107.94471,45.19472],[-107.94416,45.18722],[-107.95054,45.18333],[-107.94916,45.18166],[-107.94221,45.18138],[-107.94277,45.17333],[-107.93749,45.18083],[-107.93804,45.18499],[-107.93527,45.19027],[-107.93221,45.19249],[-107.93277,45.18555],[-107.92999,45.18472],[-107.93166,45.17722],[-107.92749,45.17527],[-107.93166,45.17222],[-107.93138,45.16805],[-107.93943,45.15499],[-107.94166,45.14388],[-107.94443,45.14083],[-107.93693,45.14083],[-107.93527,45.13805],[-107.9261,45.14166],[-107.91749,45.14138],[-107.91221,45.1361],[-107.90888,45.13555],[-107.90582,45.13222],[-107.90749,45.12694],[-107.90277,45.12722],[-107.9011,45.12499],[-107.90138,45.11527],[-107.89527,45.10999],[-107.89888,45.1161],[-107.89499,45.12222],[-107.89916,45.1361],[-107.90638,45.14388],[-107.90693,45.14722],[-107.91027,45.14833],[-107.91221,45.15249],[-107.91916,45.1561],[-107.91832,45.15999],[-107.91582,45.16083],[-107.91582,45.16749],[-107.90971,45.16833],[-107.91304,45.17166],[-107.91221,45.1736],[-107.91388,45.17944],[-107.90916,45.17999],[-107.90749,45.17777],[-107.89638,45.17666],[-107.89166,45.16499],[-107.8911,45.17805],[-107.88666,45.18083],[-107.89166,45.18027],[-107.90166,45.1836],[-107.90443,45.18583],[-107.90888,45.18638],[-107.90666,45.18972],[-107.90221,45.19249],[-107.91082,45.18972],[-107.91749,45.19249],[-107.91471,45.1986],[-107.89943,45.20249],[-107.89777,45.19944],[-107.89027,45.19805],[-107.88971,45.19416],[-107.8836,45.19499],[-107.88054,45.19416],[-107.88166,45.18972],[-107.87582,45.18972],[-107.87832,45.18666],[-107.87416,45.18638],[-107.87471,45.18277],[-107.86916,45.1836],[-107.86693,45.18166],[-107.87166,45.17749],[-107.86777,45.1786],[-107.86527,45.17722],[-107.86832,45.17333],[-107.86249,45.17555],[-107.86027,45.17277],[-107.85554,45.17305],[-107.85416,45.16916],[-107.8611,45.16499],[-107.8511,45.16499],[-107.86054,45.15694],[-107.86193,45.15222],[-107.8586,45.15666],[-107.8536,45.15944],[-107.84249,45.15999],[-107.84638,45.15527],[-107.84166,45.15555],[-107.84332,45.15166],[-107.84721,45.14777],[-107.84221,45.14999],[-107.83721,45.14972],[-107.83638,45.15222],[-107.83138,45.14999],[-107.83166,45.14749],[-107.82777,45.1461],[-107.83249,45.14166],[-107.82804,45.14222],[-107.82777,45.13972],[-107.82388,45.14333],[-107.81666,45.13527],[-107.81749,45.13333],[-107.81082,45.13305],[-107.8086,45.13138],[-107.81332,45.12638],[-107.80832,45.12583],[-107.8011,45.12666],[-107.8061,45.12166],[-107.79832,45.12194],[-107.79943,45.11888],[-107.79666,45.11833],[-107.81304,45.11166],[-107.80638,45.11222],[-107.8061,45.11027],[-107.80249,45.1136],[-107.79166,45.11305],[-107.79416,45.11138],[-107.79443,45.10638],[-107.79832,45.1036],[-107.79304,45.10416],[-107.79277,45.10166],[-107.79749,45.09805],[-107.79777,45.09499],[-107.80499,45.08833],[-107.80582,45.08583],[-107.79554,45.0936],[-107.79166,45.09805],[-107.78804,45.0961],[-107.78971,45.09999],[-107.78749,45.10694],[-107.78554,45.10583],[-107.78332,45.10583],[-107.78027,45.10194],[-107.77777,45.10138],[-107.7736,45.09527],[-107.76971,45.09472],[-107.76777,45.09027],[-107.77054,45.08777],[-107.76388,45.08666],[-107.76527,45.08222],[-107.75888,45.08333],[-107.7586,45.07833],[-107.75443,45.07694],[-107.75221,45.07305],[-107.75388,45.07027],[-107.76388,45.06833],[-107.7661,45.06638],[-107.75943,45.06694],[-107.76082,45.06432],[-107.70851,45.06603],[-107.70884,45.0711],[-107.71332,45.07305],[-107.7136,45.07499],[-107.71971,45.07499],[-107.72082,45.07722],[-107.72499,45.07833],[-107.72888,45.08222],[-107.72666,45.08333],[-107.72388,45.0886],[-107.72832,45.08888],[-107.72888,45.09166],[-107.72416,45.09749],[-107.72666,45.10027],[-107.72582,45.10333],[-107.72193,45.10277],[-107.71832,45.10444],[-107.71416,45.10333],[-107.7103,45.09388],[-107.7294,45.38921]],[[-108.10027,45.25027],[-108.10388,45.24027],[-108.1011,45.24083],[-108.1011,45.23722],[-108.10554,45.23333],[-108.10971,45.22638],[-108.11638,45.22583],[-108.11332,45.22916],[-108.11221,45.23472],[-108.10971,45.23472],[-108.10916,45.23805],[-108.11193,45.24027],[-108.10971,45.24194],[-108.10943,45.24666],[-108.1061,45.24972],[-108.10027,45.25027]]]},"properties":{"Cell":"K-13"}},
{"type":"Feature","geometry":{"type":"MultiPolygon","coordinates":[[[[-108.62169,45.03297],[-108.29943,45.04545],[-108.2986,45.04722],[-108.30749,45.05027],[-108.31027,45.05527],[-108.31388,45.05472],[-108.31554,45.06138],[-108.32249,45.0611],[-108.32082,45.06583],[-108.32416,45.06499],[-108.32416,45.07027],[-108.32749,45.06999],[-108.33138,45.07555],[-108.33249,45.07388],[-108.33027,45.06944],[-108.32693,45.06749],[-108.32777,45.06444],[-108.32999,45.06638],[-108.33304,45.06166],[-108.33721,45.06027],[-108.33832,45.05638],[-108.34499,45.0561],[-108.34582,45.05916],[-108.34943,45.05694],[-108.35138,45.06027],[-108.35777,45.06222],[-108.35665,45.0661],[-108.36082,45.06555],[-108.3686,45.07194],[-108.36777,45.07444],[-108.37138,45.07388],[-108.37888,45.07833],[-108.37804,45.07499],[-108.38138,45.07555],[-108.3811,45.07833],[-108.38499,45.07833],[-108.38138,45.08194],[-108.38277,45.08388],[-108.38777,45.0836],[-108.38721,45.08805],[-108.38916,45.0911],[-108.39277,45.0911],[-108.39304,45.09777],[-108.39304,45.09833],[-108.39638,45.10333],[-108.39193,45.10972],[-108.39804,45.10527],[-108.39582,45.10027],[-108.39721,45.09194],[-108.39138,45.08777],[-108.39332,45.08305],[-108.39943,45.08499],[-108.3986,45.07916],[-108.40304,45.07638],[-108.41443,45.07194],[-108.42277,45.06749],[-108.42638,45.06333],[-108.43082,45.05083],[-108.4361,45.05083],[-108.43582,45.05555],[-108.44415,45.0561],[-108.44416,45.05444],[-108.44999,45.05777],[-108.44971,45.05944],[-108.45971,45.06194],[-108.46082,45.06527],[-108.46777,45.0661],[-108.46804,45.06305],[-108.47027,45.06694],[-108.47832,45.06999],[-108.48249,45.07027],[-108.48249,45.06805],[-108.4861,45.06999],[-108.48666,45.06666],[-108.48971,45.06722],[-108.48916,45.07083],[-108.49277,45.06638],[-108.49527,45.0661],[-108.4936,45.06749],[-108.49471,45.07222],[-108.49749,45.07055],[-108.50054,45.07166],[-108.50554,45.06944],[-108.50388,45.07694],[-108.50554,45.08027],[-108.50915,45.0761],[-108.51332,45.08083],[-108.51277,45.07527],[-108.51665,45.07749],[-108.52138,45.07777],[-108.51971,45.07444],[-108.52249,45.0736],[-108.52721,45.07527],[-108.51999,45.08472],[-108.52165,45.09083],[-108.52471,45.08694],[-108.52888,45.08694],[-108.52915,45.0836],[-108.54527,45.08805],[-108.54638,45.08999],[-108.55249,45.08972],[-108.55249,45.09249],[-108.54777,45.09527],[-108.55193,45.09638],[-108.55443,45.09944],[-108.55721,45.09944],[-108.5586,45.09499],[-108.56138,45.09444],[-108.56165,45.09805],[-108.55832,45.10027],[-108.55999,45.10499],[-108.56138,45.1036],[-108.56721,45.10583],[-108.57582,45.11138],[-108.57777,45.11583],[-108.58249,45.11583],[-108.58027,45.11972],[-108.58471,45.11944],[-108.59082,45.12249],[-108.58971,45.12472],[-108.59443,45.12388],[-108.59582,45.12555],[-108.60249,45.12638],[-108.60721,45.12944],[-108.6011,45.1336],[-108.59638,45.13499],[-108.60027,45.13555],[-108.60749,45.13166],[-108.61388,45.13305],[-108.61777,45.13694],[-108.62416,45.1361],[-108.62665,45.14055],[-108.61082,45.14027],[-108.6186,45.14249],[-108.61832,45.14472],[-108.62249,45.14444],[-108.62277,45.14694],[-108.63092,45.14749],[-108.62169,45.03297]],[[-108.52999,45.0786],[-108.53332,45.07999],[-108.52916,45.08138],[-108.52999,45.0786]]],[[[-108.16523,45.05041],[-108.18873,45.37351],[-108.42499,45.36468],[-108.42443,45.36166],[-108.42054,45.36166],[-108.41082,45.35305],[-108.40943,45.34777],[-108.40721,45.34583],[-108.41082,45.3411],[-108.40638,45.34027],[-108.40415,45.33472],[-108.40277,45.32499],[-108.4036,45.32222],[-108.39943,45.31805],[-108.39582,45.31166],[-108.39304,45.31083],[-108.3886,45.31249],[-108.38471,45.30777],[-108.38054,45.30499],[-108.38165,45.31055],[-108.37888,45.31305],[-108.38138,45.31638],[-108.37693,45.31805],[-108.37693,45.31444],[-108.3736,45.31305],[-108.37582,45.30944],[-108.36888,45.30888],[-108.36777,45.31194],[-108.35971,45.31249],[-108.35638,45.30999],[-108.36332,45.30777],[-108.3661,45.30222],[-108.37221,45.30194],[-108.37138,45.29583],[-108.37804,45.29888],[-108.38027,45.29805],[-108.37693,45.29499],[-108.37832,45.29055],[-108.38304,45.29027],[-108.37916,45.28694],[-108.38027,45.28416],[-108.38443,45.28138],[-108.37916,45.28055],[-108.37971,45.27638],[-108.37777,45.2761],[-108.37693,45.27027],[-108.37415,45.27027],[-108.3736,45.27722],[-108.3686,45.28277],[-108.36499,45.28194],[-108.36443,45.2861],[-108.35832,45.28555],[-108.35804,45.28249],[-108.3536,45.28249],[-108.35082,45.28472],[-108.35221,45.27805],[-108.34943,45.2761],[-108.34804,45.28027],[-108.34388,45.28027],[-108.34693,45.28222],[-108.34332,45.28305],[-108.3436,45.28722],[-108.33638,45.28638],[-108.33804,45.28944],[-108.34388,45.29166],[-108.34416,45.29416],[-108.33749,45.29277],[-108.33054,45.28722],[-108.3261,45.28555],[-108.32721,45.28944],[-108.31832,45.28833],[-108.31832,45.29249],[-108.32027,45.29472],[-108.32221,45.29194],[-108.32915,45.29472],[-108.32582,45.29833],[-108.33277,45.29972],[-108.32804,45.30249],[-108.32082,45.30305],[-108.3186,45.30138],[-108.31443,45.30249],[-108.31832,45.30638],[-108.31471,45.30916],[-108.31943,45.30972],[-108.32443,45.30833],[-108.32249,45.31249],[-108.31638,45.3136],[-108.31915,45.32138],[-108.31499,45.32499],[-108.30832,45.32555],[-108.30638,45.32083],[-108.30388,45.32027],[-108.29749,45.32472],[-108.28999,45.32277],[-108.28582,45.32333],[-108.28138,45.31999],[-108.28165,45.31249],[-108.2836,45.31055],[-108.28193,45.30805],[-108.27804,45.30972],[-108.27388,45.30916],[-108.26971,45.31055],[-108.26916,45.3136],[-108.26582,45.31083],[-108.26027,45.31055],[-108.25693,45.31055],[-108.25082,45.30638],[-108.24304,45.30583],[-108.23554,45.30666],[-108.23416,45.30944],[-108.22943,45.31194],[-108.2236,45.31055],[-108.21527,45.31138],[-108.21415,45.30916],[-108.20443,45.30944],[-108.20027,45.3061],[-108.20832,45.30166],[-108.21971,45.3036],[-108.22749,45.30249],[-108.23165,45.29999],[-108.23804,45.2986],[-108.23804,45.29694],[-108.24332,45.29416],[-108.24832,45.29305],[-108.25138,45.29527],[-108.2636,45.29833],[-108.2686,45.2961],[-108.26888,45.2936],[-108.27277,45.2936],[-108.27693,45.29055],[-108.2836,45.29083],[-108.28888,45.28972],[-108.28943,45.29194],[-108.29832,45.29166],[-108.29999,45.28833],[-108.30416,45.2886],[-108.31027,45.29138],[-108.3086,45.28805],[-108.3111,45.28416],[-108.31582,45.28444],[-108.31832,45.28194],[-108.32332,45.2811],[-108.32332,45.27944],[-108.33304,45.27916],[-108.32943,45.27583],[-108.33388,45.27499],[-108.32888,45.27277],[-108.32832,45.26888],[-108.33527,45.26499],[-108.33138,45.26055],[-108.34527,45.26083],[-108.34582,45.26444],[-108.35332,45.26194],[-108.35721,45.26388],[-108.35693,45.25333],[-108.36304,45.25527],[-108.36804,45.25944],[-108.36943,45.25888],[-108.36777,45.25222],[-108.35943,45.23305],[-108.3661,45.22638],[-108.37415,45.22027],[-108.35638,45.22777],[-108.35221,45.2186],[-108.35832,45.21305],[-108.36165,45.21194],[-108.36582,45.20805],[-108.35332,45.2136],[-108.35138,45.2136],[-108.34749,45.20805],[-108.3386,45.2036],[-108.33499,45.20444],[-108.33443,45.20972],[-108.32971,45.20833],[-108.33027,45.20527],[-108.32499,45.20138],[-108.31999,45.20194],[-108.31777,45.20416],[-108.31054,45.20444],[-108.3061,45.20249],[-108.30804,45.1961],[-108.31166,45.19555],[-108.31415,45.19749],[-108.31527,45.19472],[-108.31943,45.19388],[-108.31888,45.19194],[-108.31277,45.19166],[-108.30638,45.18888],[-108.30082,45.19055],[-108.29388,45.19055],[-108.29027,45.18722],[-108.28999,45.18416],[-108.28332,45.17972],[-108.29082,45.17499],[-108.28638,45.17472],[-108.28554,45.17166],[-108.27527,45.17222],[-108.27499,45.16972],[-108.27138,45.16833],[-108.27749,45.16499],[-108.28277,45.16527],[-108.28388,45.15777],[-108.27804,45.15277],[-108.27943,45.1511],[-108.27943,45.14527],[-108.27777,45.14444],[-108.27332,45.13333],[-108.27443,45.12805],[-108.27693,45.12583],[-108.27999,45.11972],[-108.28054,45.11249],[-108.28471,45.1036],[-108.28471,45.10055],[-108.28749,45.09583],[-108.29304,45.09833],[-108.29277,45.0911],[-108.28888,45.08999],[-108.29082,45.08555],[-108.2886,45.08472],[-108.28777,45.07194],[-108.28582,45.06333],[-108.28277,45.05916],[-108.28138,45.05416],[-108.27693,45.04805],[-108.27777,45.04626],[-108.16523,45.05041]],[[-108.28332,45.17972],[-108.27749,45.18027],[-108.27804,45.17749],[-108.28332,45.17972]],[[-108.32332,45.31972],[-108.32665,45.32277],[-108.32388,45.32305],[-108.32332,45.31972]],[[-108.39277,45.33083],[-108.39415,45.33555],[-108.39221,45.34055],[-108.38666,45.33805],[-108.38749,45.33388],[-108.39277,45.33083]]],[[[-108.63161,45.1561],[-108.62832,45.15583],[-108.63184,45.15888],[-108.63161,45.1561]]],[[[-108.5636,45.21444],[-108.56332,45.21444],[-108.5711,45.2186],[-108.5736,45.2236],[-108.5711,45.22555],[-108.57332,45.22805],[-108.56999,45.23138],[-108.57971,45.22972],[-108.58221,45.22666],[-108.59443,45.22444],[-108.59666,45.22777],[-108.59415,45.23083],[-108.59999,45.23027],[-108.60054,45.2361],[-108.60693,45.2336],[-108.60554,45.23638],[-108.61554,45.23722],[-108.61527,45.2411],[-108.62054,45.24027],[-108.61721,45.24527],[-108.62832,45.24638],[-108.62471,45.24972],[-108.63638,45.24888],[-108.63721,45.25138],[-108.63138,45.25472],[-108.6261,45.25944],[-108.62971,45.26194],[-108.62221,45.26499],[-108.61527,45.26305],[-108.60721,45.26333],[-108.60138,45.25694],[-108.60221,45.26777],[-108.60499,45.26722],[-108.60999,45.27138],[-108.61665,45.2711],[-108.61916,45.27277],[-108.61082,45.27527],[-108.61138,45.27805],[-108.60804,45.28083],[-108.60499,45.28083],[-108.60249,45.28416],[-108.5986,45.28333],[-108.59582,45.28527],[-108.58943,45.28444],[-108.5861,45.28888],[-108.58221,45.2911],[-108.57415,45.29305],[-108.57693,45.29944],[-108.57166,45.30222],[-108.56888,45.30749],[-108.5536,45.30055],[-108.55249,45.30583],[-108.55499,45.30777],[-108.55416,45.31305],[-108.55832,45.31499],[-108.5536,45.31499],[-108.55138,45.31694],[-108.54999,45.31416],[-108.54638,45.31333],[-108.54693,45.3111],[-108.54332,45.30888],[-108.54249,45.3036],[-108.53721,45.30416],[-108.53804,45.2936],[-108.54138,45.29305],[-108.53804,45.29083],[-108.5361,45.28583],[-108.53082,45.28138],[-108.53332,45.2861],[-108.53332,45.28999],[-108.52971,45.29722],[-108.52666,45.29444],[-108.52027,45.29472],[-108.51804,45.29277],[-108.5111,45.29277],[-108.50915,45.2911],[-108.50777,45.28388],[-108.50415,45.28944],[-108.49915,45.28833],[-108.48832,45.27694],[-108.47693,45.27222],[-108.4861,45.27916],[-108.49471,45.29027],[-108.49527,45.29249],[-108.49999,45.2936],[-108.49777,45.29555],[-108.48721,45.29833],[-108.49415,45.30027],[-108.50721,45.29805],[-108.50721,45.3011],[-108.51249,45.29999],[-108.51554,45.30277],[-108.52027,45.30249],[-108.50832,45.31222],[-108.51499,45.31277],[-108.5161,45.3111],[-108.52554,45.30916],[-108.52304,45.31222],[-108.52749,45.31333],[-108.52665,45.3161],[-108.52943,45.31694],[-108.52665,45.31972],[-108.51804,45.32305],[-108.52527,45.32388],[-108.53277,45.32694],[-108.53304,45.32944],[-108.53915,45.32916],[-108.53943,45.33194],[-108.54721,45.33305],[-108.54915,45.33499],[-108.54165,45.33527],[-108.53749,45.33749],[-108.53749,45.33527],[-108.53138,45.33527],[-108.52777,45.33138],[-108.52693,45.33722],[-108.52443,45.33805],[-108.52971,45.34027],[-108.52832,45.34222],[-108.51888,45.34416],[-108.51554,45.33999],[-108.5136,45.34277],[-108.50943,45.34194],[-108.51027,45.34749],[-108.50721,45.34888],[-108.49777,45.34972],[-108.49443,45.34805],[-108.49249,45.34472],[-108.48888,45.34499],[-108.48332,45.34194],[-108.4736,45.33833],[-108.47138,45.33583],[-108.47221,45.33249],[-108.4686,45.33388],[-108.45999,45.32999],[-108.45554,45.32944],[-108.45721,45.33166],[-108.46332,45.3336],[-108.46804,45.33833],[-108.4786,45.34638],[-108.4811,45.34638],[-108.48582,45.35083],[-108.48165,45.35527],[-108.47443,45.35722],[-108.46665,45.36083],[-108.45471,45.36354],[-108.64778,45.35597],[-108.64693,45.34555],[-108.64693,45.34553],[-108.6468,45.34388],[-108.64415,45.34277],[-108.63999,45.34583],[-108.63943,45.34333],[-108.63554,45.34444],[-108.63554,45.33999],[-108.63054,45.34249],[-108.62804,45.34083],[-108.62471,45.34305],[-108.62027,45.34027],[-108.61499,45.3411],[-108.61665,45.33666],[-108.61027,45.33777],[-108.60888,45.33944],[-108.60388,45.33583],[-108.6086,45.33222],[-108.60388,45.33055],[-108.59332,45.33277],[-108.58443,45.33277],[-108.58554,45.32888],[-108.58304,45.32444],[-108.58971,45.32527],[-108.59527,45.32333],[-108.59193,45.31944],[-108.5936,45.31722],[-108.59277,45.3136],[-108.59888,45.31249],[-108.59777,45.30888],[-108.59943,45.30527],[-108.60249,45.30416],[-108.60416,45.29944],[-108.60832,45.30277],[-108.61304,45.29805],[-108.61665,45.29888],[-108.61915,45.29277],[-108.62082,45.29416],[-108.62165,45.30305],[-108.62527,45.29888],[-108.62916,45.30166],[-108.62888,45.29694],[-108.63332,45.2961],[-108.63027,45.29222],[-108.63138,45.28722],[-108.63027,45.28194],[-108.63554,45.28333],[-108.6361,45.27888],[-108.64138,45.27696],[-108.63509,45.19916],[-108.62638,45.20249],[-108.62471,45.20472],[-108.61888,45.20638],[-108.61749,45.20916],[-108.60777,45.21249],[-108.60777,45.21444],[-108.61332,45.21472],[-108.61027,45.21916],[-108.61582,45.21888],[-108.61638,45.22333],[-108.61165,45.22305],[-108.61332,45.22749],[-108.62221,45.22722],[-108.6261,45.22999],[-108.62554,45.23194],[-108.61832,45.23083],[-108.6161,45.22916],[-108.60804,45.22888],[-108.60693,45.22666],[-108.60277,45.22638],[-108.60249,45.22388],[-108.59749,45.22194],[-108.59777,45.22027],[-108.59277,45.21666],[-108.58749,45.2161],[-108.58721,45.22055],[-108.58415,45.22194],[-108.57888,45.22083],[-108.57582,45.21666],[-108.5636,45.21444]]],[[[-108.40554,45.11305],[-108.40027,45.10833],[-108.40138,45.1111],[-108.40554,45.11305]]]]},"properties":{"Cell":"J-13"}},
{"type":"Feature","geometry":{"type":"Polygon","coordinates":[[[-107.75054,45.71237],[-108.21249,45.69658],[-108.18873,45.37351],[-107.7294,45.38921],[-107.75054,45.71237]]]},"properties":{"Cell":"K-12"}},
{"type":"Feature","geometry":{"type":"Polygon","coordinates":[[[-108.21249,45.69658],[-108.67416,45.67894],[-108.64778,45.35597],[-108.45471,45.36354],[-108.44777,45.36583],[-108.4361,45.3661],[-108.43221,45.36499],[-108.42777,45.3661],[-108.42499,45.36468],[-108.18873,45.37351],[-108.21249,45.69658]]]},"properties":{"Cell":"J-12"}},
{"type":"Feature","geometry":{"type":"Polygon","coordinates":[[[-108.23652,46.01964],[-108.70085,46.0019],[-108.67416,45.67894],[-108.21249,45.69658],[-108.23652,46.01964]]]},"properties":{"Cell":"J-11"}},
{"type":"Feature","geometry":{"type":"Polygon","coordinates":[[[-107.77191,46.03552],[-108.23652,46.01964],[-108.21249,45.69658],[-107.75054,45.71237],[-107.77191,46.03552]]]},"properties":{"Cell":"K-11"}},
{"type":"Feature","geometry":{"type":"Polygon","coordinates":[[[-107.30705,46.04954],[-107.77191,46.03552],[-107.75054,45.71237],[-107.28834,45.72631],[-107.30705,46.04954]]]},"properties":{"Cell":"L-11"}},
{"type":"Feature","geometry":{"type":"Polygon","coordinates":[[[-106.84198,46.06169],[-107.30705,46.04954],[-107.28834,45.72631],[-106.82593,45.73839],[-106.84198,46.06169]]]},"properties":{"Cell":"M-11"}},
{"type":"Feature","geometry":{"type":"Polygon","coordinates":[[[-107.28834,45.72631],[-107.75054,45.71237],[-107.7294,45.38921],[-107.26984,45.40307],[-107.28834,45.72631]]]},"properties":{"Cell":"L-12"}},
{"type":"Feature","geometry":{"type":"Polygon","coordinates":[[[-106.82593,45.73839],[-107.28834,45.72631],[-107.26984,45.40307],[-106.81007,45.41508],[-106.82593,45.73839]]]},"properties":{"Cell":"M-12"}},
{"type":"Feature","geometry":{"type":"Polygon","coordinates":[[[-106.36334,45.74862],[-106.82593,45.73839],[-106.81007,45.41508],[-106.35012,45.42525],[-106.36334,45.74862]]]},"properties":{"Cell":"N-12"}},
{"type":"Feature","geometry":{"type":"Polygon","coordinates":[[[-106.37672,46.07197],[-106.84198,46.06169],[-106.82593,45.73839],[-106.36334,45.74862],[-106.37672,46.07197]]]},"properties":{"Cell":"N-11"}},
{"type":"Feature","geometry":{"type":"Polygon","coordinates":[[[-106.39025,46.39533],[-106.85821,46.38498],[-106.84198,46.06169],[-106.37672,46.07197],[-106.39025,46.39533]]]},"properties":{"Cell":"N-10"}},
{"type":"Feature","geometry":{"type":"Polygon","coordinates":[[[-106.85821,46.38498],[-107.32599,46.37276],[-107.30705,46.04954],[-106.84198,46.06169],[-106.85821,46.38498]]]},"properties":{"Cell":"M-10"}},
{"type":"Feature","geometry":{"type":"Polygon","coordinates":[[[-107.32599,46.37276],[-107.79354,46.35866],[-107.77191,46.03552],[-107.30705,46.04954],[-107.32599,46.37276]]]},"properties":{"Cell":"L-10"}},
{"type":"Feature","geometry":{"type":"Polygon","coordinates":[[[-107.79354,46.35866],[-108.26084,46.34269],[-108.23652,46.01964],[-107.77191,46.03552],[-107.79354,46.35866]]]},"properties":{"Cell":"K-10"}},
{"type":"Feature","geometry":{"type":"Polygon","coordinates":[[[-108.26084,46.34269],[-108.72785,46.32484],[-108.70085,46.0019],[-108.23652,46.01964],[-108.26084,46.34269]]]},"properties":{"Cell":"J-10"}},
{"type":"Feature","geometry":{"type":"Polygon","coordinates":[[[-108.28543,46.66575],[-108.75516,46.64779],[-108.72785,46.32484],[-108.26084,46.34269],[-108.28543,46.66575]]]},"properties":{"Cell":"J-9"}},
{"type":"Feature","geometry":{"type":"Polygon","coordinates":[[[-107.34514,46.696],[-107.81541,46.68181],[-107.79354,46.35866],[-107.32599,46.37276],[-107.34514,46.696]]]},"properties":{"Cell":"L-9"}},
{"type":"Feature","geometry":{"type":"Polygon","coordinates":[[[-107.81541,46.68181],[-108.28543,46.66575],[-108.26084,46.34269],[-107.79354,46.35866],[-107.81541,46.68181]]]},"properties":{"Cell":"K-9"}},
{"type":"Feature","geometry":{"type":"Polygon","coordinates":[[[-108.31032,46.98882],[-108.7828,46.97076],[-108.75516,46.64779],[-108.28543,46.66575],[-108.31032,46.98882]]]},"properties":{"Cell":"J-8"}},
{"type":"Feature","geometry":{"type":"Polygon","coordinates":[[[-107.83755,47.00498],[-108.31032,46.98882],[-108.28543,46.66575],[-107.81541,46.68181],[-107.83755,47.00498]]]},"properties":{"Cell":"K-8"}},
{"type":"Feature","geometry":{"type":"Polygon","coordinates":[[[-107.36451,47.01925],[-107.83755,47.00498],[-107.81541,46.68181],[-107.34514,46.696],[-107.36451,47.01925]]]},"properties":{"Cell":"L-8"}},
{"type":"Feature","geometry":{"type":"Polygon","coordinates":[[[-106.89125,47.03162],[-107.36451,47.01925],[-107.34514,46.696],[-106.87464,46.70829],[-106.89125,47.03162]]]},"properties":{"Cell":"M-8"}},
{"type":"Feature","geometry":{"type":"Polygon","coordinates":[[[-106.87464,46.70829],[-107.34514,46.696],[-107.32599,46.37276],[-106.85821,46.38498],[-106.87464,46.70829]]]},"properties":{"Cell":"M-9"}},
{"type":"Feature","geometry":{"type":"Polygon","coordinates":[[[-106.40394,46.71869],[-106.87464,46.70829],[-106.85821,46.38498],[-106.39025,46.39533],[-106.40394,46.71869]]]},"properties":{"Cell":"N-9"}},
{"type":"Feature","geometry":{"type":"Polygon","coordinates":[[[-106.41779,47.04208],[-106.89125,47.03162],[-106.87464,46.70829],[-106.40394,46.71869],[-106.41779,47.04208]]]},"properties":{"Cell":"N-8"}},
{"type":"Feature","geometry":{"type":"Polygon","coordinates":[[[-105.94417,47.05065],[-106.41779,47.04208],[-106.40394,46.71869],[-105.93309,46.72721],[-105.94417,47.05065]]]},"properties":{"Cell":"O-8"}},
{"type":"Feature","geometry":{"type":"Polygon","coordinates":[[[-105.47042,47.05731],[-105.94417,47.05065],[-105.93309,46.72721],[-105.4621,46.73383],[-105.47042,47.05731]]]},"properties":{"Cell":"P-8"}},
{"type":"Feature","geometry":{"type":"Polygon","coordinates":[[[-104.99657,47.06207],[-105.47042,47.05731],[-105.4621,46.73383],[-104.99102,46.73856],[-104.99657,47.06207]]]},"properties":{"Cell":"Q-8"}},
{"type":"Feature","geometry":{"type":"Polygon","coordinates":[[[-104.99102,46.73856],[-105.4621,46.73383],[-105.45388,46.41038],[-104.98554,46.41508],[-104.99102,46.73856]]]},"properties":{"Cell":"Q-9"}},
{"type":"Feature","geometry":{"type":"Polygon","coordinates":[[[-105.4621,46.73383],[-105.93309,46.72721],[-105.92213,46.40379],[-105.45388,46.41038],[-105.4621,46.73383]]]},"properties":{"Cell":"P-9"}},
{"type":"Feature","geometry":{"type":"Polygon","coordinates":[[[-105.93309,46.72721],[-106.40394,46.71869],[-106.39025,46.39533],[-105.92213,46.40379],[-105.93309,46.72721]]]},"properties":{"Cell":"O-9"}},
{"type":"Feature","geometry":{"type":"Polygon","coordinates":[[[-105.92213,46.40379],[-106.39025,46.39533],[-106.37672,46.07197],[-105.9113,46.08039],[-105.92213,46.40379]]]},"properties":{"Cell":"O-10"}},
{"type":"Feature","geometry":{"type":"Polygon","coordinates":[[[-105.45388,46.41038],[-105.92213,46.40379],[-105.9113,46.08039],[-105.44576,46.08693],[-105.45388,46.41038]]]},"properties":{"Cell":"P-10"}},
{"type":"Feature","geometry":{"type":"Polygon","coordinates":[[[-104.98554,46.41508],[-105.45388,46.41038],[-105.44576,46.08693],[-104.98013,46.09161],[-104.98554,46.41508]]]},"properties":{"Cell":"Q-10"}},
{"type":"Feature","geometry":{"type":"Polygon","coordinates":[[[-104.51714,46.4179],[-104.98554,46.41508],[-104.98013,46.09161],[-104.51443,46.09441],[-104.51714,46.4179]]]},"properties":{"Cell":"R-10"}},
{"type":"Feature","geometry":{"type":"Polygon","coordinates":[[[-104.0487,46.41884],[-104.51714,46.4179],[-104.51443,46.09441],[-104.0487,46.09535],[-104.0487,46.41884]]]},"properties":{"Cell":"S-10"}},
{"type":"Feature","geometry":{"type":"Polygon","coordinates":[[[-104.0487,46.74235],[-104.51988,46.7414],[-104.51714,46.4179],[-104.0487,46.41884],[-104.0487,46.74235]]]},"properties":{"Cell":"S-9"}},
{"type":"Feature","geometry":{"type":"Polygon","coordinates":[[[-104.51988,46.7414],[-104.99102,46.73856],[-104.98554,46.41508],[-104.51714,46.4179],[-104.51988,46.7414]]]},"properties":{"Cell":"R-9"}},
{"type":"Feature","geometry":{"type":"Polygon","coordinates":[[[-104.52265,47.06492],[-104.99657,47.06207],[-104.99102,46.73856],[-104.51988,46.7414],[-104.52265,47.06492]]]},"properties":{"Cell":"R-8"}},
{"type":"Feature","geometry":{"type":"Polygon","coordinates":[[[-104.0487,47.06588],[-104.52265,47.06492],[-104.51988,46.7414],[-104.0487,46.74235],[-104.0487,47.06588]]]},"properties":{"Cell":"S-8"}},
{"type":"Feature","geometry":{"type":"Polygon","coordinates":[[[-104.0487,47.38944],[-104.52546,47.38848],[-104.52265,47.06492],[-104.0487,47.06588],[-104.0487,47.38944]]]},"properties":{"Cell":"S-7"}},
{"type":"Feature","geometry":{"type":"Polygon","coordinates":[[[-104.52546,47.38848],[-105.00218,47.38561],[-104.99657,47.06207],[-104.52265,47.06492],[-104.52546,47.38848]]]},"properties":{"Cell":"R-7"}},
{"type":"Feature","geometry":{"type":"Polygon","coordinates":[[[-105.00218,47.38561],[-105.47883,47.38082],[-105.47042,47.05731],[-104.99657,47.06207],[-105.00218,47.38561]]]},"properties":{"Cell":"Q-7"}},
{"type":"Feature","geometry":{"type":"Polygon","coordinates":[[[-105.47883,47.38082],[-105.95539,47.37412],[-105.94417,47.05065],[-105.47042,47.05731],[-105.47883,47.38082]]]},"properties":{"Cell":"P-7"}},
{"type":"Feature","geometry":{"type":"Polygon","coordinates":[[[-105.95539,47.37412],[-106.43181,47.3655],[-106.41779,47.04208],[-105.94417,47.05065],[-105.95539,47.37412]]]},"properties":{"Cell":"O-7"}},
{"type":"Feature","geometry":{"type":"Polygon","coordinates":[[[-105.00786,47.7092],[-105.48735,47.70438],[-105.47883,47.38082],[-105.00218,47.38561],[-105.00786,47.7092]]]},"properties":{"Cell":"Q-6"}},
{"type":"Feature","geometry":{"type":"Polygon","coordinates":[[[-105.48735,47.70438],[-105.96674,47.69764],[-105.95539,47.37412],[-105.47883,47.38082],[-105.48735,47.70438]]]},"properties":{"Cell":"P-6"}},
{"type":"Feature","geometry":{"type":"Polygon","coordinates":[[[-105.96674,47.69764],[-106.44599,47.68897],[-106.43181,47.3655],[-105.95539,47.37412],[-105.96674,47.69764]]]},"properties":{"Cell":"O-6"}},
{"type":"Feature","geometry":{"type":"Polygon","coordinates":[[[-105.97822,48.02121],[-106.46035,48.01249],[-106.44599,47.68897],[-105.96674,47.69764],[-105.97822,48.02121]]]},"properties":{"Cell":"O-5"}},
{"type":"Feature","geometry":{"type":"Polygon","coordinates":[[[-105.49596,48.028],[-105.97822,48.02121],[-105.96674,47.69764],[-105.48735,47.70438],[-105.49596,48.028]]]},"properties":{"Cell":"P-5"}},
{"type":"Feature","geometry":{"type":"Polygon","coordinates":[[[-105.0136,48.03284],[-105.49596,48.028],[-105.48735,47.70438],[-105.00786,47.7092],[-105.0136,48.03284]]]},"properties":{"Cell":"Q-5"}},
{"type":"Feature","geometry":{"type":"Polygon","coordinates":[[[-104.53117,48.03575],[-105.0136,48.03284],[-105.00786,47.7092],[-104.52829,47.71209],[-104.53117,48.03575]]]},"properties":{"Cell":"R-5"}},
{"type":"Feature","geometry":{"type":"Polygon","coordinates":[[[-104.52829,47.71209],[-105.00786,47.7092],[-105.00218,47.38561],[-104.52546,47.38848],[-104.52829,47.71209]]]},"properties":{"Cell":"R-6"}},
{"type":"Feature","geometry":{"type":"Polygon","coordinates":[[[-104.0487,47.71305],[-104.52829,47.71209],[-104.52546,47.38848],[-104.0487,47.38944],[-104.0487,47.71305]]]},"properties":{"Cell":"S-6"}},
{"type":"Feature","geometry":{"type":"Polygon","coordinates":[[[-104.0487,48.03672],[-104.53117,48.03575],[-104.52829,47.71209],[-104.0487,47.71305],[-104.0487,48.03672]]]},"properties":{"Cell":"S-5"}},
{"type":"Feature","geometry":{"type":"Polygon","coordinates":[[[-104.0487,48.36046],[-104.53408,48.35949],[-104.53117,48.03575],[-104.0487,48.03672],[-104.0487,48.36046]]]},"properties":{"Cell":"S-4"}},
{"type":"Feature","geometry":{"type":"Polygon","coordinates":[[[-104.53408,48.35949],[-105.01942,48.35656],[-105.0136,48.03284],[-104.53117,48.03575],[-104.53408,48.35949]]]},"properties":{"Cell":"R-4"}},
{"type":"Feature","geometry":{"type":"Polygon","coordinates":[[[-104.0487,48.68429],[-104.53702,48.6833],[-104.53408,48.35949],[-104.0487,48.36046],[-104.0487,48.68429]]]},"properties":{"Cell":"S-3"}},
{"type":"Feature","geometry":{"type":"Polygon","coordinates":[[[-104.0487,48.68429],[-104.0487,48.99959],[-104.12422,48.99958],[-104.28145,48.99926],[-104.37558,48.9991],[-104.53992,48.99884],[-104.53702,48.6833],[-104.0487,48.68429]]]},"properties":{"Cell":"S-2"}},
{"type":"Feature","geometry":{"type":"Polygon","coordinates":[[[-104.53992,48.99884],[-104.64172,48.99868],[-104.70642,48.99864],[-104.79409,48.99872],[-104.93132,48.99887],[-105.03116,48.999],[-105.0253,48.68036],[-104.53702,48.6833],[-104.53992,48.99884]]]},"properties":{"Cell":"R-2"}},
{"type":"Feature","geometry":{"type":"Polygon","coordinates":[[[-104.53702,48.6833],[-105.0253,48.68036],[-105.01942,48.35656],[-104.53408,48.35949],[-104.53702,48.6833]]]},"properties":{"Cell":"R-3"}},
{"type":"Feature","geometry":{"type":"Polygon","coordinates":[[[-105.0253,48.68036],[-105.51351,48.67545],[-105.50468,48.35168],[-105.01942,48.35656],[-105.0253,48.68036]]]},"properties":{"Cell":"Q-3"}},
{"type":"Feature","geometry":{"type":"Polygon","coordinates":[[[-105.51351,48.67545],[-106.00161,48.66858],[-105.98985,48.34485],[-105.50468,48.35168],[-105.51351,48.67545]]]},"properties":{"Cell":"P-3"}},
{"type":"Feature","geometry":{"type":"Polygon","coordinates":[[[-105.03116,48.999],[-105.12928,48.99909],[-105.27752,48.9993],[-105.37392,48.99944],[-105.49811,48.99959],[-105.52244,48.99931],[-105.51351,48.67545],[-105.0253,48.68036],[-105.03116,48.999]]]},"properties":{"Cell":"Q-2"}},
{"type":"Feature","geometry":{"type":"Polygon","coordinates":[[[-105.52244,48.99931],[-106.01352,48.99239],[-106.00161,48.66858],[-105.51351,48.67545],[-105.52244,48.99931]]]},"properties":{"Cell":"P-2"}},
{"type":"Feature","geometry":{"type":"Polygon","coordinates":[[[-106.01352,48.99239],[-106.50445,48.9835],[-106.48957,48.65975],[-106.00161,48.66858],[-106.01352,48.99239]]]},"properties":{"Cell":"O-2"}},
{"type":"Feature","geometry":{"type":"Polygon","coordinates":[[[-106.00161,48.66858],[-106.48957,48.65975],[-106.47487,48.33608],[-105.98985,48.34485],[-106.00161,48.66858]]]},"properties":{"Cell":"O-3"}},
{"type":"Feature","geometry":{"type":"Polygon","coordinates":[[[-105.50468,48.35168],[-105.98985,48.34485],[-105.97822,48.02121],[-105.49596,48.028],[-105.50468,48.35168]]]},"properties":{"Cell":"P-4"}},
{"type":"Feature","geometry":{"type":"Polygon","coordinates":[[[-105.01942,48.35656],[-105.50468,48.35168],[-105.49596,48.028],[-105.0136,48.03284],[-105.01942,48.35656]]]},"properties":{"Cell":"Q-4"}},
{"type":"Feature","geometry":{"type":"Polygon","coordinates":[[[-105.98985,48.34485],[-106.47487,48.33608],[-106.46035,48.01249],[-105.97822,48.02121],[-105.98985,48.34485]]]},"properties":{"Cell":"O-4"}},
{"type":"Feature","geometry":{"type":"Polygon","coordinates":[[[-106.47487,48.33608],[-106.95972,48.32535],[-106.94229,48.00183],[-106.46035,48.01249],[-106.47487,48.33608]]]},"properties":{"Cell":"N-4"}},
{"type":"Feature","geometry":{"type":"Polygon","coordinates":[[[-106.95972,48.32535],[-107.44435,48.31268],[-107.42404,47.98923],[-106.94229,48.00183],[-106.95972,48.32535]]]},"properties":{"Cell":"M-4"}},
{"type":"Feature","geometry":{"type":"Polygon","coordinates":[[[-106.97735,48.64895],[-107.46492,48.6362],[-107.44435,48.31268],[-106.95972,48.32535],[-106.97735,48.64895]]]},"properties":{"Cell":"M-3"}},
{"type":"Feature","geometry":{"type":"Polygon","coordinates":[[[-106.48957,48.65975],[-106.97735,48.64895],[-106.95972,48.32535],[-106.47487,48.33608],[-106.48957,48.65975]]]},"properties":{"Cell":"N-3"}},
{"type":"Feature","geometry":{"type":"Polygon","coordinates":[[[-106.50445,48.9835],[-106.9952,48.97264],[-106.97735,48.64895],[-106.48957,48.65975],[-106.50445,48.9835]]]},"properties":{"Cell":"N-2"}},
{"type":"Feature","geometry":{"type":"Polygon","coordinates":[[[-106.9952,48.97264],[-107.48573,48.95981],[-107.46492,48.6362],[-106.97735,48.64895],[-106.9952,48.97264]]]},"properties":{"Cell":"M-2"}},
{"type":"Feature","geometry":{"type":"Polygon","coordinates":[[[-107.48573,48.95981],[-107.97601,48.945],[-107.95223,48.62149],[-107.46492,48.6362],[-107.48573,48.95981]]]},"properties":{"Cell":"L-2"}},
{"type":"Feature","geometry":{"type":"Polygon","coordinates":[[[-107.97601,48.945],[-108.46599,48.92823],[-108.43926,48.60482],[-107.95223,48.62149],[-107.97601,48.945]]]},"properties":{"Cell":"K-2"}},
{"type":"Feature","geometry":{"type":"Polygon","coordinates":[[[-108.46599,48.92823],[-108.95565,48.90948],[-108.92597,48.5862],[-108.43926,48.60482],[-108.46599,48.92823]]]},"properties":{"Cell":"J-2"}},
{"type":"Feature","geometry":{"type":"Polygon","coordinates":[[[-108.43926,48.60482],[-108.92597,48.5862],[-108.89665,48.26299],[-108.41285,48.2815],[-108.43926,48.60482]]]},"properties":{"Cell":"J-3"}},
{"type":"Feature","geometry":{"type":"Polygon","coordinates":[[[-107.95223,48.62149],[-108.43926,48.60482],[-108.41285,48.2815],[-107.92874,48.29806],[-107.95223,48.62149]]]},"properties":{"Cell":"K-3"}},
{"type":"Feature","geometry":{"type":"Polygon","coordinates":[[[-107.46492,48.6362],[-107.95223,48.62149],[-107.92874,48.29806],[-107.44435,48.31268],[-107.46492,48.6362]]]},"properties":{"Cell":"L-3"}},
{"type":"Feature","geometry":{"type":"Polygon","coordinates":[[[-107.44435,48.31268],[-107.92874,48.29806],[-107.90554,47.97471],[-107.42404,47.98923],[-107.44435,48.31268]]]},"properties":{"Cell":"L-4"}},
{"type":"Feature","geometry":{"type":"Polygon","coordinates":[[[-107.92874,48.29806],[-108.41285,48.2815],[-108.38676,47.95825],[-107.90554,47.97471],[-107.92874,48.29806]]]},"properties":{"Cell":"K-4"}},
{"type":"Feature","geometry":{"type":"Polygon","coordinates":[[[-108.41285,48.2815],[-108.89665,48.26299],[-108.86767,47.93985],[-108.38676,47.95825],[-108.41285,48.2815]]]},"properties":{"Cell":"J-4"}},
{"type":"Feature","geometry":{"type":"Polygon","coordinates":[[[-107.90554,47.97471],[-108.38676,47.95825],[-108.36098,47.63506],[-107.8826,47.65142],[-107.90554,47.97471]]]},"properties":{"Cell":"K-5"}},
{"type":"Feature","geometry":{"type":"Polygon","coordinates":[[[-108.38676,47.95825],[-108.86767,47.93985],[-108.83905,47.61678],[-108.36098,47.63506],[-108.38676,47.95825]],[[-108.55165,47.94138],[-108.54721,47.93972],[-108.55332,47.9386],[-108.55165,47.94138]],[[-108.52693,47.93944],[-108.52943,47.93749],[-108.52915,47.9411],[-108.52693,47.93944]],[[-108.59304,47.9361],[-108.58665,47.93472],[-108.58443,47.9311],[-108.5811,47.93166],[-108.58082,47.93499],[-108.57721,47.93416],[-108.57388,47.93777],[-108.56638,47.93638],[-108.56554,47.93333],[-108.57165,47.93444],[-108.57777,47.93055],[-108.57999,47.92749],[-108.58443,47.92888],[-108.58721,47.92527],[-108.58971,47.92722],[-108.58499,47.93083],[-108.59443,47.93249],[-108.59304,47.9361]]]},"properties":{"Cell":"J-5"}},
{"type":"Feature","geometry":{"type":"Polygon","coordinates":[[[-107.42404,47.98923],[-107.90554,47.97471],[-107.8826,47.65142],[-107.40396,47.66586],[-107.42404,47.98923]]]},"properties":{"Cell":"L-5"}},
{"type":"Feature","geometry":{"type":"Polygon","coordinates":[[[-106.94229,48.00183],[-107.42404,47.98923],[-107.40396,47.66586],[-106.92508,47.67837],[-106.94229,48.00183]]]},"properties":{"Cell":"M-5"}},
{"type":"Feature","geometry":{"type":"Polygon","coordinates":[[[-106.46035,48.01249],[-106.94229,48.00183],[-106.92508,47.67837],[-106.44599,47.68897],[-106.46035,48.01249]]]},"properties":{"Cell":"N-5"}},
{"type":"Feature","geometry":{"type":"Polygon","coordinates":[[[-106.44599,47.68897],[-106.92508,47.67837],[-106.90807,47.35497],[-106.43181,47.3655],[-106.44599,47.68897]]]},"properties":{"Cell":"N-6"}},
{"type":"Feature","geometry":{"type":"Polygon","coordinates":[[[-106.92508,47.67837],[-107.40396,47.66586],[-107.38412,47.34253],[-106.90807,47.35497],[-106.92508,47.67837]]]},"properties":{"Cell":"M-6"}},
{"type":"Feature","geometry":{"type":"Polygon","coordinates":[[[-106.43181,47.3655],[-106.90807,47.35497],[-106.89125,47.03162],[-106.41779,47.04208],[-106.43181,47.3655]]]},"properties":{"Cell":"N-7"}},
{"type":"Feature","geometry":{"type":"Polygon","coordinates":[[[-106.90807,47.35497],[-107.38412,47.34253],[-107.36451,47.01925],[-106.89125,47.03162],[-106.90807,47.35497]]]},"properties":{"Cell":"M-7"}},
{"type":"Feature","geometry":{"type":"Polygon","coordinates":[[[-107.85994,47.32818],[-108.3355,47.31192],[-108.31032,46.98882],[-107.83755,47.00498],[-107.85994,47.32818]]]},"properties":{"Cell":"K-7"}},
{"type":"Feature","geometry":{"type":"Polygon","coordinates":[[[-107.38412,47.34253],[-107.85994,47.32818],[-107.83755,47.00498],[-107.36451,47.01925],[-107.38412,47.34253]]]},"properties":{"Cell":"L-7"}},
{"type":"Feature","geometry":{"type":"Polygon","coordinates":[[[-107.40396,47.66586],[-107.8826,47.65142],[-107.85994,47.32818],[-107.38412,47.34253],[-107.40396,47.66586]]]},"properties":{"Cell":"L-6"}},
{"type":"Feature","geometry":{"type":"Polygon","coordinates":[[[-107.8826,47.65142],[-108.36098,47.63506],[-108.3355,47.31192],[-107.85994,47.32818],[-107.8826,47.65142]]]},"properties":{"Cell":"K-6"}},
{"type":"Feature","geometry":{"type":"Polygon","coordinates":[[[-108.36098,47.63506],[-108.83905,47.61678],[-108.81076,47.29375],[-108.3355,47.31192],[-108.36098,47.63506]]]},"properties":{"Cell":"J-6"}},
{"type":"Feature","geometry":{"type":"Polygon","coordinates":[[[-108.3355,47.31192],[-108.81076,47.29375],[-108.7828,46.97076],[-108.31032,46.98882],[-108.3355,47.31192]]]},"properties":{"Cell":"J-7"}},
{"type":"Feature","geometry":{"type":"Polygon","coordinates":[[[-108.81076,47.29375],[-109.28568,47.27368],[-109.27557,47.16777],[-109.27082,47.16666],[-109.2736,47.17222],[-109.26915,47.1736],[-109.26443,47.16999],[-109.26165,47.17527],[-109.25915,47.17472],[-109.26304,47.16916],[-109.26638,47.16888],[-109.26693,47.16638],[-109.27138,47.16333],[-109.27277,47.15972],[-109.2711,47.15777],[-109.2736,47.15249],[-109.27138,47.14694],[-109.26332,47.1511],[-109.26249,47.14833],[-109.25888,47.15083],[-109.25499,47.14916],[-109.24582,47.15222],[-109.2486,47.15694],[-109.24332,47.1561],[-109.24027,47.16777],[-109.23304,47.16916],[-109.2286,47.16722],[-109.2211,47.16638],[-109.21832,47.17249],[-109.2136,47.1711],[-109.20832,47.16722],[-109.20665,47.16277],[-109.21499,47.16277],[-109.2186,47.16527],[-109.22082,47.16444],[-109.2211,47.16055],[-109.22471,47.15944],[-109.22527,47.15527],[-109.23221,47.1586],[-109.23165,47.16138],[-109.23638,47.16027],[-109.23693,47.15638],[-109.24054,47.15444],[-109.24054,47.15194],[-109.23638,47.15222],[-109.23693,47.14944],[-109.23332,47.14972],[-109.23665,47.14527],[-109.24082,47.14416],[-109.23582,47.14277],[-109.23721,47.13249],[-109.24415,47.13277],[-109.24221,47.13555],[-109.24527,47.13666],[-109.24388,47.14055],[-109.24638,47.14444],[-109.24777,47.14305],[-109.2561,47.14638],[-109.2611,47.14527],[-109.25665,47.14277],[-109.2536,47.13638],[-109.25415,47.13027],[-109.2586,47.13055],[-109.25777,47.12416],[-109.25221,47.12166],[-109.25971,47.12138],[-109.26277,47.12499],[-109.26749,47.12666],[-109.26527,47.1311],[-109.26888,47.13333],[-109.26693,47.13472],[-109.27249,47.13543],[-109.27242,47.13472],[-109.27239,47.13444],[-109.25495,46.95081],[-108.7828,46.97076],[-108.81076,47.29375]],[[-109.07082,47.26055],[-109.06999,47.25805],[-109.07471,47.25888],[-109.07082,47.26055]],[[-109.07193,47.25527],[-109.06582,47.2536],[-109.06193,47.25083],[-109.06221,47.2486],[-109.05777,47.24833],[-109.06304,47.24472],[-109.0611,47.24305],[-109.0661,47.23916],[-109.06082,47.2336],[-109.06277,47.22972],[-109.06693,47.23138],[-109.06693,47.23444],[-109.07138,47.23194],[-109.0711,47.23666],[-109.07638,47.23805],[-109.07693,47.23416],[-109.08054,47.23444],[-109.07971,47.23722],[-109.08527,47.23694],[-109.08888,47.24055],[-109.08082,47.24027],[-109.07999,47.24305],[-109.07665,47.2436],[-109.06971,47.24222],[-109.06888,47.24722],[-109.07138,47.25027],[-109.07638,47.24999],[-109.07971,47.25222],[-109.07193,47.25527]],[[-109.17249,47.22055],[-109.16415,47.21749],[-109.1561,47.21194],[-109.1611,47.20916],[-109.1661,47.20999],[-109.16471,47.21222],[-109.1711,47.2136],[-109.17332,47.21083],[-109.17749,47.21555],[-109.17693,47.21833],[-109.17249,47.22055]],[[-109.14915,47.24083],[-109.14749,47.23638],[-109.13943,47.23583],[-109.14165,47.23222],[-109.13443,47.23166],[-109.13721,47.22666],[-109.1411,47.2236],[-109.14971,47.22249],[-109.15471,47.22777],[-109.15693,47.22444],[-109.15832,47.22722],[-109.16721,47.22499],[-109.16693,47.22916],[-109.15832,47.22999],[-109.16027,47.23472],[-109.1536,47.23305],[-109.15582,47.23749],[-109.15443,47.23972],[-109.14915,47.24083]],[[-109.1211,47.23944],[-109.11721,47.23777],[-109.11582,47.23138],[-109.11832,47.22944],[-109.12138,47.23166],[-109.11804,47.23555],[-109.12249,47.23749],[-109.1211,47.23944]],[[-109.25832,47.2211],[-109.25665,47.21972],[-109.25693,47.21499],[-109.26332,47.2111],[-109.2686,47.21055],[-109.27193,47.2136],[-109.27138,47.21694],[-109.26749,47.21999],[-109.26499,47.21888],[-109.25832,47.2211]],[[-109.25832,47.2211],[-109.26165,47.22527],[-109.26777,47.22555],[-109.26888,47.22833],[-109.26082,47.22833],[-109.25527,47.22722],[-109.24527,47.22916],[-109.24054,47.22722],[-109.23638,47.22944],[-109.23165,47.22805],[-109.22332,47.2286],[-109.22054,47.22694],[-109.22332,47.22249],[-109.21165,47.22305],[-109.2086,47.22805],[-109.20554,47.22777],[-109.20221,47.22388],[-109.19888,47.22749],[-109.19443,47.22888],[-109.19777,47.23388],[-109.20138,47.23638],[-109.20082,47.2386],[-109.19638,47.23805],[-109.19665,47.23999],[-109.18915,47.24055],[-109.18915,47.23527],[-109.18443,47.23249],[-109.1861,47.2286],[-109.17999,47.22916],[-109.17665,47.22194],[-109.18943,47.22166],[-109.19027,47.21777],[-109.19527,47.2161],[-109.20165,47.21722],[-109.20082,47.2136],[-109.19415,47.21027],[-109.18804,47.20972],[-109.1936,47.20888],[-109.18832,47.20527],[-109.1886,47.20166],[-109.1986,47.19694],[-109.20249,47.19749],[-109.20165,47.2036],[-109.2036,47.2061],[-109.20027,47.21083],[-109.2036,47.21416],[-109.20332,47.21749],[-109.20749,47.21194],[-109.21027,47.21166],[-109.21193,47.20833],[-109.20777,47.20694],[-109.21304,47.20416],[-109.20943,47.20277],[-109.20804,47.1961],[-109.21054,47.19416],[-109.2161,47.19444],[-109.21693,47.18833],[-109.22332,47.1861],[-109.22527,47.18916],[-109.2286,47.18833],[-109.23165,47.19194],[-109.22999,47.19305],[-109.22249,47.19222],[-109.21999,47.19444],[-109.22082,47.19749],[-109.22499,47.20166],[-109.22165,47.20694],[-109.21749,47.20888],[-109.22027,47.21138],[-109.23221,47.21249],[-109.23443,47.21472],[-109.23554,47.21972],[-109.2411,47.21749],[-109.24388,47.21888],[-109.24749,47.21666],[-109.2486,47.22083],[-109.24554,47.22333],[-109.25527,47.22249],[-109.25832,47.2211]],[[-109.19554,47.19083],[-109.18832,47.19027],[-109.1861,47.18777],[-109.18943,47.18527],[-109.1811,47.18333],[-109.18054,47.17999],[-109.18388,47.17805],[-109.18193,47.1761],[-109.18499,47.17499],[-109.18499,47.17222],[-109.19082,47.17138],[-109.19415,47.17305],[-109.19332,47.18083],[-109.19693,47.18333],[-109.19999,47.18027],[-109.20304,47.18277],[-109.20027,47.18527],[-109.20527,47.18666],[-109.20443,47.18888],[-109.19554,47.19083]],[[-109.24638,47.19777],[-109.24082,47.1936],[-109.25082,47.1961],[-109.24638,47.19777]],[[-109.24749,47.12083],[-109.24277,47.11944],[-109.2486,47.11805],[-109.24443,47.10749],[-109.24971,47.10583],[-109.25054,47.1086],[-109.2536,47.10722],[-109.25443,47.11472],[-109.25138,47.1211],[-109.24749,47.12083]],[[-109.23749,47.09388],[-109.2336,47.09416],[-109.23332,47.08916],[-109.23971,47.08972],[-109.23749,47.09388]]]},"properties":{"Cell":"I-7"}},
{"type":"Feature","geometry":{"type":"Polygon","coordinates":[[[-108.83905,47.61678],[-109.31678,47.59658],[-109.28568,47.27368],[-108.81076,47.29375],[-108.83905,47.61678]]]},"properties":{"Cell":"I-6"}},
{"type":"Feature","geometry":{"type":"Polygon","coordinates":[[[-109.31678,47.59658],[-109.79414,47.57447],[-109.76024,47.2517],[-109.28568,47.27368],[-109.31678,47.59658]]]},"properties":{"Cell":"H-6"}},
{"type":"Feature","geometry":{"type":"Polygon","coordinates":[[[-109.28568,47.27368],[-109.76024,47.2517],[-109.72674,46.92896],[-109.25495,46.95081],[-109.27239,47.13444],[-109.27304,47.13138],[-109.27777,47.13194],[-109.27832,47.13777],[-109.28138,47.13666],[-109.28165,47.14194],[-109.28554,47.14305],[-109.28554,47.13999],[-109.29388,47.14138],[-109.29277,47.13583],[-109.30138,47.13444],[-109.30027,47.13777],[-109.30693,47.13916],[-109.30665,47.14638],[-109.31193,47.14888],[-109.32138,47.14833],[-109.32193,47.14499],[-109.32638,47.14444],[-109.32999,47.14916],[-109.33332,47.14583],[-109.33332,47.14138],[-109.3286,47.13583],[-109.3311,47.13249],[-109.3286,47.13166],[-109.33221,47.12805],[-109.33999,47.12583],[-109.33943,47.1286],[-109.34638,47.12666],[-109.34943,47.12972],[-109.34665,47.13305],[-109.3386,47.13249],[-109.33554,47.13499],[-109.3361,47.14166],[-109.3386,47.14249],[-109.33693,47.1461],[-109.33971,47.15249],[-109.34388,47.15277],[-109.34332,47.14777],[-109.34943,47.1511],[-109.3511,47.14888],[-109.34804,47.14694],[-109.3511,47.14388],[-109.35221,47.14805],[-109.35527,47.14888],[-109.35999,47.14527],[-109.36165,47.13916],[-109.36443,47.13916],[-109.3636,47.14277],[-109.36582,47.14333],[-109.36527,47.14916],[-109.35971,47.15055],[-109.36165,47.15416],[-109.35582,47.15749],[-109.35277,47.15499],[-109.34971,47.15555],[-109.35054,47.15944],[-109.34638,47.15999],[-109.34471,47.15805],[-109.34054,47.16083],[-109.33027,47.1611],[-109.33165,47.15638],[-109.33527,47.15249],[-109.33082,47.15194],[-109.32638,47.15749],[-109.32249,47.15916],[-109.32054,47.15527],[-109.32165,47.15138],[-109.31554,47.15055],[-109.31249,47.15333],[-109.31193,47.14999],[-109.3061,47.15138],[-109.3011,47.14916],[-109.29693,47.14944],[-109.29665,47.14722],[-109.28888,47.14749],[-109.28721,47.14472],[-109.28221,47.14777],[-109.28249,47.14972],[-109.27415,47.1486],[-109.27415,47.15055],[-109.27915,47.15194],[-109.28027,47.15416],[-109.2761,47.15499],[-109.27721,47.15805],[-109.28054,47.15833],[-109.28027,47.16555],[-109.27557,47.16777],[-109.28568,47.27368]],[[-109.53832,47.19305],[-109.53554,47.19277],[-109.53665,47.1886],[-109.54027,47.18888],[-109.54221,47.19194],[-109.53832,47.19305]],[[-109.54221,47.18027],[-109.54138,47.1786],[-109.5361,47.18055],[-109.53193,47.17972],[-109.53221,47.17694],[-109.53582,47.17472],[-109.54138,47.17777],[-109.54554,47.1761],[-109.54582,47.1811],[-109.54221,47.18027]],[[-109.54249,47.16444],[-109.54165,47.16027],[-109.54499,47.16083],[-109.54499,47.16416],[-109.54249,47.16444]]]},"properties":{"Cell":"H-7"}},
{"type":"Feature","geometry":{"type":"Polygon","coordinates":[[[-109.76024,47.2517],[-110.2344,47.22782],[-110.20285,46.94722],[-110.20272,46.9461],[-110.20241,46.94333],[-110.20235,46.94277],[-110.20197,46.93944],[-110.20179,46.93777],[-110.19814,46.90523],[-109.72674,46.92896],[-109.76024,47.2517]]]},"properties":{"Cell":"G-7"}},
{"type":"Feature","geometry":{"type":"MultiPolygon","coordinates":[[[[-110.19814,46.90523],[-110.20179,46.93777],[-110.20554,46.93777],[-110.21332,46.93472],[-110.21943,46.93416],[-110.22027,46.93027],[-110.23082,46.93055],[-110.22165,46.92555],[-110.22443,46.92277],[-110.23165,46.92166],[-110.23249,46.91916],[-110.23832,46.91833],[-110.25304,46.92277],[-110.25582,46.91944],[-110.2636,46.92138],[-110.26582,46.91888],[-110.27027,46.92138],[-110.28138,46.92444],[-110.28332,46.92694],[-110.28749,46.9261],[-110.28777,46.9286],[-110.2911,46.9286],[-110.29638,46.93305],[-110.29693,46.92805],[-110.30221,46.92888],[-110.30388,46.92666],[-110.30971,46.92666],[-110.30554,46.92527],[-110.30638,46.91916],[-110.31054,46.91722],[-110.30832,46.90944],[-110.31221,46.90916],[-110.31193,46.91166],[-110.31804,46.91166],[-110.3211,46.91722],[-110.32582,46.90527],[-110.32971,46.90138],[-110.32471,46.90277],[-110.32388,46.89916],[-110.31971,46.89877],[-110.19814,46.90523]]],[[[-110.20197,46.93944],[-110.20235,46.94277],[-110.20971,46.93972],[-110.20197,46.93944]]],[[[-110.20285,46.94722],[-110.2344,47.22782],[-110.70814,47.20205],[-110.69986,47.13388],[-110.69304,47.13277],[-110.69582,47.12666],[-110.68165,47.12666],[-110.67832,47.12472],[-110.67277,47.12416],[-110.66777,47.12055],[-110.65971,47.11999],[-110.66165,47.12638],[-110.65749,47.12833],[-110.6561,47.13222],[-110.65304,47.13138],[-110.65165,47.13583],[-110.64665,47.1361],[-110.64443,47.1386],[-110.64554,47.13277],[-110.63943,47.13222],[-110.63749,47.13444],[-110.6311,47.13416],[-110.62804,47.13555],[-110.62971,47.12472],[-110.63221,47.12444],[-110.63943,47.12027],[-110.63999,47.11388],[-110.6361,47.11694],[-110.63638,47.11888],[-110.62165,47.12222],[-110.62054,47.12499],[-110.61721,47.12472],[-110.61777,47.12749],[-110.60832,47.13416],[-110.60638,47.13805],[-110.6036,47.13805],[-110.60277,47.14166],[-110.60027,47.14194],[-110.59388,47.14805],[-110.58193,47.15166],[-110.57304,47.15222],[-110.5686,47.15138],[-110.56499,47.14638],[-110.56499,47.1511],[-110.56082,47.15333],[-110.56749,47.15694],[-110.56138,47.15722],[-110.55249,47.15555],[-110.54999,47.15777],[-110.54249,47.15833],[-110.54165,47.15555],[-110.54582,47.15222],[-110.55721,47.15277],[-110.55749,47.15055],[-110.5511,47.14777],[-110.55221,47.14555],[-110.54721,47.14555],[-110.54138,47.14166],[-110.53527,47.13555],[-110.53332,47.13138],[-110.53888,47.1186],[-110.54249,47.11722],[-110.54915,47.10944],[-110.55499,47.10666],[-110.5561,47.10249],[-110.55999,47.10194],[-110.56193,47.09944],[-110.5536,47.09999],[-110.55165,47.10194],[-110.54082,47.10749],[-110.53554,47.11194],[-110.53082,47.11277],[-110.53832,47.10555],[-110.54054,47.10083],[-110.5436,47.09916],[-110.54415,47.09499],[-110.55193,47.09194],[-110.54999,47.09083],[-110.54304,47.09333],[-110.54054,47.09777],[-110.53527,47.10222],[-110.53165,47.09916],[-110.52527,47.09666],[-110.53249,47.10416],[-110.52638,47.11055],[-110.52082,47.10638],[-110.52277,47.11583],[-110.51665,47.11694],[-110.51527,47.11527],[-110.51054,47.11777],[-110.5061,47.11166],[-110.5061,47.11916],[-110.49804,47.11999],[-110.49054,47.11805],[-110.48693,47.11416],[-110.48304,47.11249],[-110.48027,47.11388],[-110.48082,47.11666],[-110.47471,47.12138],[-110.46777,47.12166],[-110.46082,47.11972],[-110.45832,47.11722],[-110.45749,47.11138],[-110.45888,47.1036],[-110.4636,47.09944],[-110.4686,47.1011],[-110.46332,47.09638],[-110.4686,47.0961],[-110.46249,47.09444],[-110.45943,47.08305],[-110.46249,47.08194],[-110.45749,47.07972],[-110.45499,47.07305],[-110.45054,47.07138],[-110.45277,47.06694],[-110.4461,47.06638],[-110.44721,47.06388],[-110.4536,47.06083],[-110.44582,47.05722],[-110.44749,47.05305],[-110.45138,47.05055],[-110.46138,47.0511],[-110.45693,47.04749],[-110.46249,47.04666],[-110.46249,47.04249],[-110.47054,47.04277],[-110.47415,47.04055],[-110.47304,47.03888],[-110.46943,47.0361],[-110.4786,47.03527],[-110.48249,47.03166],[-110.49054,47.02916],[-110.48804,47.02722],[-110.47721,47.03305],[-110.46471,47.03305],[-110.46054,47.03416],[-110.45749,47.03083],[-110.45443,47.03138],[-110.44971,47.02833],[-110.44443,47.02666],[-110.44027,47.02333],[-110.43443,47.02166],[-110.4311,47.02416],[-110.42193,47.02277],[-110.41082,47.02694],[-110.41277,47.02833],[-110.40915,47.03055],[-110.41415,47.03222],[-110.41638,47.03027],[-110.41971,47.03138],[-110.41527,47.03472],[-110.42138,47.03555],[-110.42165,47.03694],[-110.4086,47.04027],[-110.41415,47.04083],[-110.42138,47.04305],[-110.42721,47.04722],[-110.42943,47.05083],[-110.42193,47.05027],[-110.42721,47.05416],[-110.42527,47.05722],[-110.41777,47.05999],[-110.41165,47.06083],[-110.40277,47.05499],[-110.39721,47.05388],[-110.3986,47.05055],[-110.39277,47.04999],[-110.39777,47.04472],[-110.40082,47.04333],[-110.40749,47.04055],[-110.40443,47.03944],[-110.40554,47.03444],[-110.39888,47.03444],[-110.38971,47.03277],[-110.38693,47.03472],[-110.38138,47.03333],[-110.36943,47.04055],[-110.36888,47.04333],[-110.36499,47.04805],[-110.36221,47.05472],[-110.35693,47.06138],[-110.34915,47.05388],[-110.34693,47.05305],[-110.34943,47.05027],[-110.34665,47.04888],[-110.34527,47.04527],[-110.34804,47.0411],[-110.34138,47.04222],[-110.33082,47.0461],[-110.32804,47.0486],[-110.32554,47.04166],[-110.33332,47.03527],[-110.33804,47.03416],[-110.34221,47.03138],[-110.34165,47.02916],[-110.35304,47.0236],[-110.35777,47.02277],[-110.37277,47.02222],[-110.37304,47.02472],[-110.38193,47.02638],[-110.38665,47.02944],[-110.39277,47.03138],[-110.39304,47.02944],[-110.38888,47.02694],[-110.39249,47.02666],[-110.38554,47.02444],[-110.37527,47.01722],[-110.37804,47.01444],[-110.37388,47.01499],[-110.37415,47.01138],[-110.38304,47.00777],[-110.3886,47.00194],[-110.39138,46.99333],[-110.38804,46.98916],[-110.38832,46.99444],[-110.38499,47.00055],[-110.38027,47.00444],[-110.37221,47.00694],[-110.36277,47.00555],[-110.36388,47.00888],[-110.35915,47.01138],[-110.34554,47.0011],[-110.34582,46.99888],[-110.33915,47.00138],[-110.32721,47.00249],[-110.3236,46.99916],[-110.3186,47.0011],[-110.31554,46.9986],[-110.30804,46.99666],[-110.30193,46.99249],[-110.29999,46.98777],[-110.29638,46.98638],[-110.29499,46.98138],[-110.29082,46.97833],[-110.29415,46.96805],[-110.29832,46.9661],[-110.29388,46.96222],[-110.2986,46.96138],[-110.30332,46.96388],[-110.30193,46.96138],[-110.31582,46.9611],[-110.31249,46.9586],[-110.31332,46.95388],[-110.30888,46.95722],[-110.30415,46.95722],[-110.29999,46.95444],[-110.29527,46.9561],[-110.29554,46.95388],[-110.29054,46.95444],[-110.28638,46.94944],[-110.27971,46.95027],[-110.2786,46.95305],[-110.27499,46.95444],[-110.2636,46.95138],[-110.25138,46.95666],[-110.24582,46.95666],[-110.23721,46.96694],[-110.23249,46.96472],[-110.23193,46.95888],[-110.23499,46.95527],[-110.22832,46.95666],[-110.22749,46.95472],[-110.2186,46.95499],[-110.21749,46.95305],[-110.2211,46.9486],[-110.21693,46.94972],[-110.21471,46.94805],[-110.20749,46.95138],[-110.20285,46.94722]],[[-110.24777,46.96833],[-110.25277,46.9686],[-110.26082,46.97249],[-110.26443,46.97555],[-110.26193,46.9786],[-110.26277,46.98083],[-110.26888,46.9811],[-110.27082,46.98555],[-110.28443,46.98777],[-110.28221,46.99194],[-110.28693,46.99416],[-110.28999,46.99916],[-110.28915,47.0061],[-110.28193,47.00638],[-110.27832,47.00333],[-110.27221,47.00222],[-110.26999,46.99999],[-110.2611,46.9986],[-110.25999,46.99222],[-110.26277,46.99055],[-110.25777,46.99055],[-110.25332,46.98666],[-110.24971,46.98583],[-110.25249,46.98138],[-110.25054,46.97972],[-110.24888,46.97222],[-110.24582,46.97027],[-110.24777,46.96833]],[[-110.2811,46.97805],[-110.28693,46.9836],[-110.28638,46.98749],[-110.28277,46.98555],[-110.2811,46.97805]],[[-110.29777,47.01333],[-110.3061,47.01499],[-110.30888,47.01749],[-110.31443,47.0186],[-110.32804,47.01777],[-110.33554,47.0136],[-110.34443,47.01472],[-110.33915,47.01916],[-110.33193,47.02194],[-110.32193,47.02222],[-110.31943,47.02138],[-110.31888,47.02888],[-110.31249,47.03305],[-110.31332,47.02888],[-110.30638,47.02472],[-110.3036,47.02694],[-110.30054,47.02388],[-110.3036,47.02277],[-110.29777,47.01333]],[[-110.4211,47.07694],[-110.43054,47.08083],[-110.43665,47.08194],[-110.4361,47.0836],[-110.4411,47.08388],[-110.44554,47.08749],[-110.44499,47.08916],[-110.43638,47.09333],[-110.42554,47.09305],[-110.42665,47.08555],[-110.41721,47.0861],[-110.41499,47.08277],[-110.40499,47.08333],[-110.39693,47.08499],[-110.39415,47.08749],[-110.38777,47.08833],[-110.38554,47.0861],[-110.37888,47.08777],[-110.37332,47.08638],[-110.38277,47.08305],[-110.39221,47.08305],[-110.39888,47.08166],[-110.40527,47.08166],[-110.4111,47.07888],[-110.4211,47.07694]],[[-110.52443,47.13027],[-110.53138,47.13222],[-110.52665,47.13527],[-110.5236,47.13305],[-110.52443,47.13027]],[[-110.64221,47.13833],[-110.64193,47.14249],[-110.63749,47.14388],[-110.63999,47.13888],[-110.64221,47.13833]],[[-110.59693,47.14888],[-110.60971,47.14888],[-110.61332,47.15388],[-110.6061,47.15166],[-110.60499,47.15499],[-110.59027,47.15583],[-110.58971,47.15416],[-110.59693,47.14888]],[[-110.67193,47.18027],[-110.67277,47.18222],[-110.67888,47.18416],[-110.67915,47.18694],[-110.66971,47.1861],[-110.66193,47.18194],[-110.66054,47.1786],[-110.66304,47.17666],[-110.6561,47.17638],[-110.65693,47.17138],[-110.66415,47.16194],[-110.67721,47.15749],[-110.68082,47.15777],[-110.68054,47.16166],[-110.68471,47.16194],[-110.68665,47.15972],[-110.68971,47.16277],[-110.68582,47.16416],[-110.68749,47.16749],[-110.6961,47.16722],[-110.69415,47.17138],[-110.68804,47.17305],[-110.69749,47.17472],[-110.69499,47.17749],[-110.69777,47.17805],[-110.6936,47.18166],[-110.6936,47.18416],[-110.69027,47.18388],[-110.6886,47.18638],[-110.68221,47.18222],[-110.67304,47.18138],[-110.67193,47.18027]]],[[[-110.64638,47.05888],[-110.65249,47.05444],[-110.65777,47.05194],[-110.6711,47.05333],[-110.67777,47.0561],[-110.68221,47.05416],[-110.69024,47.05444],[-110.68943,47.04777],[-110.68277,47.04777],[-110.67638,47.05083],[-110.67138,47.04972],[-110.65721,47.04972],[-110.65471,47.0511],[-110.6486,47.05027],[-110.64415,47.0511],[-110.64915,47.05472],[-110.64638,47.05888]]]]},"properties":{"Cell":"F-7"}},
{"type":"Feature","geometry":{"type":"Polygon","coordinates":[[[-110.27109,47.55045],[-110.74761,47.52452],[-110.70814,47.20205],[-110.2344,47.22782],[-110.27109,47.55045]],[[-110.6136,47.5186],[-110.60721,47.51694],[-110.60415,47.51472],[-110.60832,47.51055],[-110.61304,47.51194],[-110.61693,47.51694],[-110.6136,47.5186]],[[-110.55221,47.50305],[-110.55193,47.50083],[-110.55582,47.49999],[-110.55221,47.50305]],[[-110.56804,47.49972],[-110.55999,47.4961],[-110.55554,47.49666],[-110.55221,47.49249],[-110.54915,47.49499],[-110.54221,47.49777],[-110.5386,47.49333],[-110.53915,47.48972],[-110.53499,47.49055],[-110.53665,47.48694],[-110.53415,47.48388],[-110.54027,47.48249],[-110.5386,47.47944],[-110.54165,47.47777],[-110.5486,47.47916],[-110.54749,47.4836],[-110.55082,47.49055],[-110.55888,47.49083],[-110.55888,47.48749],[-110.5636,47.48749],[-110.56943,47.49416],[-110.56915,47.49638],[-110.57277,47.49749],[-110.56804,47.49972]],[[-110.49721,47.49777],[-110.49443,47.49444],[-110.49971,47.49666],[-110.49721,47.49777]],[[-110.63054,47.47055],[-110.63054,47.4636],[-110.62693,47.46194],[-110.6286,47.45805],[-110.62138,47.4586],[-110.61693,47.45388],[-110.61138,47.45277],[-110.60721,47.45472],[-110.60638,47.45083],[-110.61054,47.44833],[-110.60777,47.44499],[-110.60138,47.44472],[-110.59554,47.44194],[-110.59777,47.43972],[-110.60499,47.4386],[-110.60471,47.43555],[-110.61388,47.43166],[-110.60665,47.43194],[-110.60638,47.43055],[-110.59999,47.43138],[-110.59999,47.42888],[-110.5936,47.42833],[-110.59471,47.42333],[-110.58999,47.42444],[-110.58749,47.42222],[-110.58638,47.41749],[-110.58249,47.41777],[-110.58138,47.41472],[-110.57832,47.41472],[-110.5811,47.41166],[-110.57749,47.41166],[-110.57415,47.40833],[-110.56943,47.40749],[-110.57027,47.41638],[-110.57304,47.41805],[-110.57165,47.42388],[-110.56804,47.41888],[-110.56332,47.4211],[-110.5611,47.4186],[-110.55915,47.42277],[-110.55388,47.42222],[-110.55804,47.42472],[-110.56388,47.42499],[-110.5586,47.43138],[-110.56249,47.43194],[-110.5661,47.42999],[-110.56971,47.43166],[-110.56304,47.43555],[-110.56749,47.43999],[-110.56415,47.4411],[-110.55777,47.43999],[-110.55693,47.4436],[-110.55193,47.44527],[-110.54499,47.44194],[-110.54332,47.44388],[-110.54443,47.44805],[-110.54165,47.44583],[-110.54054,47.43972],[-110.53777,47.44444],[-110.53054,47.44027],[-110.53277,47.44694],[-110.52527,47.4486],[-110.52777,47.4536],[-110.52527,47.45583],[-110.52749,47.46083],[-110.52221,47.45972],[-110.52082,47.46249],[-110.52304,47.46555],[-110.51832,47.46749],[-110.51165,47.46444],[-110.50388,47.46666],[-110.51054,47.47277],[-110.5111,47.47666],[-110.50554,47.47555],[-110.50165,47.47166],[-110.49721,47.4711],[-110.49277,47.47305],[-110.49054,47.46972],[-110.4861,47.46916],[-110.48277,47.47388],[-110.47777,47.47666],[-110.4811,47.47805],[-110.48304,47.48166],[-110.48665,47.48222],[-110.48693,47.48527],[-110.47999,47.48499],[-110.48138,47.48277],[-110.4761,47.47888],[-110.47332,47.4786],[-110.47332,47.48166],[-110.46471,47.48083],[-110.45777,47.48583],[-110.45638,47.48333],[-110.45165,47.48166],[-110.43332,47.48194],[-110.42832,47.47999],[-110.42638,47.47666],[-110.43554,47.47583],[-110.43804,47.47972],[-110.44221,47.47944],[-110.44749,47.47694],[-110.44915,47.47944],[-110.45304,47.48027],[-110.45915,47.47305],[-110.46277,47.4736],[-110.46304,47.47694],[-110.46832,47.47777],[-110.46915,47.47472],[-110.47638,47.47333],[-110.48082,47.46805],[-110.47971,47.46499],[-110.48693,47.46472],[-110.48943,47.46083],[-110.49388,47.45888],[-110.48971,47.45499],[-110.48082,47.44972],[-110.48193,47.44805],[-110.4861,47.45138],[-110.49082,47.45166],[-110.49277,47.44638],[-110.49943,47.44749],[-110.49943,47.44999],[-110.50388,47.44833],[-110.51027,47.44999],[-110.51027,47.4461],[-110.5136,47.44527],[-110.5061,47.44305],[-110.50777,47.44055],[-110.50304,47.44055],[-110.49443,47.43666],[-110.4911,47.43833],[-110.49082,47.43527],[-110.48249,47.43666],[-110.48388,47.43166],[-110.47888,47.43333],[-110.47415,47.43249],[-110.47249,47.4361],[-110.46665,47.43305],[-110.46415,47.43805],[-110.45777,47.43694],[-110.45665,47.43249],[-110.45138,47.42999],[-110.45304,47.42583],[-110.44915,47.42472],[-110.44582,47.41833],[-110.44915,47.41777],[-110.44832,47.41444],[-110.44443,47.41388],[-110.43665,47.40972],[-110.44249,47.40722],[-110.44304,47.40527],[-110.4486,47.40916],[-110.45554,47.41055],[-110.45943,47.41444],[-110.47082,47.41666],[-110.47332,47.41388],[-110.47777,47.41499],[-110.47943,47.41805],[-110.48415,47.41805],[-110.48527,47.42027],[-110.49027,47.41916],[-110.50165,47.42194],[-110.50582,47.42416],[-110.50443,47.42083],[-110.50832,47.41972],[-110.50832,47.41333],[-110.5111,47.41388],[-110.51165,47.40194],[-110.5111,47.39777],[-110.50888,47.39583],[-110.50943,47.39138],[-110.51277,47.39527],[-110.51527,47.39222],[-110.52582,47.39027],[-110.51971,47.39027],[-110.51638,47.38694],[-110.50943,47.38666],[-110.50888,47.38444],[-110.51471,47.38249],[-110.52165,47.38416],[-110.53471,47.38305],[-110.5386,47.38444],[-110.5386,47.38138],[-110.54582,47.38277],[-110.55082,47.38194],[-110.54999,47.38388],[-110.55388,47.38916],[-110.55971,47.38777],[-110.56554,47.3886],[-110.56471,47.3911],[-110.55888,47.3911],[-110.56582,47.39888],[-110.56165,47.40027],[-110.56721,47.40472],[-110.57304,47.40333],[-110.57388,47.40499],[-110.5811,47.40472],[-110.5811,47.40694],[-110.58638,47.40638],[-110.59332,47.40194],[-110.59277,47.39944],[-110.59638,47.39194],[-110.60165,47.39027],[-110.60638,47.38638],[-110.6086,47.38083],[-110.6111,47.3811],[-110.61332,47.37805],[-110.6111,47.3761],[-110.6136,47.37333],[-110.61638,47.3736],[-110.61582,47.37027],[-110.62054,47.37055],[-110.6211,47.36638],[-110.62415,47.36555],[-110.62665,47.3611],[-110.63193,47.36166],[-110.63832,47.35777],[-110.64721,47.35833],[-110.6586,47.36166],[-110.66415,47.36722],[-110.66804,47.36916],[-110.66804,47.37138],[-110.65971,47.37555],[-110.65415,47.37499],[-110.65415,47.37833],[-110.6511,47.38249],[-110.65582,47.38194],[-110.65027,47.3861],[-110.65027,47.38972],[-110.64471,47.38972],[-110.63527,47.38722],[-110.64193,47.39499],[-110.64193,47.40249],[-110.63777,47.40222],[-110.63749,47.40472],[-110.62249,47.41055],[-110.62138,47.41277],[-110.62971,47.41083],[-110.63443,47.41083],[-110.63471,47.41277],[-110.63943,47.41333],[-110.63415,47.41583],[-110.63304,47.4186],[-110.63832,47.41944],[-110.6386,47.42333],[-110.64138,47.42388],[-110.64221,47.42944],[-110.64054,47.43222],[-110.64804,47.43194],[-110.64749,47.42916],[-110.65665,47.4261],[-110.65527,47.42444],[-110.66304,47.42388],[-110.66165,47.41944],[-110.66721,47.4186],[-110.6661,47.41583],[-110.67082,47.41527],[-110.66915,47.41972],[-110.66971,47.42499],[-110.67665,47.42444],[-110.68027,47.42638],[-110.68193,47.42333],[-110.69638,47.42833],[-110.69471,47.42999],[-110.70277,47.43027],[-110.70388,47.43388],[-110.70749,47.43249],[-110.7136,47.43555],[-110.72138,47.4361],[-110.73221,47.44138],[-110.73249,47.44527],[-110.72304,47.4436],[-110.7211,47.44666],[-110.71721,47.44666],[-110.70665,47.44388],[-110.70499,47.44555],[-110.70193,47.44277],[-110.6936,47.44722],[-110.68471,47.44583],[-110.68193,47.45083],[-110.68193,47.45472],[-110.67888,47.45722],[-110.67582,47.45638],[-110.67971,47.45249],[-110.67832,47.44972],[-110.68249,47.44638],[-110.68027,47.44138],[-110.67138,47.44222],[-110.6686,47.4411],[-110.66527,47.44472],[-110.66721,47.44694],[-110.65943,47.44499],[-110.6486,47.45166],[-110.64915,47.44694],[-110.64221,47.45166],[-110.6436,47.45555],[-110.63832,47.46055],[-110.63388,47.46305],[-110.63638,47.46694],[-110.63054,47.47055]],[[-110.54221,47.47694],[-110.5361,47.47277],[-110.53193,47.47305],[-110.53832,47.46722],[-110.52888,47.4611],[-110.5311,47.45888],[-110.53943,47.4586],[-110.54082,47.46277],[-110.54471,47.45944],[-110.55027,47.45916],[-110.55193,47.46166],[-110.55665,47.46055],[-110.54888,47.46944],[-110.54221,47.4711],[-110.54054,47.47305],[-110.54499,47.47499],[-110.54221,47.47694]],[[-110.41721,47.48583],[-110.41082,47.48694],[-110.40999,47.48555],[-110.41804,47.48416],[-110.42249,47.48638],[-110.41721,47.48583]]]},"properties":{"Cell":"F-6"}},
{"type":"Feature","geometry":{"type":"Polygon","coordinates":[[[-110.74761,47.52452],[-111.22366,47.49668],[-111.18141,47.17438],[-111.00138,47.1851],[-111.00138,47.18722],[-110.99638,47.18944],[-110.9911,47.1886],[-110.9936,47.18556],[-110.86749,47.19292],[-110.86165,47.19999],[-110.85832,47.19833],[-110.85804,47.19346],[-110.70814,47.20205],[-110.74761,47.52452]],[[-110.87999,47.19694],[-110.8761,47.19555],[-110.87665,47.19277],[-110.87999,47.19277],[-110.88388,47.19583],[-110.87999,47.19694]],[[-110.76165,47.21055],[-110.75832,47.20305],[-110.76221,47.20333],[-110.76165,47.21055]]]},"properties":{"Cell":"E-6"}},
{"type":"Feature","geometry":{"type":"Polygon","coordinates":[[[-109.79414,47.57447],[-110.27109,47.55045],[-110.2344,47.22782],[-109.76024,47.2517],[-109.79414,47.57447]],[[-110.24388,47.47777],[-110.23888,47.4736],[-110.23693,47.47027],[-110.23165,47.4686],[-110.23082,47.46527],[-110.24165,47.46499],[-110.24471,47.47138],[-110.25082,47.4686],[-110.24721,47.47583],[-110.24388,47.47777]]]},"properties":{"Cell":"G-6"}},
{"type":"Feature","geometry":{"type":"Polygon","coordinates":[[[-109.82844,47.89729],[-110.30822,47.87312],[-110.27109,47.55045],[-109.79414,47.57447],[-109.82844,47.89729]]]},"properties":{"Cell":"G-5"}},
{"type":"Feature","geometry":{"type":"Polygon","coordinates":[[[-110.78756,47.84703],[-111.26642,47.81902],[-111.22366,47.49668],[-110.74761,47.52452],[-110.78756,47.84703]]]},"properties":{"Cell":"E-5"}},
{"type":"Feature","geometry":{"type":"Polygon","coordinates":[[[-110.30822,47.87312],[-110.78756,47.84703],[-110.74761,47.52452],[-110.27109,47.55045],[-110.30822,47.87312]]]},"properties":{"Cell":"F-5"}},
{"type":"Feature","geometry":{"type":"Polygon","coordinates":[[[-109.34825,47.91953],[-109.82844,47.89729],[-109.79414,47.57447],[-109.31678,47.59658],[-109.34825,47.91953]]]},"properties":{"Cell":"H-5"}},
{"type":"Feature","geometry":{"type":"Polygon","coordinates":[[[-108.86767,47.93985],[-109.34825,47.91953],[-109.31678,47.59658],[-108.83905,47.61678],[-108.86767,47.93985]]]},"properties":{"Cell":"I-5"}},
{"type":"Feature","geometry":{"type":"Polygon","coordinates":[[[-108.89665,48.26299],[-109.38009,48.24254],[-109.34825,47.91953],[-108.86767,47.93985],[-108.89665,48.26299]]]},"properties":{"Cell":"I-4"}},
{"type":"Feature","geometry":{"type":"Polygon","coordinates":[[[-109.45693,48.2391],[-109.86315,48.22016],[-109.82844,47.89729],[-109.34825,47.91953],[-109.38009,48.24254],[-109.42721,48.24043],[-109.42943,48.23722],[-109.43415,48.23972],[-109.44332,48.23833],[-109.44471,48.2361],[-109.45082,48.23472],[-109.46027,48.23666],[-109.45693,48.2391]],[[-109.84443,48.21138],[-109.83888,48.21055],[-109.83332,48.21194],[-109.83082,48.20944],[-109.83499,48.20833],[-109.83527,48.2061],[-109.83915,48.2061],[-109.84443,48.21138]],[[-109.8336,48.2036],[-109.83221,48.20138],[-109.8361,48.19944],[-109.83665,48.19666],[-109.84443,48.19527],[-109.84054,48.19916],[-109.83693,48.20027],[-109.8336,48.2036]],[[-109.59915,48.21666],[-109.59777,48.21138],[-109.59138,48.2111],[-109.59304,48.2086],[-109.59971,48.20833],[-109.60165,48.20444],[-109.59415,48.20277],[-109.5986,48.20194],[-109.61388,48.20222],[-109.61638,48.20555],[-109.61332,48.20916],[-109.61693,48.21138],[-109.6111,48.21249],[-109.61138,48.20694],[-109.60721,48.20666],[-109.60527,48.21027],[-109.60193,48.21055],[-109.59915,48.21666]],[[-109.55388,48.20888],[-109.54888,48.20499],[-109.54415,48.20555],[-109.5511,48.19833],[-109.55832,48.19694],[-109.55554,48.20472],[-109.55915,48.20833],[-109.55388,48.20888]],[[-109.61221,48.19472],[-109.60138,48.18777],[-109.60443,48.18638],[-109.60971,48.18777],[-109.61054,48.19083],[-109.61443,48.19055],[-109.61832,48.19305],[-109.61221,48.19472]],[[-109.72554,48.1936],[-109.71888,48.19277],[-109.71638,48.18944],[-109.71638,48.1861],[-109.71304,48.18583],[-109.70888,48.1886],[-109.71054,48.19305],[-109.70638,48.1911],[-109.70777,48.18833],[-109.70138,48.1861],[-109.70249,48.18166],[-109.69888,48.18166],[-109.69638,48.17916],[-109.69471,48.18416],[-109.6911,48.18388],[-109.69249,48.1911],[-109.67721,48.1886],[-109.66832,48.18916],[-109.67054,48.18638],[-109.67777,48.18583],[-109.67388,48.18249],[-109.66527,48.1811],[-109.66582,48.17916],[-109.67332,48.17944],[-109.67915,48.17749],[-109.67471,48.17444],[-109.67721,48.17194],[-109.68499,48.17388],[-109.68804,48.17138],[-109.68027,48.1686],[-109.69027,48.16638],[-109.68888,48.16277],[-109.67832,48.16444],[-109.67721,48.16138],[-109.68665,48.15638],[-109.68777,48.15416],[-109.68082,48.15583],[-109.67943,48.15277],[-109.68332,48.1486],[-109.68777,48.14888],[-109.68554,48.14666],[-109.68665,48.14388],[-109.69332,48.14083],[-109.69582,48.14333],[-109.69693,48.14027],[-109.70054,48.13999],[-109.69943,48.13749],[-109.7061,48.1361],[-109.70777,48.14027],[-109.71332,48.14138],[-109.72221,48.13999],[-109.7311,48.13999],[-109.73971,48.14166],[-109.74304,48.14055],[-109.74249,48.14472],[-109.72415,48.14444],[-109.71582,48.14527],[-109.7111,48.14472],[-109.7061,48.14694],[-109.70693,48.15138],[-109.70443,48.15277],[-109.70721,48.15499],[-109.71249,48.15138],[-109.7186,48.15138],[-109.72304,48.15277],[-109.7236,48.15694],[-109.73471,48.15833],[-109.73388,48.16277],[-109.72638,48.16527],[-109.71499,48.16194],[-109.71388,48.16333],[-109.71749,48.1686],[-109.71082,48.16749],[-109.71138,48.16333],[-109.70138,48.16555],[-109.69721,48.16555],[-109.70193,48.16972],[-109.70582,48.16999],[-109.69999,48.1736],[-109.71027,48.17472],[-109.70665,48.17999],[-109.7086,48.18277],[-109.71193,48.18083],[-109.71638,48.18138],[-109.72749,48.1861],[-109.73138,48.18388],[-109.73499,48.18527],[-109.73221,48.18777],[-109.7361,48.18888],[-109.73332,48.19249],[-109.72832,48.19194],[-109.72554,48.1936]],[[-109.6261,48.19166],[-109.62193,48.19138],[-109.62193,48.18805],[-109.62665,48.18666],[-109.63054,48.18916],[-109.6261,48.19166]],[[-109.65082,48.15666],[-109.64249,48.15638],[-109.63721,48.1511],[-109.63832,48.14499],[-109.64777,48.13972],[-109.64527,48.13805],[-109.65332,48.13749],[-109.65499,48.13583],[-109.65221,48.13305],[-109.65804,48.13277],[-109.65832,48.12944],[-109.66471,48.12805],[-109.67165,48.12083],[-109.6786,48.11972],[-109.68415,48.1211],[-109.68527,48.12638],[-109.67693,48.12638],[-109.67638,48.12999],[-109.6736,48.1311],[-109.67249,48.13472],[-109.66888,48.13555],[-109.6661,48.13388],[-109.66193,48.14055],[-109.66277,48.14416],[-109.66527,48.14499],[-109.66443,48.1486],[-109.65943,48.15249],[-109.65777,48.15583],[-109.65082,48.15666]],[[-109.6711,48.20583],[-109.67027,48.20055],[-109.67721,48.19833],[-109.67304,48.20583],[-109.6711,48.20583]]]},"properties":{"Cell":"H-4"}},
{"type":"Feature","geometry":{"type":"Polygon","coordinates":[[[-109.41232,48.56562],[-109.89828,48.5431],[-109.86315,48.22016],[-109.45693,48.2391],[-109.45138,48.23999],[-109.45249,48.24277],[-109.44582,48.24277],[-109.44582,48.24583],[-109.43999,48.2461],[-109.43054,48.24333],[-109.42721,48.24043],[-109.38009,48.24254],[-109.41232,48.56562]],[[-109.46693,48.25249],[-109.46527,48.24888],[-109.46915,48.24499],[-109.4761,48.24527],[-109.4761,48.24888],[-109.46915,48.24999],[-109.46693,48.25249]],[[-109.46054,48.24305],[-109.46082,48.24055],[-109.46443,48.24222],[-109.46054,48.24305]]]},"properties":{"Cell":"H-3"}},
{"type":"Feature","geometry":{"type":"Polygon","coordinates":[[[-108.92597,48.5862],[-109.41232,48.56562],[-109.38009,48.24254],[-108.89665,48.26299],[-108.92597,48.5862]]]},"properties":{"Cell":"I-3"}},
{"type":"Feature","geometry":{"type":"Polygon","coordinates":[[[-108.95565,48.90948],[-109.44494,48.88878],[-109.41232,48.56562],[-108.92597,48.5862],[-108.95565,48.90948]]]},"properties":{"Cell":"I-2"}},
{"type":"Feature","geometry":{"type":"Polygon","coordinates":[[[-109.44494,48.88878],[-109.93384,48.86611],[-109.89828,48.5431],[-109.41232,48.56562],[-109.44494,48.88878]]]},"properties":{"Cell":"H-2"}},
{"type":"Feature","geometry":{"type":"Polygon","coordinates":[[[-109.93384,48.86611],[-110.4223,48.84148],[-110.38381,48.51862],[-109.89828,48.5431],[-109.93384,48.86611]]]},"properties":{"Cell":"G-2"}},
{"type":"Feature","geometry":{"type":"Polygon","coordinates":[[[-109.93384,48.86611],[-109.94868,48.99966],[-110.10525,48.99949],[-110.28139,48.99925],[-110.44126,48.99902],[-110.4223,48.84148],[-109.93384,48.86611]]]},"properties":{"Cell":"G-1"}},
{"type":"Feature","geometry":{"type":"Polygon","coordinates":[[[-110.44126,48.99902],[-110.61666,48.99878],[-110.74316,48.99861],[-110.8877,48.99812],[-110.93403,48.99807],[-110.91029,48.8149],[-110.4223,48.84148],[-110.44126,48.99902]]]},"properties":{"Cell":"F-1"}},
{"type":"Feature","geometry":{"type":"Polygon","coordinates":[[[-110.4223,48.84148],[-110.91029,48.8149],[-110.86889,48.49221],[-110.38381,48.51862],[-110.4223,48.84148]]]},"properties":{"Cell":"F-2"}},
{"type":"Feature","geometry":{"type":"Polygon","coordinates":[[[-110.38381,48.51862],[-110.86889,48.49221],[-110.82798,48.16959],[-110.34579,48.19584],[-110.38381,48.51862]]]},"properties":{"Cell":"F-3"}},
{"type":"Feature","geometry":{"type":"Polygon","coordinates":[[[-109.89828,48.5431],[-110.38381,48.51862],[-110.34579,48.19584],[-109.86315,48.22016],[-109.89828,48.5431]]]},"properties":{"Cell":"G-3"}},
{"type":"Feature","geometry":{"type":"Polygon","coordinates":[[[-109.86315,48.22016],[-110.34579,48.19584],[-110.30822,47.87312],[-109.82844,47.89729],[-109.86315,48.22016]]]},"properties":{"Cell":"G-4"}},
{"type":"Feature","geometry":{"type":"Polygon","coordinates":[[[-110.34579,48.19584],[-110.82798,48.16959],[-110.78756,47.84703],[-110.30822,47.87312],[-110.34579,48.19584]]]},"properties":{"Cell":"F-4"}},
{"type":"Feature","geometry":{"type":"Polygon","coordinates":[[[-111.83751,48.43355],[-112.321,48.40132],[-112.27149,48.07926],[-111.79086,48.1113],[-111.83751,48.43355]]]},"properties":{"Cell":"C-3"}},
{"type":"Feature","geometry":{"type":"Polygon","coordinates":[[[-111.35346,48.46385],[-111.83751,48.43355],[-111.79086,48.1113],[-111.30968,48.14141],[-111.35346,48.46385]]]},"properties":{"Cell":"D-3"}},
{"type":"Feature","geometry":{"type":"Polygon","coordinates":[[[-110.86889,48.49221],[-111.35346,48.46385],[-111.30968,48.14141],[-110.82798,48.16959],[-110.86889,48.49221]]]},"properties":{"Cell":"E-3"}},
{"type":"Feature","geometry":{"type":"Polygon","coordinates":[[[-110.91029,48.8149],[-111.39778,48.78636],[-111.35346,48.46385],[-110.86889,48.49221],[-110.91029,48.8149]]]},"properties":{"Cell":"E-2"}},
{"type":"Feature","geometry":{"type":"Polygon","coordinates":[[[-110.93403,48.99807],[-111.08229,48.99766],[-111.21148,48.99735],[-111.3423,48.99709],[-111.42701,48.99693],[-111.39778,48.78636],[-110.91029,48.8149],[-110.93403,48.99807]],[[-111.36276,48.87527],[-111.35888,48.87333],[-111.36249,48.87277],[-111.36276,48.87527]],[[-111.13193,48.88777],[-111.12943,48.88694],[-111.13165,48.88083],[-111.12804,48.87999],[-111.12443,48.88277],[-111.12165,48.88194],[-111.12554,48.87944],[-111.12693,48.87527],[-111.12415,48.87472],[-111.12943,48.86944],[-111.12888,48.86555],[-111.1236,48.86972],[-111.11554,48.87027],[-111.11943,48.86833],[-111.12332,48.86166],[-111.12304,48.85972],[-111.12804,48.8586],[-111.12443,48.85749],[-111.12554,48.85444],[-111.11749,48.85749],[-111.10832,48.85333],[-111.11138,48.8511],[-111.10665,48.84722],[-111.11138,48.8411],[-111.12026,48.84138],[-111.11971,48.8386],[-111.12943,48.83777],[-111.13138,48.83972],[-111.13082,48.84555],[-111.13526,48.84805],[-111.13443,48.84499],[-111.13721,48.8436],[-111.13832,48.83805],[-111.14304,48.83833],[-111.14582,48.84194],[-111.1486,48.83749],[-111.15443,48.83722],[-111.16276,48.84416],[-111.16443,48.84833],[-111.15554,48.84916],[-111.15971,48.85194],[-111.16499,48.85277],[-111.16526,48.8561],[-111.15832,48.85722],[-111.16388,48.86166],[-111.16665,48.86166],[-111.16582,48.86499],[-111.17054,48.86777],[-111.16915,48.87222],[-111.16582,48.87222],[-111.15971,48.86916],[-111.15638,48.86499],[-111.15054,48.86277],[-111.1536,48.86777],[-111.14776,48.86694],[-111.15276,48.87194],[-111.14888,48.87722],[-111.1486,48.87999],[-111.14415,48.88305],[-111.14026,48.88166],[-111.13638,48.88333],[-111.13193,48.88777]],[[-111.09776,48.8786],[-111.09499,48.87555],[-111.0911,48.87444],[-111.09138,48.87166],[-111.09915,48.87249],[-111.09999,48.8711],[-111.10638,48.8711],[-111.11054,48.87305],[-111.10665,48.87694],[-111.09776,48.8786]],[[-111.06443,48.86999],[-111.05804,48.86805],[-111.06249,48.86638],[-111.06443,48.86999]],[[-111.37526,48.85333],[-111.36888,48.85277],[-111.36971,48.84527],[-111.3736,48.84333],[-111.38026,48.84527],[-111.38221,48.84833],[-111.3811,48.85166],[-111.37526,48.85333]]]},"properties":{"Cell":"E-1"}},
{"type":"Feature","geometry":{"type":"Polygon","coordinates":[[[-111.42701,48.99693],[-111.5723,48.99667],[-111.70957,48.99724],[-111.75735,48.99753],[-111.78713,48.99788],[-111.92062,48.99827],[-111.88473,48.75587],[-111.39778,48.78636],[-111.42701,48.99693]],[[-111.57388,48.96583],[-111.56943,48.96388],[-111.57054,48.95805],[-111.56082,48.95972],[-111.55165,48.9561],[-111.5436,48.95194],[-111.53526,48.95027],[-111.53888,48.94472],[-111.53443,48.93999],[-111.53026,48.94166],[-111.52526,48.93916],[-111.51943,48.93055],[-111.52054,48.92305],[-111.52721,48.92055],[-111.53693,48.92138],[-111.5411,48.92277],[-111.54471,48.9261],[-111.54332,48.92916],[-111.54832,48.93027],[-111.54665,48.93249],[-111.55026,48.93638],[-111.54332,48.94083],[-111.5486,48.9461],[-111.54888,48.95166],[-111.55582,48.94972],[-111.55804,48.95277],[-111.56443,48.95249],[-111.56832,48.95472],[-111.57638,48.95388],[-111.57915,48.95638],[-111.57721,48.9586],[-111.57832,48.96249],[-111.57388,48.96583]],[[-111.51499,48.96194],[-111.5111,48.96055],[-111.51443,48.95888],[-111.51499,48.96194]],[[-111.56749,48.94833],[-111.56471,48.9461],[-111.57026,48.94666],[-111.56749,48.94833]]]},"properties":{"Cell":"D-1"}},
{"type":"Feature","geometry":{"type":"Polygon","coordinates":[[[-111.92062,48.99827],[-112.00088,48.99892],[-112.00387,48.99857],[-112.11814,48.99878],[-112.14377,48.99892],[-112.19339,48.99884],[-112.19341,48.99848],[-112.32626,48.99871],[-112.41439,48.99864],[-112.3711,48.72343],[-111.88473,48.75587],[-111.92062,48.99827]]]},"properties":{"Cell":"C-1"}},
{"type":"Feature","geometry":{"type":"Polygon","coordinates":[[[-111.39778,48.78636],[-111.88473,48.75587],[-111.83751,48.43355],[-111.35346,48.46385],[-111.39778,48.78636]]]},"properties":{"Cell":"D-2"}},
{"type":"Feature","geometry":{"type":"Polygon","coordinates":[[[-111.88473,48.75587],[-112.3711,48.72343],[-112.321,48.40132],[-111.83751,48.43355],[-111.88473,48.75587]]]},"properties":{"Cell":"C-2"}},
{"type":"Feature","geometry":{"type":"Polygon","coordinates":[[[-112.3711,48.72343],[-112.85687,48.68905],[-112.80388,48.36715],[-112.321,48.40132],[-112.3711,48.72343]]]},"properties":{"Cell":"B-2"}},
{"type":"Feature","geometry":{"type":"Polygon","coordinates":[[[-112.41439,48.99864],[-112.44128,48.99857],[-112.49275,48.99876],[-112.55537,48.99872],[-112.75868,48.99858],[-112.87592,48.9985],[-112.90841,48.99858],[-112.85687,48.68905],[-112.3711,48.72343],[-112.41439,48.99864]]]},"properties":{"Cell":"B-1"}},
{"type":"Feature","geometry":{"type":"Polygon","coordinates":[[[-112.90841,48.99858],[-112.99986,48.99876],[-113.00092,48.99862],[-113.07768,48.99857],[-113.08032,48.99241],[-113.08494,48.9912],[-113.08676,48.98872],[-113.09059,48.98825],[-113.09329,48.98539],[-113.10391,48.98321],[-113.10711,48.9809],[-113.1047,48.97645],[-113.11987,48.96912],[-113.12216,48.96703],[-113.12757,48.96822],[-113.1364,48.96769],[-113.14985,48.96054],[-113.15079,48.95547],[-113.16418,48.95041],[-113.16393,48.9479],[-113.17048,48.94304],[-113.17775,48.93992],[-113.18432,48.93467],[-113.19283,48.93327],[-113.19808,48.92973],[-113.21198,48.92396],[-113.2269,48.92221],[-113.22857,48.92538],[-113.23152,48.92568],[-113.23848,48.93126],[-113.24144,48.92977],[-113.256,48.93056],[-113.2664,48.92875],[-113.26902,48.92689],[-113.27838,48.92682],[-113.28317,48.92575],[-113.28896,48.9282],[-113.30204,48.9311],[-113.31185,48.93178],[-113.31935,48.93086],[-113.32277,48.92907],[-113.33164,48.9277],[-113.33268,48.92588],[-113.34691,48.92047],[-113.34563,48.91718],[-113.34245,48.91786],[-113.33478,48.91398],[-113.32822,48.90717],[-113.3197,48.90415],[-113.31686,48.89807],[-113.3253,48.89292],[-113.31762,48.88644],[-113.30983,48.88395],[-113.30982,48.88046],[-113.30711,48.87819],[-113.29769,48.87739],[-113.29083,48.87208],[-113.29052,48.86434],[-113.29429,48.86007],[-113.29816,48.85805],[-113.30588,48.85681],[-113.31352,48.854],[-113.32971,48.84529],[-113.32526,48.84444],[-113.32554,48.84222],[-113.33388,48.83666],[-113.33554,48.8336],[-113.33193,48.83416],[-113.33026,48.82194],[-113.33138,48.81805],[-113.33582,48.81499],[-113.33582,48.81249],[-113.34276,48.8061],[-113.3411,48.80333],[-113.33638,48.8011],[-113.34221,48.79888],[-113.33665,48.7961],[-113.3311,48.7961],[-113.33026,48.79249],[-113.3361,48.78999],[-113.33582,48.7861],[-113.3286,48.78916],[-113.32276,48.78777],[-113.32749,48.78277],[-113.32971,48.77749],[-113.33832,48.77305],[-113.33888,48.76944],[-113.33526,48.77055],[-113.33249,48.7661],[-113.33721,48.76027],[-113.34249,48.75805],[-113.33388,48.75722],[-113.33276,48.75527],[-113.33721,48.7536],[-113.33943,48.75083],[-113.34888,48.74666],[-113.34943,48.74166],[-113.35415,48.73999],[-113.3511,48.73499],[-113.34499,48.73805],[-113.34304,48.73527],[-113.3436,48.73055],[-113.34638,48.7261],[-113.35332,48.71916],[-113.34749,48.71722],[-113.33776,48.7186],[-113.33443,48.71666],[-113.32526,48.71666],[-113.32332,48.71388],[-113.32832,48.71055],[-113.32138,48.71055],[-113.31721,48.71222],[-113.31026,48.71138],[-113.31415,48.70722],[-113.3111,48.70499],[-113.30582,48.70555],[-113.30471,48.70222],[-113.31165,48.70222],[-113.31332,48.69999],[-113.30749,48.6986],[-113.30749,48.69666],[-113.31554,48.69499],[-113.3261,48.69499],[-113.33026,48.69694],[-113.33971,48.69694],[-113.33221,48.69527],[-113.32415,48.69055],[-113.3236,48.68777],[-113.33776,48.68055],[-113.33332,48.67833],[-113.33638,48.67388],[-113.34535,48.67194],[-113.34415,48.66527],[-113.33804,48.66249],[-113.3386,48.65999],[-113.34287,48.65777],[-113.34199,48.65274],[-112.85687,48.68905],[-112.90841,48.99858]]]},"properties":{"Cell":"A-1"}},
{"type":"Feature","geometry":{"type":"Polygon","coordinates":[[[-112.85687,48.68905],[-113.34199,48.65274],[-113.34156,48.65027],[-113.33638,48.65194],[-113.34054,48.64833],[-113.33999,48.64333],[-113.32832,48.64166],[-113.32082,48.64277],[-113.32082,48.64472],[-113.3136,48.64666],[-113.30665,48.6411],[-113.30804,48.63583],[-113.30026,48.63805],[-113.29804,48.6361],[-113.29193,48.63555],[-113.28749,48.63333],[-113.27749,48.6361],[-113.26304,48.6361],[-113.26388,48.64194],[-113.2611,48.64499],[-113.25221,48.64805],[-113.25026,48.65138],[-113.24165,48.6536],[-113.23554,48.64888],[-113.23193,48.64916],[-113.23221,48.64527],[-113.2411,48.63944],[-113.23443,48.64083],[-113.24304,48.63444],[-113.23304,48.63694],[-113.23804,48.63277],[-113.23693,48.63138],[-113.24332,48.62749],[-113.24415,48.62472],[-113.24776,48.62305],[-113.25721,48.62444],[-113.26332,48.6236],[-113.25999,48.61999],[-113.26582,48.61583],[-113.26138,48.61305],[-113.2636,48.61055],[-113.26915,48.61027],[-113.27193,48.61249],[-113.27582,48.61222],[-113.27776,48.61444],[-113.28443,48.61583],[-113.2886,48.61833],[-113.29721,48.62083],[-113.30332,48.62805],[-113.31193,48.62777],[-113.31721,48.6261],[-113.33388,48.6236],[-113.33662,48.62194],[-113.33449,48.60972],[-113.31721,48.60999],[-113.31526,48.60749],[-113.3086,48.60666],[-113.28776,48.59805],[-113.28249,48.59388],[-113.28276,48.5886],[-113.29832,48.58638],[-113.30304,48.58722],[-113.31638,48.59333],[-113.31943,48.59305],[-113.32193,48.58944],[-113.33048,48.58666],[-113.32671,48.56499],[-113.3186,48.56666],[-113.31304,48.56333],[-113.32026,48.55805],[-113.32516,48.5561],[-113.32477,48.55388],[-113.31638,48.55499],[-113.30665,48.55833],[-113.3036,48.55333],[-113.31749,48.54805],[-113.3186,48.54499],[-113.31304,48.54333],[-113.31526,48.5386],[-113.31276,48.53555],[-113.30638,48.54333],[-113.3011,48.54416],[-113.29582,48.54166],[-113.29193,48.54583],[-113.28526,48.54222],[-113.28443,48.53749],[-113.28804,48.53499],[-113.28499,48.53472],[-113.27776,48.53083],[-113.26638,48.53166],[-113.25499,48.52444],[-113.24388,48.52416],[-113.24221,48.52166],[-113.23915,48.52222],[-113.23415,48.51749],[-113.23915,48.51527],[-113.22804,48.51472],[-113.22165,48.5136],[-113.21526,48.51055],[-113.20332,48.50972],[-113.20638,48.50833],[-113.20999,48.50333],[-113.21526,48.50222],[-113.22665,48.50555],[-113.23165,48.50555],[-113.22915,48.49944],[-113.23165,48.49916],[-113.22526,48.49277],[-113.2186,48.49166],[-113.21888,48.48972],[-113.22693,48.48888],[-113.23221,48.49083],[-113.24499,48.4936],[-113.25054,48.4986],[-113.25249,48.50194],[-113.25915,48.5061],[-113.27082,48.51166],[-113.27526,48.51249],[-113.28582,48.51777],[-113.29193,48.51805],[-113.30026,48.52027],[-113.31888,48.51999],[-113.31483,48.49666],[-113.30526,48.49694],[-113.29443,48.49416],[-113.2861,48.48777],[-113.28638,48.48305],[-113.27721,48.47694],[-113.27554,48.47138],[-113.27276,48.4686],[-113.26915,48.45999],[-113.2736,48.46138],[-113.2761,48.45444],[-113.28249,48.45194],[-113.28832,48.45194],[-113.29749,48.44972],[-113.30567,48.44388],[-113.29276,48.44499],[-113.28554,48.44749],[-113.27776,48.44722],[-113.27888,48.43972],[-113.27638,48.43388],[-113.27749,48.42722],[-113.26804,48.42138],[-113.27138,48.41805],[-113.27388,48.42138],[-113.27582,48.41944],[-113.28249,48.4211],[-113.29526,48.41694],[-113.30037,48.41333],[-113.28653,48.33333],[-113.27888,48.33888],[-113.2686,48.33916],[-113.26471,48.34194],[-113.25776,48.3436],[-113.25999,48.3361],[-113.25138,48.33972],[-113.24832,48.33944],[-113.24665,48.3361],[-113.24443,48.3411],[-113.23526,48.33833],[-113.22943,48.34055],[-113.21943,48.34138],[-113.21804,48.34527],[-113.21138,48.34083],[-113.2061,48.34277],[-113.20082,48.34027],[-113.19665,48.34166],[-113.19388,48.33999],[-113.1911,48.34222],[-113.18304,48.34277],[-113.18304,48.34972],[-113.17388,48.35138],[-113.16582,48.34972],[-113.17138,48.35277],[-113.17804,48.3586],[-113.17443,48.36083],[-113.17499,48.36333],[-113.16749,48.36499],[-113.16276,48.36222],[-113.14999,48.36333],[-113.14721,48.36055],[-113.14276,48.36027],[-113.14165,48.35666],[-113.13832,48.35583],[-113.13999,48.35166],[-113.14388,48.35222],[-113.14332,48.3486],[-113.15026,48.34305],[-113.13804,48.34555],[-113.13388,48.34749],[-113.12526,48.3461],[-113.1261,48.34888],[-113.12165,48.34944],[-113.11749,48.34555],[-113.11332,48.34583],[-113.11388,48.34805],[-113.10249,48.34888],[-113.09776,48.34777],[-113.09832,48.35166],[-113.09249,48.35333],[-113.09249,48.35166],[-113.08721,48.35055],[-113.08304,48.35138],[-113.07999,48.34944],[-113.08193,48.34655],[-112.80388,48.36715],[-112.85687,48.68905]],[[-113.25082,48.59416],[-113.24832,48.59416],[-113.25165,48.59055],[-113.25915,48.59083],[-113.26026,48.59249],[-113.25082,48.59416]],[[-113.32026,48.5711],[-113.31638,48.56749],[-113.31971,48.56777],[-113.32026,48.5711]],[[-113.29915,48.56138],[-113.2961,48.56138],[-113.29721,48.55833],[-113.28999,48.55472],[-113.2936,48.54999],[-113.29804,48.55166],[-113.30082,48.55527],[-113.29915,48.56138]],[[-113.27165,48.43333],[-113.2686,48.43138],[-113.27499,48.4311],[-113.27165,48.43333]],[[-113.20888,48.4011],[-113.20665,48.39694],[-113.21332,48.39722],[-113.21082,48.40166],[-113.20888,48.4011]],[[-113.24526,48.38805],[-113.23915,48.38944],[-113.2336,48.38805],[-113.23165,48.38972],[-113.22138,48.39055],[-113.22249,48.38388],[-113.22971,48.38583],[-113.23221,48.37999],[-113.2361,48.3836],[-113.24138,48.38444],[-113.24249,48.38249],[-113.2486,48.38527],[-113.24915,48.3886],[-113.24526,48.38805]],[[-113.15304,48.38499],[-113.1461,48.38333],[-113.14276,48.37999],[-113.13749,48.38138],[-113.13582,48.37944],[-113.13026,48.38027],[-113.13054,48.37666],[-113.13415,48.37472],[-113.12915,48.3711],[-113.12443,48.37194],[-113.1236,48.36888],[-113.13276,48.36999],[-113.13999,48.37444],[-113.1486,48.37472],[-113.15249,48.37694],[-113.15526,48.37555],[-113.15804,48.37777],[-113.15249,48.3811],[-113.15304,48.38499]],[[-113.18415,48.36499],[-113.18082,48.36166],[-113.18582,48.36333],[-113.18415,48.36499]]]},"properties":{"Cell":"A-2"}},
{"type":"Feature","geometry":{"type":"Polygon","coordinates":[[[-112.321,48.40132],[-112.80388,48.36715],[-112.76026,48.09916],[-112.75332,48.09694],[-112.75249,48.0936],[-112.7486,48.09166],[-112.75249,48.08666],[-112.74971,48.08277],[-112.75638,48.08138],[-112.75706,48.07944],[-112.75539,48.06916],[-112.74554,48.06694],[-112.74332,48.06305],[-112.74554,48.06055],[-112.73804,48.06222],[-112.73499,48.06444],[-112.73415,48.0611],[-112.72249,48.06166],[-112.7186,48.05638],[-112.73138,48.04972],[-112.73221,48.04671],[-112.72026,48.04757],[-112.71332,48.0511],[-112.70749,48.0485],[-112.27149,48.07926],[-112.321,48.40132]],[[-112.74443,48.07555],[-112.74054,48.07472],[-112.74332,48.07083],[-112.73915,48.06944],[-112.73999,48.06666],[-112.74332,48.06638],[-112.74582,48.06888],[-112.74693,48.07527],[-112.74443,48.07555]]]},"properties":{"Cell":"B-3"}},
{"type":"Feature","geometry":{"type":"Polygon","coordinates":[[[-112.66276,47.72619],[-112.66665,47.72591],[-112.6711,47.72249],[-112.66582,47.71999],[-112.66554,47.71666],[-112.6686,47.71555],[-112.66943,47.71083],[-112.66443,47.70722],[-112.66832,47.70277],[-112.6686,47.69777],[-112.66304,47.69083],[-112.66471,47.67999],[-112.6711,47.6786],[-112.67693,47.67916],[-112.68138,47.67749],[-112.67665,47.67444],[-112.67332,47.67499],[-112.66638,47.67222],[-112.66471,47.66555],[-112.67082,47.66527],[-112.67193,47.66055],[-112.66582,47.65777],[-112.66554,47.65444],[-112.67443,47.65416],[-112.6736,47.64972],[-112.67749,47.65166],[-112.6811,47.65083],[-112.68688,47.64249],[-112.67769,47.58472],[-112.66971,47.58055],[-112.66638,47.58055],[-112.66165,47.57388],[-112.65776,47.57249],[-112.65693,47.56999],[-112.64943,47.56833],[-112.64471,47.56583],[-112.64499,47.5586],[-112.63999,47.5586],[-112.64304,47.55444],[-112.64804,47.55388],[-112.65026,47.54749],[-112.65471,47.54583],[-112.65138,47.54388],[-112.65332,47.53972],[-112.64721,47.54027],[-112.64443,47.5386],[-112.64138,47.5336],[-112.64193,47.52944],[-112.64471,47.52583],[-112.64332,47.51749],[-112.64415,47.51444],[-112.64721,47.51527],[-112.6536,47.51249],[-112.66026,47.51222],[-112.66082,47.51055],[-112.65276,47.50666],[-112.64776,47.50305],[-112.64804,47.49527],[-112.65415,47.4986],[-112.6636,47.49833],[-112.66353,47.49555],[-112.65832,47.49388],[-112.66165,47.49166],[-112.65749,47.48583],[-112.66194,47.48555],[-112.64867,47.40176],[-112.61249,47.40437],[-112.6086,47.40465],[-112.17422,47.4353],[-112.22257,47.75726],[-112.65693,47.72662],[-112.66276,47.72619]],[[-112.65582,47.71972],[-112.65888,47.71499],[-112.66193,47.71888],[-112.65582,47.71972]],[[-112.63471,47.54222],[-112.63693,47.53916],[-112.6386,47.54305],[-112.63471,47.54222]],[[-112.61138,47.41249],[-112.61026,47.40999],[-112.61749,47.40805],[-112.61665,47.41083],[-112.61138,47.41249]]]},"properties":{"Cell":"B-5"}},
{"type":"Feature","geometry":{"type":"MultiPolygon","coordinates":[[[[-112.72026,48.04757],[-112.73221,48.04671],[-112.73638,48.04444],[-112.73776,48.04055],[-112.73304,48.04333],[-112.72415,48.04472],[-112.72026,48.04757]]],[[[-112.27149,48.07926],[-112.70749,48.0485],[-112.70971,48.0461],[-112.71832,48.04305],[-112.71415,48.03583],[-112.71276,48.03138],[-112.70693,48.02833],[-112.70888,48.02555],[-112.69915,48.02527],[-112.70082,48.01999],[-112.69943,48.01694],[-112.70249,48.01388],[-112.71193,48.0086],[-112.70638,48.00722],[-112.69582,48.00888],[-112.69388,48.0061],[-112.68721,48.00305],[-112.68443,48.00333],[-112.68165,47.99472],[-112.68776,47.99472],[-112.69332,47.99305],[-112.70276,47.99249],[-112.70499,47.99138],[-112.69943,47.9886],[-112.68693,47.98833],[-112.67943,47.9861],[-112.66999,47.97722],[-112.67332,47.97138],[-112.66999,47.96833],[-112.6711,47.96305],[-112.66693,47.96138],[-112.65721,47.95166],[-112.66693,47.95166],[-112.66999,47.95305],[-112.66832,47.95138],[-112.66971,47.94444],[-112.6611,47.94222],[-112.66165,47.93944],[-112.6686,47.9411],[-112.66332,47.91944],[-112.66082,47.91444],[-112.65332,47.9186],[-112.64915,47.91777],[-112.65026,47.91388],[-112.64804,47.90777],[-112.64332,47.9036],[-112.64332,47.89999],[-112.64832,47.90027],[-112.64804,47.89694],[-112.65054,47.90138],[-112.65499,47.90055],[-112.65749,47.90222],[-112.65971,47.88944],[-112.66332,47.88999],[-112.66332,47.88694],[-112.66665,47.88777],[-112.67138,47.89555],[-112.67693,47.90083],[-112.67943,47.88999],[-112.68388,47.88638],[-112.69221,47.8836],[-112.69832,47.88638],[-112.70221,47.8936],[-112.70915,47.88777],[-112.71388,47.88916],[-112.71749,47.88694],[-112.72165,47.89333],[-112.72221,47.89916],[-112.72415,47.90166],[-112.72443,47.9086],[-112.72638,47.90888],[-112.73048,47.91472],[-112.72526,47.88305],[-112.71888,47.88055],[-112.71526,47.88249],[-112.7011,47.87722],[-112.69304,47.87999],[-112.68554,47.87694],[-112.68693,47.87416],[-112.69276,47.87555],[-112.69999,47.87499],[-112.70304,47.87194],[-112.70999,47.86916],[-112.71749,47.87055],[-112.72329,47.86999],[-112.72193,47.86694],[-112.70582,47.86638],[-112.68915,47.86833],[-112.68582,47.86305],[-112.68554,47.86972],[-112.68221,47.86833],[-112.67582,47.86916],[-112.67665,47.86305],[-112.67249,47.86416],[-112.66693,47.86222],[-112.66193,47.86305],[-112.66221,47.86499],[-112.65749,47.86694],[-112.64888,47.86222],[-112.6486,47.85472],[-112.65693,47.85222],[-112.65999,47.85249],[-112.66582,47.84805],[-112.65304,47.85083],[-112.64693,47.85055],[-112.6461,47.84833],[-112.64193,47.8486],[-112.64276,47.84527],[-112.65276,47.84194],[-112.64638,47.84138],[-112.64471,47.83916],[-112.64026,47.83916],[-112.63915,47.83388],[-112.64221,47.83499],[-112.64138,47.8311],[-112.6436,47.83027],[-112.63971,47.82694],[-112.64165,47.82527],[-112.64915,47.82583],[-112.64749,47.82305],[-112.65193,47.81972],[-112.65554,47.81916],[-112.65054,47.81583],[-112.64554,47.8161],[-112.64554,47.81277],[-112.63832,47.81194],[-112.63554,47.80722],[-112.63193,47.80749],[-112.63332,47.80444],[-112.6361,47.80555],[-112.64082,47.80388],[-112.64332,47.80638],[-112.6461,47.80499],[-112.65526,47.80499],[-112.65221,47.80277],[-112.63832,47.80027],[-112.63193,47.79166],[-112.63638,47.79083],[-112.63971,47.79499],[-112.64026,47.7886],[-112.64221,47.78638],[-112.63888,47.78527],[-112.64193,47.78277],[-112.64471,47.78444],[-112.64499,47.79194],[-112.64888,47.79722],[-112.65888,47.79777],[-112.65526,47.79527],[-112.65999,47.7861],[-112.65888,47.78305],[-112.6611,47.78083],[-112.66721,47.77944],[-112.66638,47.77472],[-112.65665,47.77555],[-112.65554,47.77222],[-112.65999,47.77249],[-112.65804,47.76749],[-112.6511,47.76666],[-112.65082,47.76527],[-112.65721,47.76416],[-112.65721,47.75888],[-112.66082,47.75499],[-112.6611,47.75166],[-112.66832,47.74916],[-112.67582,47.75166],[-112.67471,47.74388],[-112.67138,47.74138],[-112.65471,47.74305],[-112.65526,47.73749],[-112.66221,47.73833],[-112.67249,47.73833],[-112.67526,47.73722],[-112.67471,47.73388],[-112.68332,47.73249],[-112.68388,47.73222],[-112.67499,47.72944],[-112.67221,47.72694],[-112.66665,47.72591],[-112.66276,47.72619],[-112.65693,47.72662],[-112.22257,47.75726],[-112.27149,48.07926]],[[-112.65693,47.88416],[-112.65526,47.87722],[-112.65582,47.87194],[-112.66221,47.8736],[-112.66388,47.88194],[-112.65693,47.88416]],[[-112.6411,47.82249],[-112.63888,47.81972],[-112.64471,47.81999],[-112.64499,47.82305],[-112.6411,47.82249]],[[-112.64721,47.74027],[-112.64721,47.73749],[-112.65221,47.73944],[-112.64721,47.74027]],[[-112.59971,47.74222],[-112.5986,47.73916],[-112.60138,47.73722],[-112.60304,47.74138],[-112.59971,47.74222]]]]},"properties":{"Cell":"B-4"}},
{"type":"Feature","geometry":{"type":"Polygon","coordinates":[[[-111.79086,48.1113],[-112.27149,48.07926],[-112.22257,47.75726],[-111.74476,47.7891],[-111.79086,48.1113]]]},"properties":{"Cell":"C-4"}},
{"type":"Feature","geometry":{"type":"Polygon","coordinates":[[[-111.30968,48.14141],[-111.79086,48.1113],[-111.74476,47.7891],[-111.26642,47.81902],[-111.30968,48.14141]]]},"properties":{"Cell":"D-4"}},
{"type":"Feature","geometry":{"type":"Polygon","coordinates":[[[-110.82798,48.16959],[-111.30968,48.14141],[-111.26642,47.81902],[-110.78756,47.84703],[-110.82798,48.16959]]]},"properties":{"Cell":"E-4"}},
{"type":"Feature","geometry":{"type":"Polygon","coordinates":[[[-111.26642,47.81902],[-111.74476,47.7891],[-111.69921,47.46694],[-111.22366,47.49668],[-111.26642,47.81902]]]},"properties":{"Cell":"D-5"}},
{"type":"Feature","geometry":{"type":"Polygon","coordinates":[[[-111.74476,47.7891],[-112.22257,47.75726],[-112.17422,47.4353],[-111.69921,47.46694],[-111.74476,47.7891]]]},"properties":{"Cell":"C-5"}},
{"type":"Feature","geometry":{"type":"Polygon","coordinates":[[[-111.69921,47.46694],[-112.17422,47.4353],[-112.12645,47.11336],[-111.66415,47.14417],[-111.6661,47.14916],[-111.67249,47.14916],[-111.67471,47.14472],[-111.67665,47.14527],[-111.67638,47.15027],[-111.6786,47.15027],[-111.68193,47.15472],[-111.68415,47.16194],[-111.69249,47.16194],[-111.69804,47.1586],[-111.70193,47.16277],[-111.70638,47.16194],[-111.70888,47.16333],[-111.71138,47.16833],[-111.7136,47.16944],[-111.71026,47.17277],[-111.70388,47.16805],[-111.69915,47.16833],[-111.6961,47.16444],[-111.67443,47.16249],[-111.66721,47.15444],[-111.66332,47.15555],[-111.66082,47.1536],[-111.65553,47.15444],[-111.69921,47.46694]],[[-111.86193,47.29222],[-111.85971,47.28916],[-111.86471,47.28805],[-111.86526,47.29083],[-111.86193,47.29222]],[[-111.91582,47.2761],[-111.91082,47.27444],[-111.90415,47.26833],[-111.90026,47.2686],[-111.89999,47.2636],[-111.90582,47.26083],[-111.9061,47.26916],[-111.91138,47.26749],[-111.91804,47.27499],[-111.91582,47.2761]],[[-111.88471,47.25805],[-111.88471,47.25249],[-111.88804,47.25527],[-111.88832,47.26055],[-111.88471,47.25805]],[[-111.84804,47.26388],[-111.84082,47.25944],[-111.83832,47.25305],[-111.84054,47.25055],[-111.84388,47.25083],[-111.84971,47.25388],[-111.85276,47.25249],[-111.84999,47.26416],[-111.84804,47.26388]],[[-111.90054,47.2436],[-111.90054,47.23888],[-111.89665,47.23777],[-111.89276,47.24055],[-111.88776,47.23944],[-111.88332,47.23444],[-111.88138,47.22999],[-111.8861,47.22944],[-111.88804,47.22499],[-111.89499,47.22333],[-111.89443,47.21805],[-111.88776,47.22083],[-111.87915,47.22083],[-111.87638,47.21416],[-111.88165,47.2161],[-111.88721,47.21444],[-111.88665,47.20527],[-111.8936,47.20805],[-111.89832,47.20222],[-111.90221,47.20333],[-111.8986,47.20666],[-111.89804,47.20944],[-111.89332,47.21194],[-111.89582,47.21805],[-111.89971,47.22277],[-111.8986,47.2261],[-111.90221,47.23027],[-111.89971,47.23305],[-111.90276,47.23472],[-111.90693,47.23305],[-111.90999,47.23722],[-111.90721,47.24055],[-111.90221,47.24083],[-111.90054,47.2436]],[[-111.85193,47.24888],[-111.84888,47.23999],[-111.85332,47.23916],[-111.85443,47.24138],[-111.8536,47.24749],[-111.85193,47.24888]]]},"properties":{"Cell":"C-6"}},
{"type":"Feature","geometry":{"type":"Polygon","coordinates":[[[-111.22366,47.49668],[-111.69921,47.46694],[-111.65553,47.15444],[-111.65193,47.15444],[-111.64943,47.15138],[-111.6436,47.15388],[-111.64082,47.15027],[-111.64415,47.1486],[-111.64277,47.14555],[-111.18141,47.17438],[-111.22366,47.49668]]]},"properties":{"Cell":"D-6"}},
{"type":"Feature","geometry":{"type":"Polygon","coordinates":[[[-112.61249,47.40437],[-112.64867,47.40176],[-112.64664,47.38888],[-112.62693,47.38888],[-112.62638,47.38388],[-112.6311,47.38249],[-112.63082,47.37972],[-112.63721,47.37916],[-112.63054,47.37416],[-112.63026,47.36999],[-112.6336,47.36833],[-112.62971,47.36722],[-112.61999,47.36749],[-112.62082,47.37083],[-112.61388,47.3736],[-112.61832,47.3761],[-112.61582,47.37916],[-112.60749,47.37972],[-112.61026,47.38222],[-112.60832,47.38499],[-112.60221,47.38138],[-112.59276,47.37972],[-112.58721,47.37666],[-112.5861,47.37416],[-112.5811,47.3711],[-112.57582,47.3711],[-112.57471,47.36499],[-112.57749,47.36222],[-112.57582,47.35999],[-112.57721,47.35694],[-112.58221,47.35722],[-112.58721,47.35416],[-112.59138,47.35499],[-112.59388,47.35083],[-112.58999,47.35194],[-112.56749,47.35277],[-112.56221,47.35416],[-112.56165,47.34749],[-112.56499,47.34666],[-112.57221,47.35055],[-112.57638,47.34555],[-112.58193,47.34472],[-112.57749,47.33999],[-112.58443,47.33722],[-112.58804,47.33833],[-112.58999,47.33472],[-112.59582,47.33527],[-112.58999,47.33027],[-112.59138,47.32638],[-112.59971,47.32666],[-112.60804,47.3286],[-112.6111,47.32722],[-112.62471,47.32749],[-112.61888,47.32416],[-112.61138,47.32333],[-112.60582,47.31972],[-112.60249,47.32138],[-112.58999,47.3211],[-112.58638,47.31694],[-112.58888,47.31472],[-112.58221,47.31722],[-112.58332,47.31916],[-112.58026,47.32444],[-112.57138,47.32916],[-112.56221,47.33249],[-112.56249,47.32944],[-112.56638,47.32833],[-112.56582,47.32583],[-112.5711,47.3211],[-112.57026,47.31138],[-112.57388,47.30722],[-112.56693,47.31027],[-112.56304,47.31972],[-112.55721,47.32277],[-112.5561,47.3186],[-112.55832,47.31583],[-112.55943,47.30888],[-112.55499,47.30472],[-112.5561,47.30999],[-112.5536,47.31249],[-112.5461,47.3111],[-112.54665,47.3161],[-112.5436,47.3211],[-112.5386,47.32083],[-112.54388,47.3261],[-112.55138,47.32805],[-112.54749,47.33055],[-112.53971,47.33138],[-112.5386,47.32972],[-112.53415,47.33055],[-112.53276,47.32833],[-112.52888,47.33055],[-112.52554,47.32916],[-112.52304,47.3336],[-112.51443,47.33555],[-112.50693,47.33472],[-112.50415,47.33138],[-112.50582,47.32416],[-112.51721,47.31916],[-112.52249,47.31944],[-112.52221,47.31777],[-112.52721,47.31777],[-112.52721,47.30916],[-112.51971,47.31222],[-112.51193,47.31277],[-112.51221,47.31666],[-112.50443,47.31833],[-112.50554,47.31416],[-112.4961,47.31638],[-112.48804,47.31083],[-112.49221,47.30777],[-112.49804,47.30833],[-112.50415,47.30583],[-112.50332,47.30194],[-112.49832,47.30194],[-112.49138,47.30388],[-112.47888,47.30333],[-112.4786,47.3011],[-112.47443,47.30027],[-112.48082,47.29499],[-112.48693,47.29833],[-112.48943,47.29805],[-112.48638,47.29027],[-112.49554,47.29083],[-112.4961,47.28833],[-112.49304,47.2861],[-112.49804,47.28416],[-112.50749,47.28444],[-112.5111,47.28666],[-112.51138,47.28916],[-112.51638,47.2911],[-112.51999,47.28749],[-112.52582,47.28777],[-112.52749,47.28972],[-112.5336,47.28916],[-112.52943,47.2811],[-112.5286,47.27555],[-112.53276,47.27416],[-112.53832,47.26888],[-112.54026,47.26555],[-112.54499,47.26555],[-112.54832,47.2636],[-112.54582,47.26194],[-112.54749,47.25777],[-112.55721,47.25555],[-112.56026,47.25694],[-112.57054,47.25777],[-112.57276,47.25666],[-112.57499,47.25972],[-112.58693,47.26055],[-112.5961,47.2686],[-112.5961,47.26499],[-112.59165,47.26166],[-112.59221,47.25833],[-112.59971,47.25722],[-112.6011,47.25944],[-112.60665,47.25833],[-112.61915,47.26083],[-112.62688,47.26333],[-112.62522,47.25277],[-112.59749,47.2511],[-112.59249,47.24472],[-112.59138,47.2536],[-112.57888,47.25388],[-112.57554,47.2511],[-112.56749,47.25194],[-112.56582,47.24666],[-112.56221,47.24444],[-112.56165,47.23777],[-112.55776,47.24194],[-112.55749,47.24694],[-112.55415,47.2486],[-112.54943,47.24694],[-112.5461,47.24999],[-112.54276,47.25055],[-112.5411,47.25499],[-112.53471,47.25916],[-112.53082,47.25916],[-112.53138,47.26194],[-112.51721,47.26583],[-112.50832,47.2661],[-112.50443,47.26972],[-112.49526,47.26999],[-112.49554,47.25888],[-112.49276,47.25472],[-112.48999,47.24666],[-112.49054,47.24055],[-112.4986,47.2411],[-112.50249,47.24027],[-112.4961,47.23527],[-112.48999,47.23305],[-112.48749,47.23027],[-112.49082,47.22638],[-112.50054,47.22333],[-112.51443,47.21722],[-112.51971,47.21305],[-112.52304,47.21249],[-112.53249,47.20777],[-112.53026,47.2061],[-112.52415,47.20916],[-112.51693,47.20916],[-112.51276,47.20777],[-112.51388,47.2111],[-112.49832,47.21638],[-112.49832,47.20805],[-112.49582,47.20666],[-112.49332,47.21333],[-112.49332,47.21805],[-112.47638,47.22583],[-112.46888,47.21694],[-112.4711,47.2211],[-112.46832,47.22666],[-112.4461,47.22222],[-112.4411,47.22194],[-112.43554,47.21694],[-112.43554,47.22083],[-112.43804,47.22416],[-112.44082,47.22416],[-112.4511,47.2286],[-112.45749,47.22833],[-112.45749,47.23083],[-112.4636,47.22972],[-112.46943,47.23277],[-112.47388,47.23194],[-112.47776,47.23694],[-112.47165,47.23916],[-112.47693,47.24583],[-112.47026,47.2511],[-112.47165,47.25555],[-112.47526,47.25638],[-112.4786,47.26027],[-112.47249,47.26555],[-112.47221,47.26833],[-112.46638,47.26722],[-112.45999,47.26249],[-112.45249,47.2636],[-112.4486,47.26277],[-112.44971,47.26666],[-112.44749,47.26888],[-112.45388,47.27027],[-112.46054,47.27666],[-112.46693,47.27833],[-112.46276,47.2811],[-112.45665,47.27888],[-112.45026,47.28055],[-112.45499,47.28472],[-112.44721,47.28416],[-112.44332,47.28083],[-112.43693,47.27805],[-112.43221,47.27833],[-112.42665,47.27333],[-112.42554,47.27083],[-112.41804,47.2661],[-112.41915,47.26277],[-112.42499,47.26499],[-112.42221,47.25833],[-112.42804,47.25916],[-112.43249,47.25527],[-112.42665,47.25194],[-112.42443,47.2486],[-112.42221,47.25249],[-112.41804,47.24944],[-112.41415,47.25444],[-112.41026,47.25499],[-112.40832,47.25888],[-112.40165,47.25694],[-112.39915,47.25055],[-112.39499,47.24333],[-112.39638,47.24138],[-112.39221,47.24055],[-112.38638,47.23555],[-112.3861,47.23305],[-112.38971,47.23055],[-112.39276,47.2311],[-112.40026,47.23555],[-112.39888,47.23888],[-112.41749,47.23583],[-112.41276,47.23277],[-112.4061,47.22527],[-112.40221,47.22833],[-112.39915,47.22666],[-112.39471,47.22083],[-112.39999,47.2211],[-112.39832,47.21833],[-112.3911,47.2161],[-112.3861,47.21722],[-112.38249,47.21333],[-112.38193,47.20944],[-112.38443,47.20666],[-112.39221,47.20749],[-112.39971,47.21166],[-112.40138,47.21055],[-112.40804,47.21194],[-112.40026,47.20388],[-112.40526,47.20277],[-112.40388,47.20027],[-112.39526,47.20055],[-112.39332,47.19638],[-112.38999,47.19388],[-112.39221,47.19083],[-112.39721,47.1911],[-112.39276,47.18722],[-112.3936,47.18388],[-112.39638,47.18333],[-112.4011,47.18638],[-112.40915,47.18333],[-112.41415,47.18499],[-112.41249,47.18249],[-112.41971,47.18222],[-112.4211,47.17888],[-112.41388,47.17888],[-112.4061,47.17694],[-112.4061,47.17444],[-112.39554,47.17583],[-112.3936,47.17277],[-112.39554,47.17055],[-112.3861,47.17055],[-112.3836,47.16777],[-112.38582,47.16333],[-112.38165,47.15555],[-112.39388,47.1586],[-112.40276,47.1661],[-112.4111,47.16805],[-112.41193,47.16277],[-112.40915,47.16277],[-112.40332,47.15888],[-112.40332,47.15694],[-112.40776,47.15638],[-112.40638,47.15166],[-112.39721,47.15222],[-112.38999,47.14694],[-112.39638,47.14666],[-112.40138,47.14888],[-112.40193,47.14666],[-112.40638,47.14805],[-112.41221,47.1461],[-112.4086,47.1436],[-112.41249,47.13944],[-112.40888,47.13944],[-112.40915,47.1361],[-112.40388,47.13722],[-112.40138,47.13944],[-112.39721,47.13777],[-112.39193,47.13805],[-112.39026,47.13583],[-112.38749,47.13722],[-112.38582,47.13416],[-112.37971,47.13499],[-112.37638,47.13777],[-112.3786,47.13916],[-112.37582,47.1411],[-112.37526,47.14499],[-112.37054,47.14472],[-112.36832,47.14916],[-112.36415,47.14833],[-112.36249,47.14249],[-112.3586,47.14277],[-112.35276,47.14027],[-112.35249,47.13638],[-112.35026,47.13444],[-112.35193,47.13222],[-112.35832,47.13166],[-112.36332,47.13305],[-112.35999,47.12805],[-112.36026,47.12416],[-112.36526,47.12388],[-112.36776,47.12666],[-112.37026,47.12583],[-112.37638,47.12722],[-112.37638,47.12416],[-112.37165,47.12194],[-112.37499,47.12027],[-112.38221,47.12249],[-112.38749,47.12555],[-112.39054,47.12277],[-112.39388,47.12249],[-112.39499,47.11972],[-112.40276,47.11749],[-112.40749,47.11777],[-112.40332,47.11472],[-112.40388,47.11194],[-112.39804,47.11444],[-112.39804,47.10999],[-112.39165,47.11166],[-112.3911,47.10333],[-112.3861,47.10444],[-112.38471,47.09972],[-112.38165,47.09638],[-112.37888,47.10083],[-112.37554,47.10083],[-112.36776,47.10555],[-112.36415,47.10583],[-112.36471,47.1011],[-112.35999,47.1011],[-112.36193,47.09777],[-112.37138,47.09805],[-112.37138,47.09626],[-112.34693,47.09798],[-112.34776,47.10166],[-112.33832,47.10027],[-112.33638,47.10555],[-112.34193,47.10583],[-112.34471,47.10944],[-112.35165,47.10833],[-112.35054,47.11194],[-112.34415,47.11388],[-112.34499,47.11777],[-112.3411,47.1186],[-112.3386,47.12277],[-112.33221,47.12388],[-112.33082,47.11916],[-112.3336,47.11749],[-112.33388,47.1136],[-112.32971,47.11249],[-112.3261,47.11555],[-112.3186,47.11583],[-112.31499,47.11277],[-112.31499,47.10805],[-112.31721,47.10666],[-112.31554,47.10388],[-112.31915,47.09994],[-112.21721,47.10707],[-112.21388,47.10749],[-112.21221,47.11138],[-112.20665,47.10781],[-112.12645,47.11336],[-112.17422,47.4353],[-112.6086,47.40465],[-112.61221,47.40222],[-112.62193,47.3986],[-112.61582,47.4036],[-112.61249,47.40437]],[[-112.63471,47.39916],[-112.63221,47.39722],[-112.63749,47.39666],[-112.63471,47.39916]],[[-112.55165,47.40583],[-112.54304,47.40555],[-112.53915,47.40027],[-112.54665,47.39083],[-112.55388,47.39222],[-112.56026,47.39666],[-112.56221,47.39999],[-112.5586,47.40027],[-112.55554,47.40416],[-112.55165,47.40583]],[[-112.5486,47.35722],[-112.5536,47.35805],[-112.55582,47.36055],[-112.55082,47.35999],[-112.5486,47.35722]],[[-112.51193,47.34249],[-112.51304,47.33833],[-112.51665,47.33888],[-112.51388,47.34277],[-112.51193,47.34249]],[[-112.4986,47.33777],[-112.49665,47.33499],[-112.5011,47.33638],[-112.4986,47.33777]],[[-112.35415,47.17888],[-112.35026,47.17722],[-112.35582,47.17527],[-112.35804,47.17833],[-112.35415,47.17888]],[[-112.27915,47.16499],[-112.27276,47.16499],[-112.27138,47.15666],[-112.2761,47.15416],[-112.26915,47.1486],[-112.27999,47.14555],[-112.27415,47.14194],[-112.2711,47.13777],[-112.27054,47.13249],[-112.27249,47.12972],[-112.27971,47.13138],[-112.29026,47.13972],[-112.29526,47.13972],[-112.29915,47.14416],[-112.2986,47.14694],[-112.2936,47.14472],[-112.28693,47.1461],[-112.28721,47.1486],[-112.2836,47.1536],[-112.28832,47.15472],[-112.28304,47.15638],[-112.28499,47.15888],[-112.28443,47.16249],[-112.27915,47.16499]],[[-112.30249,47.12555],[-112.29776,47.11999],[-112.30388,47.12027],[-112.30249,47.12555]],[[-112.28443,47.12694],[-112.27915,47.1236],[-112.27971,47.11722],[-112.28554,47.12527],[-112.28443,47.12694]]]},"properties":{"Cell":"B-6"}},
{"type":"Feature","geometry":{"type":"MultiPolygon","coordinates":[[[[-112.21721,47.10707],[-112.31915,47.09994],[-112.30943,47.09916],[-112.30554,47.09999],[-112.30193,47.09805],[-112.3011,47.09416],[-112.3061,47.09138],[-112.30443,47.08666],[-112.31193,47.08638],[-112.3161,47.08888],[-112.32804,47.08722],[-112.32276,47.08027],[-112.32665,47.08027],[-112.3336,47.08333],[-112.33638,47.08583],[-112.33749,47.08333],[-112.3436,47.08527],[-112.34304,47.07833],[-112.33999,47.07805],[-112.33915,47.07194],[-112.33749,47.07083],[-112.33332,47.07333],[-112.32554,47.06777],[-112.31999,47.07249],[-112.31471,47.07166],[-112.30971,47.07472],[-112.30388,47.07527],[-112.30193,47.06833],[-112.30749,47.06777],[-112.3061,47.06472],[-112.30165,47.06222],[-112.3061,47.05833],[-112.31332,47.05916],[-112.31054,47.05527],[-112.31221,47.05249],[-112.30915,47.0511],[-112.30971,47.04722],[-112.30526,47.0461],[-112.30388,47.05222],[-112.30054,47.05305],[-112.29554,47.04694],[-112.29665,47.04388],[-112.29332,47.04138],[-112.30054,47.02944],[-112.29776,47.02805],[-112.29165,47.03499],[-112.28665,47.03583],[-112.28499,47.03888],[-112.28165,47.03888],[-112.28638,47.04666],[-112.28638,47.05055],[-112.28888,47.05138],[-112.28749,47.05499],[-112.28999,47.05722],[-112.28776,47.06444],[-112.28332,47.06916],[-112.28443,47.07444],[-112.28776,47.0761],[-112.28804,47.07944],[-112.28026,47.08055],[-112.27471,47.07638],[-112.27304,47.07305],[-112.27388,47.0686],[-112.27749,47.06499],[-112.27776,47.06138],[-112.26138,47.0636],[-112.25693,47.05972],[-112.25832,47.0561],[-112.26138,47.05527],[-112.26915,47.05888],[-112.27276,47.0561],[-112.27304,47.05194],[-112.26804,47.04777],[-112.26999,47.04444],[-112.27276,47.04444],[-112.27388,47.04055],[-112.2661,47.0411],[-112.26026,47.04333],[-112.25526,47.04666],[-112.25526,47.03944],[-112.25776,47.03722],[-112.25915,47.03249],[-112.26193,47.03277],[-112.26193,47.02888],[-112.25582,47.02777],[-112.25582,47.02972],[-112.25138,47.03083],[-112.24471,47.03777],[-112.24082,47.03833],[-112.23776,47.03166],[-112.22971,47.02999],[-112.22249,47.03083],[-112.21943,47.02944],[-112.21276,47.03527],[-112.20888,47.03444],[-112.20888,47.02999],[-112.20582,47.0261],[-112.21138,47.02694],[-112.2236,47.02583],[-112.22554,47.02444],[-112.23776,47.02555],[-112.23999,47.02333],[-112.2336,47.02055],[-112.23415,47.01749],[-112.22832,47.01749],[-112.22665,47.01472],[-112.2211,47.01583],[-112.21554,47.01222],[-112.21304,47.0136],[-112.21054,47.01027],[-112.20499,47.01027],[-112.19415,47.01666],[-112.18971,47.0161],[-112.18443,47.01777],[-112.18749,47.01305],[-112.18721,47.01027],[-112.1836,47.00944],[-112.18415,47.0061],[-112.17415,47.00694],[-112.17026,47.0061],[-112.16471,47.00777],[-112.17276,47.00222],[-112.17193,46.99749],[-112.1736,46.99472],[-112.18193,46.99666],[-112.18165,46.99222],[-112.18554,46.99027],[-112.18221,46.9861],[-112.18304,46.97999],[-112.19165,46.97972],[-112.1936,46.98333],[-112.1986,46.98305],[-112.20026,46.98722],[-112.20582,46.99083],[-112.2111,46.99249],[-112.21415,46.99805],[-112.21804,46.9986],[-112.2186,46.99472],[-112.22388,46.99499],[-112.22721,46.99805],[-112.22415,47.00027],[-112.2261,47.00416],[-112.22471,47.00583],[-112.23138,47.00888],[-112.23276,47.0061],[-112.23582,47.00722],[-112.23721,47.00444],[-112.24221,47.00249],[-112.25471,47.00722],[-112.26471,47.0086],[-112.26332,47.01333],[-112.27026,47.01305],[-112.26999,47.01777],[-112.27638,47.01777],[-112.27776,47.01527],[-112.28638,47.01527],[-112.29221,47.01749],[-112.28888,47.0111],[-112.28443,47.01166],[-112.2836,47.00833],[-112.27832,47.00916],[-112.27443,47.00444],[-112.27776,47.00194],[-112.27554,46.99944],[-112.27832,46.99444],[-112.27526,46.99583],[-112.2686,46.99472],[-112.2636,46.99555],[-112.25943,46.99222],[-112.25415,46.99055],[-112.2536,46.98555],[-112.25554,46.98333],[-112.26026,46.98277],[-112.26582,46.97805],[-112.26193,46.97694],[-112.26249,46.9736],[-112.24526,46.97333],[-112.24221,46.97083],[-112.25221,46.96638],[-112.25138,46.9636],[-112.25721,46.96249],[-112.25804,46.95888],[-112.26249,46.95833],[-112.26971,46.95944],[-112.26082,46.95388],[-112.26443,46.9511],[-112.25888,46.94916],[-112.25888,46.95083],[-112.2536,46.95249],[-112.25054,46.95499],[-112.24665,46.95388],[-112.24026,46.9561],[-112.2361,46.95305],[-112.23221,46.95333],[-112.23082,46.95722],[-112.22693,46.95888],[-112.22054,46.95916],[-112.22304,46.95416],[-112.20804,46.95499],[-112.21332,46.94805],[-112.21776,46.9461],[-112.21221,46.94138],[-112.21638,46.9386],[-112.21276,46.93583],[-112.21499,46.93305],[-112.21193,46.93166],[-112.21332,46.92833],[-112.21888,46.9286],[-112.22304,46.93083],[-112.22888,46.93194],[-112.22249,46.92527],[-112.21749,46.92138],[-112.22249,46.92194],[-112.2236,46.91944],[-112.22665,46.92083],[-112.22471,46.92472],[-112.2286,46.92666],[-112.23082,46.92333],[-112.23776,46.92333],[-112.2436,46.93083],[-112.24554,46.92749],[-112.25138,46.9286],[-112.25388,46.93083],[-112.2536,46.92694],[-112.25693,46.92583],[-112.2511,46.92277],[-112.24888,46.91833],[-112.24304,46.91305],[-112.25443,46.91499],[-112.25138,46.91222],[-112.25388,46.90972],[-112.24665,46.91055],[-112.23971,46.9036],[-112.23999,46.89944],[-112.23554,46.8986],[-112.23332,46.89527],[-112.23471,46.89249],[-112.24165,46.89249],[-112.24443,46.89388],[-112.2461,46.8911],[-112.23499,46.88777],[-112.23776,46.88416],[-112.23582,46.88305],[-112.23693,46.87805],[-112.24582,46.87666],[-112.2486,46.87444],[-112.25471,46.87416],[-112.26388,46.87805],[-112.2636,46.87638],[-112.26888,46.87694],[-112.27276,46.88249],[-112.27554,46.88416],[-112.27138,46.8936],[-112.27888,46.88972],[-112.28193,46.89388],[-112.28026,46.89722],[-112.28026,46.90777],[-112.28415,46.90416],[-112.28693,46.90499],[-112.28554,46.89944],[-112.29165,46.8936],[-112.28999,46.89777],[-112.29276,46.89833],[-112.2986,46.89527],[-112.29415,46.90194],[-112.29888,46.90249],[-112.29554,46.92055],[-112.2986,46.91527],[-112.30193,46.91416],[-112.30304,46.90777],[-112.31499,46.90583],[-112.31415,46.91027],[-112.31638,46.9136],[-112.31443,46.92055],[-112.31526,46.92833],[-112.31776,46.92388],[-112.31749,46.91944],[-112.32054,46.91583],[-112.31915,46.90999],[-112.32304,46.90555],[-112.3211,46.90305],[-112.32471,46.90249],[-112.32665,46.90583],[-112.32471,46.91222],[-112.32221,46.91472],[-112.32193,46.91972],[-112.32388,46.91666],[-112.32999,46.91222],[-112.33776,46.91166],[-112.33776,46.91472],[-112.34054,46.92027],[-112.33915,46.92472],[-112.33971,46.92888],[-112.33832,46.93749],[-112.33499,46.94055],[-112.3336,46.94638],[-112.33054,46.9461],[-112.32832,46.94888],[-112.32915,46.95222],[-112.32276,46.95749],[-112.32082,46.96222],[-112.31582,46.96194],[-112.31971,46.96527],[-112.31638,46.97277],[-112.31526,46.9786],[-112.31915,46.97694],[-112.3211,46.97027],[-112.32693,46.96472],[-112.32971,46.96527],[-112.32915,46.96222],[-112.3336,46.96055],[-112.33304,46.95833],[-112.33665,46.9561],[-112.33721,46.9586],[-112.34388,46.96472],[-112.34332,46.96749],[-112.34749,46.96777],[-112.35193,46.96472],[-112.34471,46.95999],[-112.34221,46.95055],[-112.34804,46.95055],[-112.35388,46.95472],[-112.3611,46.95749],[-112.35388,46.95166],[-112.3536,46.95027],[-112.34443,46.94527],[-112.34721,46.93999],[-112.34832,46.94222],[-112.35332,46.94305],[-112.35638,46.94722],[-112.36165,46.9511],[-112.3686,46.95333],[-112.37249,46.95305],[-112.3711,46.95055],[-112.36415,46.9486],[-112.36276,46.9461],[-112.36554,46.9436],[-112.36082,46.9436],[-112.35554,46.93555],[-112.36221,46.93416],[-112.35665,46.93194],[-112.35888,46.92972],[-112.36276,46.93055],[-112.36388,46.92777],[-112.3586,46.9261],[-112.36304,46.92305],[-112.36582,46.92388],[-112.36943,46.92166],[-112.3736,46.92249],[-112.37499,46.92472],[-112.38138,46.92777],[-112.37554,46.91777],[-112.3711,46.91722],[-112.37415,46.91499],[-112.36999,46.90999],[-112.36526,46.90833],[-112.36943,46.90472],[-112.37693,46.90999],[-112.38193,46.90833],[-112.38443,46.91222],[-112.3886,46.91194],[-112.39138,46.91388],[-112.3861,46.92194],[-112.38888,46.92166],[-112.39221,46.92527],[-112.39471,46.92083],[-112.39943,46.9211],[-112.40721,46.92583],[-112.41332,46.92666],[-112.4111,46.92388],[-112.40638,46.92222],[-112.40471,46.91805],[-112.40776,46.91749],[-112.40582,46.91444],[-112.39971,46.91472],[-112.39804,46.90999],[-112.39249,46.90888],[-112.38499,46.90277],[-112.38138,46.90277],[-112.3761,46.89805],[-112.38193,46.89694],[-112.38165,46.89416],[-112.38471,46.8936],[-112.38582,46.89722],[-112.38943,46.89666],[-112.39276,46.89944],[-112.40082,46.90166],[-112.40749,46.9011],[-112.41138,46.90388],[-112.41276,46.90055],[-112.41693,46.89972],[-112.42221,46.90555],[-112.42193,46.90833],[-112.42638,46.91222],[-112.42526,46.90472],[-112.42249,46.89916],[-112.43582,46.89694],[-112.44582,46.89694],[-112.43443,46.89555],[-112.4061,46.89583],[-112.39638,46.89277],[-112.39165,46.88833],[-112.40026,46.8861],[-112.40415,46.88277],[-112.4211,46.88305],[-112.41638,46.87999],[-112.42193,46.87749],[-112.4236,46.87472],[-112.41554,46.87666],[-112.41693,46.8736],[-112.40999,46.87444],[-112.40721,46.87194],[-112.40221,46.87222],[-112.40138,46.86444],[-112.4061,46.86138],[-112.39499,46.86083],[-112.39554,46.85694],[-112.39082,46.8511],[-112.40026,46.8486],[-112.40443,46.84972],[-112.39915,46.84499],[-112.39276,46.84444],[-112.39415,46.84194],[-112.40276,46.84138],[-112.40582,46.83777],[-112.40471,46.83138],[-112.40693,46.83083],[-112.41249,46.83333],[-112.40915,46.83888],[-112.42165,46.84388],[-112.41776,46.83916],[-112.41776,46.8361],[-112.43054,46.83583],[-112.43332,46.83277],[-112.44054,46.83055],[-112.43193,46.8311],[-112.42138,46.83277],[-112.4186,46.8311],[-112.41943,46.82749],[-112.41138,46.82666],[-112.40888,46.8236],[-112.40276,46.82055],[-112.39943,46.82055],[-112.39388,46.81694],[-112.39276,46.81388],[-112.39582,46.81222],[-112.40443,46.81249],[-112.40915,46.81472],[-112.40721,46.8111],[-112.41026,46.81249],[-112.41499,46.81166],[-112.4186,46.80666],[-112.42082,46.80638],[-112.42221,46.81194],[-112.42638,46.81388],[-112.42582,46.80444],[-112.41749,46.79722],[-112.4086,46.79416],[-112.41054,46.7911],[-112.41499,46.79055],[-112.42249,46.79388],[-112.43221,46.80277],[-112.43526,46.80722],[-112.44304,46.81222],[-112.44332,46.81027],[-112.43693,46.80305],[-112.43721,46.8011],[-112.43332,46.79888],[-112.42943,46.7911],[-112.4386,46.79222],[-112.44026,46.79472],[-112.44443,46.79499],[-112.44665,46.79888],[-112.45249,46.80194],[-112.45471,46.80527],[-112.45526,46.81138],[-112.45776,46.8086],[-112.46249,46.81083],[-112.4611,46.81444],[-112.46721,46.81388],[-112.47165,46.81888],[-112.4761,46.81777],[-112.47915,46.81888],[-112.48749,46.81916],[-112.47693,46.81499],[-112.46943,46.81027],[-112.46415,46.80555],[-112.46276,46.80222],[-112.46971,46.8036],[-112.47526,46.80694],[-112.48693,46.80722],[-112.48304,46.80527],[-112.47693,46.80444],[-112.47082,46.79999],[-112.47054,46.79833],[-112.45999,46.79694],[-112.4536,46.79083],[-112.4486,46.78805],[-112.45332,46.78527],[-112.45804,46.78527],[-112.46304,46.78777],[-112.46304,46.78555],[-112.47193,46.78444],[-112.47943,46.79222],[-112.47721,46.78444],[-112.47832,46.78249],[-112.48554,46.78472],[-112.50193,46.78805],[-112.49832,46.78583],[-112.50443,46.78333],[-112.49193,46.7836],[-112.49054,46.78083],[-112.48332,46.77916],[-112.48221,46.77694],[-112.48915,46.77333],[-112.49526,46.77138],[-112.49221,46.76972],[-112.47638,46.77333],[-112.47165,46.77777],[-112.46582,46.7761],[-112.46138,46.77833],[-112.45915,46.77555],[-112.45665,46.7786],[-112.44915,46.77499],[-112.4461,46.7761],[-112.4461,46.77972],[-112.4386,46.78249],[-112.43554,46.78222],[-112.4361,46.77916],[-112.4336,46.77749],[-112.43915,46.77388],[-112.43721,46.77055],[-112.44221,46.76833],[-112.43165,46.76888],[-112.43054,46.76677],[-112.40877,46.76833],[-112.41304,46.77222],[-112.41304,46.77722],[-112.40832,46.77916],[-112.40165,46.77805],[-112.3986,46.78249],[-112.38999,46.7811],[-112.38638,46.77722],[-112.3861,46.77416],[-112.38165,46.77666],[-112.38276,46.78388],[-112.37999,46.78777],[-112.36832,46.78749],[-112.36388,46.78666],[-112.37304,46.7811],[-112.37499,46.77722],[-112.36943,46.77999],[-112.36526,46.7786],[-112.3636,46.78027],[-112.35943,46.77944],[-112.35915,46.77186],[-112.34526,46.77284],[-112.34665,46.77388],[-112.34249,46.78194],[-112.33665,46.78138],[-112.33138,46.78388],[-112.32471,46.78277],[-112.32582,46.78722],[-112.32165,46.78694],[-112.3211,46.79055],[-112.31832,46.79083],[-112.31582,46.78749],[-112.31638,46.78472],[-112.3211,46.78194],[-112.31971,46.77465],[-112.29332,46.77652],[-112.30388,46.78277],[-112.28999,46.77805],[-112.28082,46.77944],[-112.27971,46.77748],[-112.07923,46.79144],[-112.12645,47.11336],[-112.20665,47.10781],[-112.20499,47.10138],[-112.20749,47.09694],[-112.2136,47.0961],[-112.2136,47.09277],[-112.22221,47.08638],[-112.22888,47.08638],[-112.23082,47.08333],[-112.23804,47.08805],[-112.24082,47.08777],[-112.24554,47.08416],[-112.24832,47.08499],[-112.24804,47.09055],[-112.25499,47.08888],[-112.26193,47.09222],[-112.26388,47.09527],[-112.26249,47.09805],[-112.25915,47.09888],[-112.25999,47.10333],[-112.25165,47.10277],[-112.24443,47.10444],[-112.2336,47.1036],[-112.23221,47.10055],[-112.22638,47.10194],[-112.21915,47.1011],[-112.21721,47.10707]],[[-112.15776,47.05916],[-112.15193,47.05749],[-112.15221,47.05555],[-112.15804,47.05694],[-112.15999,47.05222],[-112.16693,47.05277],[-112.16415,47.05749],[-112.15776,47.05916]],[[-112.2361,47.04527],[-112.23471,47.04166],[-112.23749,47.03944],[-112.24082,47.04333],[-112.2361,47.04527]],[[-112.19832,46.95999],[-112.19776,46.95777],[-112.20054,46.95388],[-112.20693,46.95555],[-112.20721,46.95777],[-112.19832,46.95999]],[[-112.20332,46.91333],[-112.19804,46.91222],[-112.20221,46.9111],[-112.20749,46.90666],[-112.2136,46.90944],[-112.21304,46.91194],[-112.20665,46.91194],[-112.20332,46.91333]],[[-112.37749,46.88472],[-112.37749,46.88055],[-112.37999,46.87833],[-112.37193,46.87666],[-112.36665,46.87722],[-112.37138,46.87416],[-112.36971,46.87083],[-112.37415,46.8711],[-112.37554,46.87333],[-112.38471,46.87222],[-112.3886,46.87555],[-112.39249,46.87555],[-112.39832,46.87972],[-112.39276,46.88222],[-112.38276,46.88249],[-112.37749,46.88472]],[[-112.34832,46.93472],[-112.34915,46.93305],[-112.3536,46.93583],[-112.34832,46.93472]],[[-112.31443,46.8561],[-112.31721,46.85499],[-112.32054,46.8586],[-112.31443,46.8561]],[[-112.14776,46.85694],[-112.14499,46.85694],[-112.14276,46.84944],[-112.14471,46.84388],[-112.14165,46.8386],[-112.13832,46.83722],[-112.13804,46.8461],[-112.12721,46.8461],[-112.12582,46.84749],[-112.13026,46.84916],[-112.12499,46.8511],[-112.12665,46.85416],[-112.12026,46.85555],[-112.12138,46.8511],[-112.11888,46.84722],[-112.11526,46.84722],[-112.11471,46.84444],[-112.1186,46.84416],[-112.1186,46.84194],[-112.12332,46.84166],[-112.11915,46.83833],[-112.12165,46.8361],[-112.11888,46.83416],[-112.1211,46.82444],[-112.12054,46.82166],[-112.12332,46.82027],[-112.12693,46.82499],[-112.13388,46.8236],[-112.13388,46.82083],[-112.13082,46.81472],[-112.12943,46.80749],[-112.13193,46.80666],[-112.13943,46.81055],[-112.13804,46.81499],[-112.1411,46.8161],[-112.14665,46.81194],[-112.15193,46.81388],[-112.15082,46.81805],[-112.15388,46.82166],[-112.15721,46.82194],[-112.15554,46.82499],[-112.16249,46.82499],[-112.16054,46.82805],[-112.16332,46.82972],[-112.1611,46.83277],[-112.1661,46.83222],[-112.16249,46.83444],[-112.16443,46.83583],[-112.16165,46.84027],[-112.16776,46.84277],[-112.16638,46.84972],[-112.15915,46.8511],[-112.1586,46.85472],[-112.15554,46.85305],[-112.14776,46.85694]],[[-112.40276,46.80333],[-112.39915,46.80305],[-112.39888,46.79972],[-112.40221,46.79888],[-112.40499,46.80083],[-112.40276,46.80333]]],[[[-112.34693,47.09798],[-112.37138,47.09626],[-112.37221,47.09194],[-112.36665,47.09055],[-112.36971,47.08805],[-112.37415,47.0886],[-112.37221,47.08138],[-112.36888,47.08444],[-112.35276,47.08916],[-112.3561,47.09333],[-112.35388,47.09472],[-112.34526,47.09416],[-112.34693,47.09798]]]]},"properties":{"Cell":"B-7"}},
{"type":"Feature","geometry":{"type":"MultiPolygon","coordinates":[[[[-111.92332,46.47695],[-112.03255,46.46953],[-112.01613,46.35527],[-112.0111,46.35694],[-112.00999,46.34916],[-112.00693,46.34916],[-112.00443,46.35444],[-112.00582,46.35749],[-112.00165,46.35916],[-112.00082,46.35749],[-111.99277,46.35916],[-111.99249,46.35444],[-111.98638,46.3536],[-111.9861,46.35777],[-111.97332,46.35305],[-111.97193,46.3561],[-111.96638,46.35527],[-111.9586,46.35555],[-111.96277,46.35972],[-111.96832,46.36166],[-111.97332,46.36666],[-111.9736,46.36888],[-111.97804,46.3686],[-111.97915,46.37583],[-111.98388,46.37527],[-111.98582,46.37972],[-111.97693,46.38027],[-111.97693,46.37722],[-111.97415,46.3786],[-111.96832,46.37833],[-111.96527,46.3761],[-111.96165,46.38333],[-111.95943,46.38333],[-111.95943,46.3786],[-111.95527,46.37944],[-111.95471,46.37694],[-111.95054,46.37805],[-111.95082,46.38527],[-111.94443,46.3861],[-111.93943,46.38944],[-111.94027,46.39222],[-111.94527,46.39277],[-111.9411,46.39694],[-111.93804,46.39638],[-111.93777,46.39944],[-111.94082,46.40027],[-111.93165,46.40305],[-111.93138,46.40749],[-111.92415,46.40499],[-111.91971,46.4061],[-111.91804,46.40333],[-111.9161,46.40527],[-111.91471,46.41166],[-111.91832,46.4136],[-111.92082,46.41722],[-111.91638,46.41749],[-111.9136,46.41583],[-111.91082,46.41888],[-111.90443,46.4161],[-111.8911,46.41777],[-111.90221,46.41944],[-111.90415,46.42222],[-111.91638,46.4261],[-111.91999,46.42999],[-111.91804,46.43472],[-111.91249,46.43777],[-111.90415,46.43888],[-111.90388,46.44194],[-111.90082,46.44305],[-111.90804,46.44444],[-111.91527,46.4411],[-111.9261,46.44138],[-111.92915,46.43749],[-111.92999,46.44222],[-111.92638,46.44249],[-111.9261,46.44666],[-111.9361,46.4511],[-111.93693,46.45527],[-111.93165,46.45583],[-111.92582,46.45444],[-111.92249,46.45638],[-111.91971,46.45499],[-111.91443,46.45583],[-111.91443,46.45777],[-111.90971,46.45916],[-111.90999,46.46277],[-111.90638,46.46666],[-111.90027,46.46638],[-111.90888,46.45555],[-111.90915,46.45305],[-111.90471,46.4536],[-111.90721,46.45027],[-111.90638,46.44777],[-111.90027,46.44777],[-111.90027,46.45055],[-111.89165,46.45249],[-111.89082,46.45583],[-111.88277,46.45805],[-111.88221,46.45527],[-111.88638,46.45222],[-111.88527,46.4511],[-111.87971,46.45305],[-111.87582,46.45805],[-111.8711,46.46083],[-111.8686,46.45777],[-111.86527,46.45722],[-111.86388,46.45194],[-111.8636,46.44027],[-111.85582,46.45138],[-111.84721,46.45527],[-111.84138,46.45194],[-111.84082,46.45499],[-111.84415,46.45805],[-111.83971,46.46777],[-111.83554,46.46777],[-111.82693,46.47166],[-111.82943,46.47555],[-111.83999,46.4761],[-111.84054,46.47777],[-111.82915,46.47805],[-111.82499,46.47999],[-111.83415,46.48194],[-111.83388,46.48296],[-111.90665,46.47808],[-111.90721,46.47222],[-111.91165,46.47027],[-111.91638,46.47027],[-111.92277,46.47444],[-111.92332,46.47695]]],[[[-111.83082,46.15816],[-111.83165,46.16194],[-111.83915,46.1576],[-111.83082,46.15816]]],[[[-111.84471,46.15722],[-111.84415,46.15888],[-111.84888,46.15694],[-111.84499,46.15721],[-111.84483,46.15722],[-111.84471,46.15722]]],[[[-111.89443,46.19722],[-111.89582,46.20138],[-111.90165,46.20083],[-111.89749,46.20694],[-111.89415,46.21416],[-111.89915,46.20972],[-111.90693,46.21083],[-111.91499,46.2036],[-111.92249,46.20138],[-111.9211,46.20527],[-111.91749,46.2086],[-111.92082,46.20888],[-111.92693,46.20166],[-111.92832,46.20527],[-111.93082,46.20166],[-111.93443,46.20277],[-111.9361,46.20583],[-111.94943,46.2086],[-111.94943,46.21166],[-111.95249,46.21138],[-111.95471,46.21416],[-111.9611,46.21222],[-111.95777,46.21805],[-111.96277,46.21694],[-111.96527,46.21972],[-111.96499,46.22583],[-111.96749,46.22444],[-111.97527,46.22916],[-111.97665,46.23138],[-111.97665,46.22416],[-111.98054,46.21972],[-111.97804,46.21722],[-111.98221,46.21583],[-111.97943,46.21277],[-111.98471,46.20972],[-111.98471,46.20749],[-111.98888,46.20499],[-111.98693,46.20055],[-111.98915,46.19638],[-111.99221,46.19527],[-111.99278,46.19222],[-111.98642,46.14762],[-111.85554,46.15649],[-111.8536,46.16333],[-111.84638,46.16972],[-111.84665,46.17277],[-111.85499,46.1686],[-111.85415,46.1736],[-111.85193,46.17722],[-111.85832,46.17416],[-111.85915,46.16999],[-111.86277,46.16944],[-111.86277,46.17249],[-111.87471,46.1711],[-111.87443,46.17638],[-111.88304,46.17499],[-111.88554,46.17888],[-111.88804,46.17944],[-111.89221,46.17694],[-111.89499,46.17138],[-111.89638,46.17277],[-111.89693,46.18083],[-111.8986,46.18555],[-111.89777,46.19416],[-111.89443,46.19722]],[[-111.9711,46.21194],[-111.97165,46.20944],[-111.97554,46.20916],[-111.9711,46.21194]],[[-111.89999,46.19833],[-111.90249,46.19249],[-111.9036,46.19666],[-111.89999,46.19833]],[[-111.86638,46.17083],[-111.86582,46.16833],[-111.87054,46.1661],[-111.86638,46.17083]]],[[[-111.56572,46.50062],[-111.76638,46.48745],[-111.76415,46.48499],[-111.76499,46.48055],[-111.75777,46.48055],[-111.75082,46.47583],[-111.73943,46.47472],[-111.73832,46.47277],[-111.74138,46.4686],[-111.7361,46.46916],[-111.73249,46.46055],[-111.73277,46.45666],[-111.72943,46.4511],[-111.73082,46.44666],[-111.7286,46.44638],[-111.72804,46.44166],[-111.73165,46.43888],[-111.73749,46.43722],[-111.73971,46.43499],[-111.74471,46.43472],[-111.7411,46.43222],[-111.74915,46.42777],[-111.74221,46.42722],[-111.73915,46.42444],[-111.73832,46.42916],[-111.73277,46.43333],[-111.72221,46.43749],[-111.71665,46.43694],[-111.71721,46.43999],[-111.70971,46.44166],[-111.71082,46.43944],[-111.70165,46.42944],[-111.70165,46.43444],[-111.7036,46.43694],[-111.70165,46.43972],[-111.69693,46.43888],[-111.69638,46.44166],[-111.69943,46.4436],[-111.70054,46.44749],[-111.69443,46.44638],[-111.6936,46.44472],[-111.68721,46.44416],[-111.68499,46.44777],[-111.68221,46.44499],[-111.68332,46.44194],[-111.68054,46.43388],[-111.67638,46.43555],[-111.67443,46.43833],[-111.6711,46.43666],[-111.66888,46.42749],[-111.67221,46.42694],[-111.66721,46.42388],[-111.6636,46.42444],[-111.66304,46.42194],[-111.66888,46.41777],[-111.66888,46.41388],[-111.66193,46.41472],[-111.65915,46.40555],[-111.6611,46.39916],[-111.67304,46.39305],[-111.66443,46.39333],[-111.66082,46.38944],[-111.66165,46.38527],[-111.65999,46.37694],[-111.65693,46.37277],[-111.64971,46.36833],[-111.6536,46.3686],[-111.6511,46.3636],[-111.65221,46.35944],[-111.64888,46.35638],[-111.64471,46.3586],[-111.64027,46.35194],[-111.6436,46.35277],[-111.64554,46.34638],[-111.63777,46.34722],[-111.63193,46.34305],[-111.63277,46.33888],[-111.63777,46.33916],[-111.64471,46.33722],[-111.64193,46.33166],[-111.64527,46.33194],[-111.64971,46.31944],[-111.64915,46.31416],[-111.65332,46.30666],[-111.65665,46.30555],[-111.65999,46.30972],[-111.66165,46.3086],[-111.66582,46.31222],[-111.66693,46.31749],[-111.66888,46.31888],[-111.66943,46.31138],[-111.67165,46.3136],[-111.68082,46.31444],[-111.67554,46.31027],[-111.67277,46.30638],[-111.67527,46.30499],[-111.67388,46.30249],[-111.66721,46.3036],[-111.66665,46.29805],[-111.66415,46.2961],[-111.66277,46.29944],[-111.65554,46.29583],[-111.65249,46.29944],[-111.64943,46.29944],[-111.64638,46.29666],[-111.64721,46.28944],[-111.65499,46.2861],[-111.65554,46.29083],[-111.66304,46.29055],[-111.66721,46.29333],[-111.66943,46.29138],[-111.67332,46.29583],[-111.67693,46.29583],[-111.6811,46.28916],[-111.6836,46.28777],[-111.68915,46.2886],[-111.68832,46.28666],[-111.69277,46.28666],[-111.69249,46.28888],[-111.70304,46.28999],[-111.70443,46.29416],[-111.70749,46.29249],[-111.70832,46.29583],[-111.71471,46.29249],[-111.71749,46.29527],[-111.71499,46.29666],[-111.72054,46.29777],[-111.72499,46.30194],[-111.73027,46.30333],[-111.73499,46.30805],[-111.73915,46.30777],[-111.74777,46.31222],[-111.75082,46.31805],[-111.75777,46.32277],[-111.77388,46.33027],[-111.7636,46.32472],[-111.75999,46.31805],[-111.75082,46.30916],[-111.74915,46.3036],[-111.74749,46.30527],[-111.74249,46.3036],[-111.74165,46.29583],[-111.73943,46.29555],[-111.73665,46.29972],[-111.73415,46.29638],[-111.72554,46.2911],[-111.73165,46.2911],[-111.73527,46.28499],[-111.74471,46.27944],[-111.7511,46.27833],[-111.73832,46.2786],[-111.73249,46.28305],[-111.7311,46.28027],[-111.72554,46.28583],[-111.71832,46.28333],[-111.71388,46.28333],[-111.71415,46.27999],[-111.70999,46.28083],[-111.70721,46.27833],[-111.70777,46.27527],[-111.70443,46.27555],[-111.70249,46.27138],[-111.70471,46.26944],[-111.70471,46.26555],[-111.70221,46.26277],[-111.6961,46.25999],[-111.69721,46.25305],[-111.70415,46.25444],[-111.70499,46.25916],[-111.70943,46.25666],[-111.71388,46.25888],[-111.72277,46.25833],[-111.72082,46.25472],[-111.7261,46.25555],[-111.72221,46.25277],[-111.72443,46.25194],[-111.71999,46.24833],[-111.71888,46.24388],[-111.71999,46.23916],[-111.71693,46.23916],[-111.71721,46.23638],[-111.72054,46.23638],[-111.71915,46.23249],[-111.71777,46.23472],[-111.71138,46.23527],[-111.70499,46.22999],[-111.70638,46.22777],[-111.70332,46.22666],[-111.70582,46.22472],[-111.70499,46.22194],[-111.70943,46.22249],[-111.70721,46.21638],[-111.70304,46.2136],[-111.7036,46.20972],[-111.70054,46.20999],[-111.6961,46.2036],[-111.70499,46.20305],[-111.70471,46.20722],[-111.70971,46.20583],[-111.71193,46.21027],[-111.71443,46.20833],[-111.72332,46.21027],[-111.71971,46.20472],[-111.72415,46.20388],[-111.72582,46.19722],[-111.72832,46.19527],[-111.7336,46.19527],[-111.7361,46.19333],[-111.73527,46.18249],[-111.73999,46.18333],[-111.74054,46.19166],[-111.74415,46.19249],[-111.74554,46.18777],[-111.74804,46.18638],[-111.75277,46.18805],[-111.75915,46.18694],[-111.76388,46.18777],[-111.76665,46.1911],[-111.7661,46.18527],[-111.75332,46.18388],[-111.74777,46.18194],[-111.74915,46.17777],[-111.75415,46.1761],[-111.75665,46.1736],[-111.74971,46.17444],[-111.75165,46.16805],[-111.74415,46.17555],[-111.73999,46.17472],[-111.73915,46.17249],[-111.73388,46.17305],[-111.73527,46.16999],[-111.73082,46.16916],[-111.73193,46.16499],[-111.73527,46.16454],[-111.52225,46.17852],[-111.56572,46.50062]],[[-111.62693,46.30666],[-111.62554,46.30027],[-111.62165,46.30583],[-111.6161,46.30666],[-111.61554,46.30249],[-111.62082,46.28499],[-111.62638,46.28694],[-111.62721,46.29249],[-111.63054,46.28972],[-111.62999,46.29666],[-111.6311,46.29722],[-111.62693,46.30666]],[[-111.5986,46.29055],[-111.59804,46.28638],[-111.6011,46.27916],[-111.60277,46.27833],[-111.60249,46.28416],[-111.5986,46.29055]],[[-111.6186,46.27972],[-111.6186,46.27583],[-111.62082,46.27305],[-111.6186,46.27972]],[[-111.72721,46.18444],[-111.72804,46.18166],[-111.73221,46.18277],[-111.73249,46.18583],[-111.72721,46.18444]]]]},"properties":{"Cell":"C-9"}},
{"type":"Feature","geometry":{"type":"Polygon","coordinates":[[[-111.2936,46.19302],[-111.52225,46.17852],[-111.47928,45.85642],[-111.03027,45.8845],[-111.03277,45.88694],[-111.03888,45.8886],[-111.04277,45.89499],[-111.04693,45.89944],[-111.05443,45.89972],[-111.05638,45.90222],[-111.06277,45.90416],[-111.06777,45.9111],[-111.07221,45.91194],[-111.07749,45.91638],[-111.08193,45.92305],[-111.08082,45.93166],[-111.08777,45.93249],[-111.08999,45.93444],[-111.08665,45.93777],[-111.08943,45.9386],[-111.08527,45.9411],[-111.08999,45.94138],[-111.09165,45.94416],[-111.08665,45.94555],[-111.08999,45.94916],[-111.08471,45.94972],[-111.08915,45.95249],[-111.08582,45.9536],[-111.08221,45.95749],[-111.0861,45.95749],[-111.0911,45.96055],[-111.08804,45.96666],[-111.08527,45.96583],[-111.08277,45.9686],[-111.07165,45.96888],[-111.06915,45.97249],[-111.07332,45.97333],[-111.0761,45.97138],[-111.08138,45.97166],[-111.07582,45.97499],[-111.08388,45.99444],[-111.08332,46.0011],[-111.09165,46.00027],[-111.09499,46.00249],[-111.1011,46.00388],[-111.10749,46.01027],[-111.11249,46.01277],[-111.11499,46.01638],[-111.11721,46.03499],[-111.11832,46.0386],[-111.11804,46.04527],[-111.12832,46.05583],[-111.12971,46.05944],[-111.12277,46.06027],[-111.11971,46.06333],[-111.12554,46.06222],[-111.13249,46.06305],[-111.13443,46.0611],[-111.13915,46.06249],[-111.13915,46.0661],[-111.14193,46.07194],[-111.14832,46.06999],[-111.14804,46.07305],[-111.14221,46.07333],[-111.13499,46.07194],[-111.13277,46.07333],[-111.12527,46.07194],[-111.12777,46.07555],[-111.12082,46.07444],[-111.11638,46.07638],[-111.10221,46.07638],[-111.09971,46.07527],[-111.09443,46.07777],[-111.09304,46.08055],[-111.08749,46.0786],[-111.08665,46.07555],[-111.08443,46.07972],[-111.08221,46.07722],[-111.07721,46.07694],[-111.07499,46.0811],[-111.06777,46.0811],[-111.07082,46.08833],[-111.06415,46.08194],[-111.05915,46.07583],[-111.05443,46.07305],[-111.04721,46.07222],[-111.05082,46.06805],[-111.04221,46.06805],[-111.04027,46.06951],[-111.05665,46.20016],[-111.06082,46.19638],[-111.06804,46.19916],[-111.08163,46.2061],[-111.08582,46.20585],[-111.07443,46.2011],[-111.0711,46.19638],[-111.06777,46.19583],[-111.06471,46.19055],[-111.06443,46.18277],[-111.07554,46.18444],[-111.07749,46.1861],[-111.07971,46.1836],[-111.07804,46.18083],[-111.08471,46.17999],[-111.08277,46.17722],[-111.08693,46.17194],[-111.09277,46.17083],[-111.09249,46.1686],[-111.09888,46.16722],[-111.09915,46.16527],[-111.10499,46.16444],[-111.10665,46.16194],[-111.1161,46.15666],[-111.1236,46.15555],[-111.12527,46.15416],[-111.13277,46.15333],[-111.13527,46.15694],[-111.13832,46.15027],[-111.14638,46.14916],[-111.15165,46.14999],[-111.16721,46.14833],[-111.16693,46.15138],[-111.17221,46.14999],[-111.18165,46.15138],[-111.18415,46.1536],[-111.18777,46.15277],[-111.18888,46.15527],[-111.19304,46.15527],[-111.2036,46.16277],[-111.20471,46.16138],[-111.20138,46.15805],[-111.20027,46.15194],[-111.18943,46.14249],[-111.19304,46.1336],[-111.19082,46.13249],[-111.18999,46.12499],[-111.19193,46.12416],[-111.19304,46.11944],[-111.19693,46.11944],[-111.19582,46.12333],[-111.20999,46.13722],[-111.21193,46.13388],[-111.21138,46.12777],[-111.21554,46.12499],[-111.21832,46.12583],[-111.21415,46.12972],[-111.21388,46.13277],[-111.22027,46.13194],[-111.22193,46.12833],[-111.22971,46.13333],[-111.23693,46.13305],[-111.23999,46.13055],[-111.24332,46.13083],[-111.24332,46.13722],[-111.25082,46.14527],[-111.24693,46.14916],[-111.24415,46.14916],[-111.24193,46.15277],[-111.2536,46.15027],[-111.26138,46.16277],[-111.25971,46.16583],[-111.25415,46.16722],[-111.25749,46.17472],[-111.2586,46.17027],[-111.26249,46.16888],[-111.2661,46.17277],[-111.26999,46.16888],[-111.26888,46.17472],[-111.2711,46.17999],[-111.26693,46.17916],[-111.26915,46.18555],[-111.26249,46.18583],[-111.26443,46.18833],[-111.27165,46.18722],[-111.27832,46.19083],[-111.27665,46.18722],[-111.27971,46.18666],[-111.27804,46.18305],[-111.2836,46.18305],[-111.28777,46.17944],[-111.2911,46.1811],[-111.29749,46.17916],[-111.29721,46.18277],[-111.30193,46.18583],[-111.30027,46.18749],[-111.29471,46.18749],[-111.2936,46.19302]],[[-111.24638,45.94222],[-111.24499,45.94499],[-111.23804,45.94666],[-111.23388,45.94222],[-111.24277,45.93944],[-111.24443,45.9361],[-111.24777,45.93527],[-111.24721,45.93194],[-111.25082,45.92972],[-111.25415,45.93055],[-111.2536,45.9386],[-111.25527,45.93999],[-111.25165,45.94194],[-111.24638,45.94222]],[[-111.28332,46.06666],[-111.28443,46.06833],[-111.28249,46.06888],[-111.28165,46.06722],[-111.27749,46.06694],[-111.28027,46.07055],[-111.27915,46.07527],[-111.27971,46.08138],[-111.27638,46.08027],[-111.27443,46.08388],[-111.2686,46.08444],[-111.26638,46.08249],[-111.26721,46.07916],[-111.2636,46.07416],[-111.25582,46.07388],[-111.26304,46.07999],[-111.25971,46.0861],[-111.26388,46.0911],[-111.26721,46.09277],[-111.27721,46.09305],[-111.27971,46.09638],[-111.28471,46.09472],[-111.28943,46.09722],[-111.29415,46.09722],[-111.29638,46.09472],[-111.29999,46.0986],[-111.29888,46.10055],[-111.29193,46.09999],[-111.29638,46.10388],[-111.28971,46.10666],[-111.2886,46.10944],[-111.29415,46.11166],[-111.29249,46.11472],[-111.29638,46.11666],[-111.29388,46.11805],[-111.29665,46.11972],[-111.2886,46.1211],[-111.28804,46.11833],[-111.28443,46.12027],[-111.28082,46.11999],[-111.27915,46.11666],[-111.27471,46.11722],[-111.27554,46.11444],[-111.27193,46.11388],[-111.27277,46.10999],[-111.26804,46.10833],[-111.26415,46.10972],[-111.2586,46.10638],[-111.25332,46.09999],[-111.25415,46.10749],[-111.24777,46.10472],[-111.24388,46.10583],[-111.24221,46.11333],[-111.23777,46.11249],[-111.23943,46.11027],[-111.23888,46.1061],[-111.23638,46.1061],[-111.23471,46.10055],[-111.22582,46.09944],[-111.22388,46.10305],[-111.21999,46.10333],[-111.21943,46.10916],[-111.21471,46.10805],[-111.21082,46.09999],[-111.21193,46.09555],[-111.20971,46.09388],[-111.20999,46.08916],[-111.20693,46.08833],[-111.20888,46.08472],[-111.20693,46.08249],[-111.20693,46.07138],[-111.20471,46.06888],[-111.2061,46.06388],[-111.20054,46.06444],[-111.20388,46.0561],[-111.20804,46.0511],[-111.20527,46.04833],[-111.20804,46.04666],[-111.21749,46.04499],[-111.21332,46.0411],[-111.21638,46.03972],[-111.21832,46.03583],[-111.22054,46.03944],[-111.22332,46.03944],[-111.22332,46.03444],[-111.22499,46.03249],[-111.2361,46.02777],[-111.22888,46.02638],[-111.22165,46.02638],[-111.22527,46.02305],[-111.22443,46.02083],[-111.22749,46.01583],[-111.23415,46.01472],[-111.23443,46.01027],[-111.2386,46.00916],[-111.23915,46.00583],[-111.24415,46.00444],[-111.24304,46.00222],[-111.23943,46.00249],[-111.24027,45.9986],[-111.24471,45.99805],[-111.24804,45.99444],[-111.25443,45.9936],[-111.25971,45.99055],[-111.26471,45.99138],[-111.26777,45.98916],[-111.27638,45.98833],[-111.27277,45.98749],[-111.26971,45.98416],[-111.27527,45.97999],[-111.27832,45.98027],[-111.28415,45.9761],[-111.28915,45.97472],[-111.29749,45.97416],[-111.29777,45.97249],[-111.30415,45.97027],[-111.3111,45.97166],[-111.31165,45.96805],[-111.31665,45.96833],[-111.31804,45.97083],[-111.32165,45.96916],[-111.32193,45.96555],[-111.33665,45.96499],[-111.34304,45.9636],[-111.3411,45.96694],[-111.34277,45.96944],[-111.33721,45.97222],[-111.33527,45.9761],[-111.3261,45.98499],[-111.3261,45.98722],[-111.32165,45.9886],[-111.32138,45.99138],[-111.3161,45.9911],[-111.31471,45.99388],[-111.3186,45.99388],[-111.32277,45.99972],[-111.32693,45.99444],[-111.32638,46.00472],[-111.33165,46.00472],[-111.32943,46.00749],[-111.32193,46.00777],[-111.31915,46.00555],[-111.31721,46.01583],[-111.32388,46.01472],[-111.32332,46.01833],[-111.32665,46.01777],[-111.32638,46.02055],[-111.32304,46.02166],[-111.31971,46.01777],[-111.31554,46.02027],[-111.31027,46.01583],[-111.30415,46.01249],[-111.30665,46.01722],[-111.30388,46.01916],[-111.30665,46.02055],[-111.30165,46.02166],[-111.30138,46.02333],[-111.30693,46.02416],[-111.30332,46.03027],[-111.30221,46.03472],[-111.30582,46.03666],[-111.31054,46.0336],[-111.31054,46.03638],[-111.31665,46.03305],[-111.31443,46.03666],[-111.30415,46.03944],[-111.30582,46.04277],[-111.30054,46.04472],[-111.3011,46.04027],[-111.29832,46.03749],[-111.29277,46.03527],[-111.29249,46.03722],[-111.29665,46.03944],[-111.29249,46.04305],[-111.29388,46.04722],[-111.29277,46.05305],[-111.28943,46.05222],[-111.28915,46.05499],[-111.28165,46.05083],[-111.27665,46.05083],[-111.27999,46.05499],[-111.27721,46.05694],[-111.28304,46.05749],[-111.28138,46.06027],[-111.28193,46.06388],[-111.28054,46.06416],[-111.28138,46.06694],[-111.28332,46.06666]],[[-111.24388,45.94749],[-111.24499,45.94527],[-111.24888,45.94583],[-111.24388,45.94749]],[[-111.23415,45.99666],[-111.22915,45.99749],[-111.23221,45.99249],[-111.23943,45.99055],[-111.23971,45.99222],[-111.23415,45.99666]]]},"properties":{"Cell":"D-10"}},
{"type":"Feature","geometry":{"type":"MultiPolygon","coordinates":[[[[-111.08163,46.2061],[-111.08693,46.20694],[-111.09165,46.21083],[-111.09415,46.21027],[-111.08582,46.20585],[-111.08163,46.2061]]],[[[-111.09838,46.52983],[-111.12888,46.52798],[-111.12665,46.52583],[-111.12832,46.52249],[-111.12304,46.52249],[-111.12138,46.51999],[-111.13054,46.5136],[-111.12943,46.50972],[-111.13082,46.50638],[-111.12415,46.50916],[-111.11443,46.51194],[-111.11138,46.50638],[-111.11888,46.50722],[-111.12221,46.50499],[-111.12082,46.49944],[-111.11582,46.49694],[-111.11221,46.48805],[-111.10554,46.48638],[-111.10471,46.48388],[-111.09999,46.48249],[-111.09415,46.48305],[-111.09215,46.48083],[-111.09838,46.52983]]],[[[-111.13804,46.52742],[-111.1486,46.52677],[-111.14527,46.52305],[-111.13804,46.52742]]],[[[-111.3965,46.51138],[-111.56572,46.50062],[-111.52225,46.17852],[-111.2936,46.19302],[-111.29165,46.19666],[-111.28638,46.19638],[-111.28277,46.19369],[-111.28221,46.19373],[-111.27888,46.19444],[-111.27832,46.20138],[-111.27999,46.20194],[-111.27999,46.20749],[-111.28499,46.20833],[-111.2861,46.2061],[-111.29249,46.20249],[-111.30249,46.20249],[-111.29638,46.20388],[-111.2986,46.20722],[-111.29304,46.20694],[-111.2886,46.20999],[-111.28721,46.21444],[-111.28721,46.22083],[-111.29082,46.22249],[-111.29582,46.22166],[-111.29332,46.2261],[-111.30193,46.2336],[-111.3011,46.23555],[-111.3061,46.2361],[-111.30721,46.2386],[-111.31277,46.24166],[-111.31527,46.24499],[-111.31165,46.2461],[-111.31527,46.24944],[-111.31471,46.25277],[-111.30943,46.24749],[-111.29888,46.2461],[-111.29804,46.24888],[-111.28054,46.24166],[-111.27804,46.23805],[-111.27554,46.24527],[-111.26721,46.24305],[-111.26471,46.23999],[-111.25971,46.23888],[-111.25749,46.2411],[-111.25471,46.23888],[-111.24804,46.23888],[-111.24971,46.24055],[-111.24082,46.23749],[-111.23888,46.23805],[-111.22888,46.23444],[-111.22527,46.23749],[-111.22082,46.23777],[-111.21165,46.23333],[-111.20054,46.23472],[-111.19388,46.22944],[-111.17443,46.22472],[-111.17638,46.22722],[-111.18277,46.22944],[-111.18888,46.22972],[-111.20054,46.23694],[-111.20888,46.2361],[-111.21304,46.23916],[-111.22082,46.2411],[-111.2286,46.23972],[-111.23082,46.23749],[-111.23721,46.24166],[-111.2461,46.24249],[-111.2536,46.24638],[-111.24971,46.24888],[-111.26165,46.24888],[-111.26554,46.25472],[-111.26277,46.25722],[-111.25582,46.25888],[-111.26971,46.25916],[-111.2736,46.26638],[-111.27777,46.26444],[-111.27943,46.26694],[-111.28249,46.26666],[-111.28193,46.26944],[-111.28943,46.27083],[-111.29193,46.27722],[-111.28665,46.2786],[-111.27721,46.27888],[-111.27527,46.27583],[-111.27165,46.27444],[-111.27027,46.27694],[-111.26527,46.27638],[-111.26499,46.27972],[-111.2586,46.28027],[-111.24888,46.27444],[-111.24415,46.27444],[-111.24332,46.27138],[-111.23915,46.27416],[-111.23304,46.26916],[-111.23777,46.27583],[-111.23277,46.27722],[-111.22777,46.28055],[-111.23165,46.2811],[-111.23915,46.27722],[-111.24582,46.28249],[-111.24165,46.28638],[-111.24638,46.28472],[-111.25277,46.28944],[-111.25249,46.29194],[-111.25665,46.29388],[-111.25777,46.29888],[-111.2486,46.29777],[-111.24888,46.30055],[-111.24554,46.30388],[-111.24749,46.30444],[-111.2411,46.30888],[-111.2436,46.31777],[-111.23749,46.31249],[-111.23138,46.31194],[-111.23165,46.30944],[-111.22777,46.31194],[-111.22582,46.30999],[-111.2186,46.30722],[-111.22138,46.31194],[-111.22082,46.31777],[-111.22388,46.31749],[-111.22693,46.32249],[-111.22332,46.32388],[-111.22499,46.32722],[-111.21499,46.32888],[-111.21527,46.32555],[-111.21165,46.32166],[-111.21527,46.31416],[-111.21471,46.31027],[-111.2111,46.30833],[-111.21193,46.31138],[-111.20554,46.31277],[-111.20304,46.31055],[-111.20249,46.31388],[-111.19443,46.30999],[-111.19471,46.30472],[-111.19138,46.30694],[-111.18888,46.30583],[-111.19054,46.30083],[-111.18777,46.30277],[-111.18499,46.30166],[-111.1861,46.29805],[-111.18304,46.29999],[-111.17471,46.29972],[-111.16499,46.2961],[-111.16999,46.30166],[-111.1811,46.30249],[-111.18665,46.30999],[-111.18777,46.31555],[-111.19138,46.31444],[-111.19693,46.31916],[-111.19165,46.31777],[-111.18971,46.32222],[-111.18165,46.32194],[-111.18165,46.31944],[-111.17443,46.31888],[-111.17388,46.31472],[-111.17138,46.3186],[-111.16554,46.31944],[-111.17388,46.32194],[-111.17665,46.32555],[-111.17332,46.32527],[-111.1736,46.32805],[-111.16888,46.3261],[-111.16582,46.32749],[-111.16193,46.3261],[-111.15749,46.31972],[-111.15527,46.3186],[-111.15499,46.32305],[-111.15888,46.32805],[-111.15888,46.33027],[-111.1486,46.32944],[-111.15665,46.33388],[-111.15915,46.3336],[-111.15971,46.33805],[-111.15582,46.33916],[-111.14943,46.33722],[-111.1511,46.34027],[-111.14332,46.34499],[-111.13888,46.34222],[-111.13804,46.34583],[-111.13221,46.34555],[-111.12999,46.35527],[-111.12804,46.35722],[-111.1211,46.35694],[-111.12693,46.35944],[-111.12638,46.36527],[-111.12249,46.36972],[-111.12721,46.36694],[-111.13054,46.35944],[-111.13443,46.35805],[-111.1386,46.36805],[-111.1386,46.35722],[-111.14054,46.35194],[-111.14554,46.34999],[-111.15249,46.35166],[-111.15638,46.34833],[-111.16304,46.34972],[-111.16082,46.34666],[-111.16832,46.34388],[-111.16999,46.34083],[-111.17888,46.34027],[-111.18165,46.33833],[-111.18304,46.33416],[-111.18721,46.33249],[-111.19027,46.33472],[-111.19527,46.33472],[-111.1986,46.33638],[-111.19721,46.33833],[-111.2036,46.34333],[-111.2036,46.34555],[-111.19777,46.34499],[-111.19165,46.34666],[-111.18665,46.34666],[-111.18721,46.3486],[-111.18221,46.35333],[-111.17832,46.35527],[-111.17277,46.36249],[-111.18165,46.35638],[-111.18388,46.35583],[-111.18638,46.35999],[-111.1861,46.35472],[-111.19471,46.34972],[-111.20138,46.34972],[-111.20582,46.35166],[-111.20721,46.35416],[-111.20943,46.35083],[-111.21221,46.3511],[-111.21249,46.3561],[-111.20665,46.36166],[-111.20082,46.36249],[-111.20388,46.3636],[-111.21332,46.36388],[-111.21221,46.36138],[-111.22027,46.35777],[-111.22304,46.36416],[-111.22471,46.36166],[-111.22471,46.3536],[-111.22693,46.34999],[-111.22415,46.34388],[-111.22693,46.34249],[-111.23332,46.34333],[-111.23221,46.34833],[-111.23638,46.3461],[-111.24277,46.35194],[-111.24388,46.35472],[-111.24777,46.35333],[-111.2461,46.36083],[-111.2511,46.35777],[-111.25304,46.35416],[-111.25804,46.35027],[-111.25999,46.35333],[-111.25721,46.35527],[-111.26193,46.35527],[-111.26249,46.35777],[-111.25832,46.35944],[-111.26138,46.36055],[-111.2661,46.35888],[-111.26499,46.36472],[-111.25999,46.36388],[-111.26054,46.36722],[-111.26332,46.36777],[-111.25999,46.37666],[-111.2686,46.37277],[-111.27415,46.37527],[-111.27527,46.38222],[-111.2786,46.37777],[-111.28082,46.37888],[-111.28082,46.38305],[-111.2861,46.38499],[-111.28527,46.38833],[-111.27943,46.38805],[-111.2811,46.39222],[-111.29027,46.38999],[-111.29388,46.39277],[-111.29249,46.39555],[-111.29832,46.39722],[-111.29582,46.40083],[-111.29888,46.40222],[-111.30027,46.4061],[-111.30304,46.40638],[-111.30499,46.41333],[-111.29999,46.41333],[-111.29499,46.41583],[-111.30277,46.4161],[-111.30665,46.41777],[-111.30415,46.41999],[-111.30832,46.42249],[-111.30638,46.42583],[-111.30638,46.43916],[-111.30971,46.43916],[-111.31165,46.44222],[-111.31804,46.44249],[-111.3211,46.45138],[-111.32471,46.45194],[-111.3236,46.45722],[-111.31471,46.46055],[-111.31999,46.46277],[-111.31999,46.46472],[-111.32554,46.46527],[-111.32527,46.46805],[-111.31749,46.47388],[-111.32749,46.47305],[-111.3361,46.46749],[-111.33888,46.46805],[-111.33777,46.47305],[-111.34193,46.47194],[-111.34665,46.46527],[-111.3536,46.46583],[-111.35915,46.47083],[-111.36499,46.47138],[-111.36804,46.47722],[-111.36527,46.47972],[-111.35582,46.47833],[-111.35304,46.47388],[-111.3486,46.47527],[-111.34721,46.47333],[-111.34193,46.4761],[-111.34388,46.47972],[-111.33971,46.48027],[-111.33249,46.47833],[-111.32749,46.47888],[-111.32249,46.48194],[-111.32888,46.48083],[-111.33332,46.48499],[-111.32165,46.49055],[-111.31554,46.49194],[-111.32388,46.49222],[-111.32415,46.49416],[-111.32721,46.49249],[-111.33249,46.49249],[-111.33665,46.49083],[-111.34665,46.49083],[-111.34971,46.49277],[-111.35277,46.49166],[-111.35721,46.49416],[-111.35249,46.49999],[-111.35971,46.49805],[-111.36415,46.50138],[-111.3636,46.49833],[-111.37027,46.49638],[-111.37693,46.49583],[-111.3736,46.50138],[-111.3786,46.50138],[-111.38082,46.49805],[-111.39193,46.49749],[-111.38693,46.49888],[-111.38332,46.50166],[-111.38777,46.50277],[-111.38777,46.50472],[-111.39249,46.5061],[-111.39388,46.50888],[-111.39165,46.51055],[-111.3965,46.51138]],[[-111.38249,46.47722],[-111.38249,46.48222],[-111.37804,46.48249],[-111.37749,46.47972],[-111.38249,46.47722]],[[-111.37638,46.46277],[-111.38027,46.46555],[-111.37499,46.46555],[-111.37638,46.46277]],[[-111.32693,46.28583],[-111.32888,46.28666],[-111.32971,46.29138],[-111.3261,46.28972],[-111.32693,46.28583]]]]},"properties":{"Cell":"D-9"}},
{"type":"Feature","geometry":{"type":"MultiPolygon","coordinates":[[[[-111.6059,46.79499],[-111.60054,46.79444],[-111.60613,46.79666],[-111.6059,46.79499]]],[[[-111.2461,46.84559],[-111.25249,46.84519],[-111.24777,46.83972],[-111.24304,46.84083],[-111.2461,46.84559]]],[[[-111.27499,46.8438],[-111.46054,46.83221],[-111.45638,46.83055],[-111.4511,46.82527],[-111.44693,46.81777],[-111.44193,46.81694],[-111.43915,46.81222],[-111.43582,46.81305],[-111.43388,46.80972],[-111.44138,46.80694],[-111.44443,46.8036],[-111.44693,46.8036],[-111.44915,46.79999],[-111.46277,46.79444],[-111.45332,46.79472],[-111.45193,46.79333],[-111.44138,46.79944],[-111.4311,46.79638],[-111.42971,46.78972],[-111.42499,46.7886],[-111.42221,46.78194],[-111.4111,46.77333],[-111.40888,46.77333],[-111.4036,46.76888],[-111.39888,46.76694],[-111.40582,46.75249],[-111.40027,46.75083],[-111.40138,46.74749],[-111.39527,46.74527],[-111.38415,46.74472],[-111.38027,46.74027],[-111.38277,46.73805],[-111.3761,46.73833],[-111.37415,46.72972],[-111.37554,46.7261],[-111.37388,46.72083],[-111.36832,46.72305],[-111.36471,46.7261],[-111.36527,46.7311],[-111.36027,46.73638],[-111.3561,46.73749],[-111.34443,46.73666],[-111.34304,46.73499],[-111.33693,46.73555],[-111.32138,46.72666],[-111.31165,46.72444],[-111.30165,46.71583],[-111.31054,46.71833],[-111.31332,46.72055],[-111.31915,46.72138],[-111.31749,46.71805],[-111.31249,46.71333],[-111.30665,46.70944],[-111.2986,46.70583],[-111.28943,46.7036],[-111.28277,46.69833],[-111.29138,46.69805],[-111.29415,46.70027],[-111.31554,46.70833],[-111.3236,46.70805],[-111.31749,46.70472],[-111.31721,46.70249],[-111.31082,46.70333],[-111.30665,46.69972],[-111.31054,46.6961],[-111.31665,46.69666],[-111.32527,46.69944],[-111.33499,46.69999],[-111.33415,46.69805],[-111.34221,46.6961],[-111.33693,46.69027],[-111.33888,46.68888],[-111.3436,46.68999],[-111.34415,46.68833],[-111.35027,46.68888],[-111.35054,46.69027],[-111.35638,46.68888],[-111.35749,46.69138],[-111.35415,46.69388],[-111.3611,46.6936],[-111.36054,46.69999],[-111.36638,46.70166],[-111.36527,46.70583],[-111.35582,46.70666],[-111.3561,46.70805],[-111.36443,46.70805],[-111.3711,46.71055],[-111.37415,46.70583],[-111.37915,46.70666],[-111.38027,46.70416],[-111.37777,46.69944],[-111.37971,46.69666],[-111.37693,46.69388],[-111.37193,46.6936],[-111.37027,46.6886],[-111.3636,46.6886],[-111.36054,46.68527],[-111.37777,46.6836],[-111.37638,46.68083],[-111.36554,46.67999],[-111.36804,46.67388],[-111.37554,46.6686],[-111.38027,46.66666],[-111.38415,46.66027],[-111.38165,46.66027],[-111.37721,46.66555],[-111.36971,46.66805],[-111.36277,46.66694],[-111.36249,46.66083],[-111.35999,46.66027],[-111.36082,46.66499],[-111.35832,46.66638],[-111.36249,46.67194],[-111.35527,46.68027],[-111.34943,46.68222],[-111.34943,46.67944],[-111.34415,46.6811],[-111.3436,46.67805],[-111.34971,46.67499],[-111.3461,46.67305],[-111.34221,46.66805],[-111.34249,46.6736],[-111.33638,46.67472],[-111.33888,46.67638],[-111.33721,46.68249],[-111.33165,46.68166],[-111.33249,46.68416],[-111.32749,46.6861],[-111.32165,46.68666],[-111.30832,46.68555],[-111.30415,46.68416],[-111.30443,46.68222],[-111.31277,46.68222],[-111.31999,46.68055],[-111.31388,46.67583],[-111.31415,46.67138],[-111.32471,46.6711],[-111.31943,46.66805],[-111.31971,46.66638],[-111.32693,46.6661],[-111.32804,46.66416],[-111.32221,46.66333],[-111.32693,46.65555],[-111.33277,46.65472],[-111.33138,46.65333],[-111.33554,46.65027],[-111.33193,46.64999],[-111.32804,46.65277],[-111.32554,46.65138],[-111.3261,46.65333],[-111.31749,46.66166],[-111.31054,46.66138],[-111.31415,46.66388],[-111.31027,46.66777],[-111.30777,46.66694],[-111.30832,46.66138],[-111.30499,46.66527],[-111.3011,46.6661],[-111.29332,46.66166],[-111.29527,46.65916],[-111.30165,46.65638],[-111.30054,46.65444],[-111.29193,46.65833],[-111.29304,46.65472],[-111.28971,46.65694],[-111.28582,46.65583],[-111.27638,46.64777],[-111.27749,46.6461],[-111.28665,46.64583],[-111.2961,46.64333],[-111.28638,46.64388],[-111.27471,46.6436],[-111.2736,46.63916],[-111.28221,46.63694],[-111.28777,46.63833],[-111.28443,46.63555],[-111.28804,46.63388],[-111.28554,46.63333],[-111.29027,46.62888],[-111.29554,46.62805],[-111.2961,46.6211],[-111.29332,46.62416],[-111.2886,46.62527],[-111.28193,46.62999],[-111.27443,46.6311],[-111.27193,46.62805],[-111.26888,46.63055],[-111.26443,46.6311],[-111.26415,46.62916],[-111.2586,46.62944],[-111.26249,46.6236],[-111.26832,46.61999],[-111.26304,46.62138],[-111.25638,46.62555],[-111.24915,46.62388],[-111.2511,46.61972],[-111.2436,46.61999],[-111.24304,46.61805],[-111.24027,46.61833],[-111.23554,46.61555],[-111.23304,46.60833],[-111.22777,46.60916],[-111.2286,46.60749],[-111.23721,46.60666],[-111.23943,46.60444],[-111.2286,46.60333],[-111.2261,46.59722],[-111.23388,46.59555],[-111.23277,46.59194],[-111.2286,46.59305],[-111.22054,46.59138],[-111.22804,46.58499],[-111.21749,46.58555],[-111.21499,46.58166],[-111.22249,46.58027],[-111.22527,46.57749],[-111.21832,46.57555],[-111.21777,46.57277],[-111.21082,46.56999],[-111.21249,46.56722],[-111.21804,46.56638],[-111.21221,46.56499],[-111.20943,46.56138],[-111.20777,46.5561],[-111.2061,46.56083],[-111.20193,46.5611],[-111.20249,46.56722],[-111.19665,46.56694],[-111.18832,46.5636],[-111.18554,46.56694],[-111.17804,46.56638],[-111.17804,46.56416],[-111.18277,46.56083],[-111.17749,46.56055],[-111.17582,46.55388],[-111.16915,46.55416],[-111.16665,46.56055],[-111.16388,46.55722],[-111.15832,46.55888],[-111.15249,46.55555],[-111.1486,46.55277],[-111.15554,46.55138],[-111.15777,46.54888],[-111.1636,46.54694],[-111.1636,46.54305],[-111.16054,46.53972],[-111.15582,46.54333],[-111.15027,46.54388],[-111.14665,46.54277],[-111.14582,46.54833],[-111.14332,46.54916],[-111.14138,46.54583],[-111.14027,46.54249],[-111.14415,46.54083],[-111.14471,46.53499],[-111.15388,46.53027],[-111.15027,46.52972],[-111.15027,46.52749],[-111.1486,46.52677],[-111.13804,46.52742],[-111.13221,46.52916],[-111.12888,46.52798],[-111.09838,46.52983],[-111.13965,46.8521],[-111.23415,46.84632],[-111.23027,46.84277],[-111.2311,46.83833],[-111.22777,46.83638],[-111.23054,46.83249],[-111.22443,46.83166],[-111.22527,46.82722],[-111.2211,46.8236],[-111.21804,46.83083],[-111.21499,46.82999],[-111.21527,46.82666],[-111.21027,46.82499],[-111.2086,46.81916],[-111.20943,46.81499],[-111.20304,46.81555],[-111.20721,46.81166],[-111.20443,46.80916],[-111.2111,46.80972],[-111.21249,46.80527],[-111.20777,46.80416],[-111.20915,46.80194],[-111.21415,46.80166],[-111.21332,46.79944],[-111.22165,46.79916],[-111.21332,46.79416],[-111.22165,46.79416],[-111.22082,46.79166],[-111.22971,46.78999],[-111.22804,46.78777],[-111.23249,46.78749],[-111.23721,46.78972],[-111.2361,46.7861],[-111.24388,46.78333],[-111.25582,46.78472],[-111.2486,46.77999],[-111.25804,46.77916],[-111.25665,46.7761],[-111.26443,46.77888],[-111.26665,46.78249],[-111.2686,46.77916],[-111.27304,46.77972],[-111.26749,46.77527],[-111.28027,46.77527],[-111.27943,46.77277],[-111.28471,46.77388],[-111.28388,46.77166],[-111.29165,46.77222],[-111.2936,46.77833],[-111.29721,46.77749],[-111.29777,46.7736],[-111.30554,46.77638],[-111.31277,46.77305],[-111.32027,46.7761],[-111.31915,46.77222],[-111.32971,46.7711],[-111.33138,46.77305],[-111.33721,46.77249],[-111.34054,46.7736],[-111.34027,46.77083],[-111.34582,46.7711],[-111.34971,46.76888],[-111.35443,46.76916],[-111.35249,46.76555],[-111.35638,46.76333],[-111.3486,46.76333],[-111.34138,46.75972],[-111.33638,46.7586],[-111.33665,46.75444],[-111.34193,46.75472],[-111.34888,46.75249],[-111.35749,46.75499],[-111.35971,46.75805],[-111.35915,46.76305],[-111.36471,46.76388],[-111.37388,46.7636],[-111.38193,46.76805],[-111.39193,46.77027],[-111.39471,46.77416],[-111.40082,46.77694],[-111.40249,46.78083],[-111.40721,46.78416],[-111.4061,46.79055],[-111.40777,46.79388],[-111.40693,46.80083],[-111.40999,46.80249],[-111.40332,46.80833],[-111.39943,46.80777],[-111.39332,46.80916],[-111.39027,46.80805],[-111.38415,46.80888],[-111.38304,46.80638],[-111.37915,46.80666],[-111.38027,46.80972],[-111.37443,46.80666],[-111.3786,46.81083],[-111.38527,46.81222],[-111.38693,46.81388],[-111.38082,46.81666],[-111.3911,46.81694],[-111.38721,46.8211],[-111.37999,46.82249],[-111.37554,46.82222],[-111.36971,46.81999],[-111.35749,46.81805],[-111.35582,46.81444],[-111.34999,46.81749],[-111.35054,46.82694],[-111.34693,46.82833],[-111.34527,46.81972],[-111.34277,46.81916],[-111.33221,46.82027],[-111.32999,46.82194],[-111.33221,46.82805],[-111.33138,46.83166],[-111.32471,46.83166],[-111.32499,46.82972],[-111.32082,46.8286],[-111.32193,46.82333],[-111.31388,46.82138],[-111.30804,46.82222],[-111.31388,46.81638],[-111.31999,46.81333],[-111.31082,46.81305],[-111.30888,46.81444],[-111.30054,46.81527],[-111.3011,46.81277],[-111.3086,46.80499],[-111.3011,46.8086],[-111.30165,46.80194],[-111.29499,46.80972],[-111.29582,46.81249],[-111.29054,46.81444],[-111.29138,46.81805],[-111.28832,46.8186],[-111.28415,46.81555],[-111.28138,46.80944],[-111.27777,46.80777],[-111.27777,46.81249],[-111.2736,46.8111],[-111.26665,46.81083],[-111.27277,46.81416],[-111.27554,46.81833],[-111.27443,46.82083],[-111.2786,46.8236],[-111.27804,46.82555],[-111.26832,46.82277],[-111.26582,46.81916],[-111.26388,46.8211],[-111.25915,46.8211],[-111.25554,46.81888],[-111.25527,46.81472],[-111.25221,46.81249],[-111.25027,46.81583],[-111.24415,46.8136],[-111.24749,46.81749],[-111.24388,46.81972],[-111.25054,46.82083],[-111.25165,46.82333],[-111.24693,46.82749],[-111.25638,46.82666],[-111.25749,46.83027],[-111.26554,46.83083],[-111.26388,46.83388],[-111.27277,46.83499],[-111.27082,46.83638],[-111.26415,46.83638],[-111.2661,46.83944],[-111.27527,46.84055],[-111.27499,46.8438]],[[-111.16388,46.56055],[-111.16388,46.56333],[-111.15971,46.56305],[-111.16388,46.56055]],[[-111.36193,46.83499],[-111.36054,46.83083],[-111.3636,46.82972],[-111.36832,46.83277],[-111.36193,46.83499]],[[-111.39193,46.83138],[-111.38721,46.82722],[-111.39221,46.82749],[-111.39415,46.82999],[-111.39193,46.83138]],[[-111.28915,46.83166],[-111.29138,46.82749],[-111.29471,46.82638],[-111.29499,46.83444],[-111.28915,46.83166]],[[-111.4161,46.8011],[-111.41388,46.7961],[-111.41527,46.79166],[-111.42582,46.7911],[-111.42527,46.79499],[-111.4161,46.8011]],[[-111.3286,46.74944],[-111.32304,46.74722],[-111.3261,46.7461],[-111.33082,46.74916],[-111.3286,46.74944]],[[-111.31193,46.75055],[-111.30665,46.74972],[-111.29971,46.74499],[-111.2936,46.74499],[-111.28554,46.73972],[-111.2861,46.73777],[-111.29304,46.73916],[-111.30027,46.74305],[-111.30832,46.74499],[-111.31304,46.74944],[-111.31193,46.75055]]],[[[-111.3965,46.51138],[-111.40499,46.51472],[-111.41499,46.52444],[-111.41582,46.52972],[-111.41999,46.53194],[-111.42332,46.53805],[-111.42249,46.54527],[-111.42527,46.55416],[-111.42415,46.56166],[-111.42027,46.56916],[-111.42527,46.56972],[-111.42777,46.57555],[-111.41888,46.57555],[-111.42249,46.57888],[-111.41471,46.57888],[-111.41915,46.58333],[-111.41665,46.58416],[-111.41749,46.58749],[-111.40721,46.58722],[-111.4011,46.58555],[-111.40027,46.58777],[-111.40999,46.59638],[-111.40138,46.59666],[-111.39165,46.59888],[-111.38888,46.60666],[-111.38304,46.60472],[-111.37138,46.60472],[-111.37693,46.60722],[-111.38415,46.6086],[-111.37804,46.61472],[-111.36638,46.61944],[-111.37193,46.61916],[-111.37971,46.61583],[-111.3836,46.61777],[-111.38721,46.62638],[-111.3861,46.61833],[-111.3836,46.61472],[-111.38527,46.61249],[-111.3936,46.60944],[-111.39443,46.60555],[-111.40027,46.60138],[-111.41304,46.60194],[-111.41138,46.60472],[-111.41138,46.61083],[-111.41804,46.60333],[-111.42193,46.60694],[-111.42221,46.6111],[-111.42499,46.61055],[-111.4261,46.60277],[-111.43193,46.59944],[-111.43749,46.60277],[-111.43804,46.59777],[-111.4436,46.58694],[-111.44721,46.58805],[-111.45027,46.5961],[-111.44721,46.60222],[-111.45027,46.60499],[-111.45082,46.60083],[-111.45415,46.59972],[-111.45832,46.59583],[-111.45721,46.59416],[-111.46027,46.59138],[-111.45749,46.58749],[-111.45888,46.58444],[-111.45665,46.58277],[-111.45999,46.5811],[-111.45915,46.57888],[-111.46388,46.57694],[-111.46527,46.57388],[-111.4686,46.57694],[-111.46804,46.58472],[-111.47221,46.58916],[-111.47388,46.58444],[-111.47804,46.57999],[-111.48082,46.58222],[-111.48193,46.59194],[-111.48388,46.59333],[-111.47999,46.59472],[-111.47693,46.59333],[-111.47082,46.59472],[-111.4711,46.59749],[-111.46721,46.60083],[-111.46693,46.60555],[-111.47915,46.60083],[-111.48332,46.6011],[-111.48471,46.60388],[-111.48082,46.61027],[-111.48804,46.61083],[-111.48804,46.61333],[-111.47999,46.61472],[-111.46971,46.61472],[-111.46527,46.61583],[-111.46443,46.61305],[-111.45971,46.61444],[-111.46054,46.61777],[-111.45443,46.61805],[-111.44332,46.61666],[-111.44443,46.62222],[-111.44777,46.61999],[-111.4586,46.62333],[-111.44082,46.62833],[-111.43971,46.6311],[-111.42943,46.6261],[-111.43249,46.63305],[-111.43749,46.63444],[-111.43332,46.63638],[-111.43388,46.63944],[-111.42332,46.63944],[-111.42971,46.6411],[-111.42471,46.64583],[-111.42193,46.66166],[-111.42527,46.65972],[-111.43193,46.66472],[-111.4261,46.65749],[-111.42693,46.65138],[-111.43054,46.64499],[-111.43693,46.64416],[-111.44193,46.63999],[-111.43665,46.64972],[-111.44082,46.65027],[-111.44221,46.64749],[-111.45193,46.64749],[-111.45165,46.63527],[-111.45554,46.63277],[-111.4586,46.63833],[-111.46332,46.63944],[-111.46221,46.63694],[-111.46527,46.63333],[-111.47221,46.63333],[-111.47471,46.63499],[-111.46999,46.63749],[-111.4686,46.64138],[-111.47193,46.63944],[-111.47915,46.63805],[-111.48054,46.63333],[-111.4811,46.62527],[-111.48665,46.62694],[-111.48665,46.63444],[-111.48832,46.63499],[-111.49165,46.63083],[-111.49415,46.63694],[-111.49721,46.63138],[-111.5011,46.63138],[-111.50499,46.63555],[-111.50749,46.63277],[-111.50749,46.62944],[-111.51304,46.63499],[-111.51249,46.63944],[-111.51693,46.63722],[-111.51554,46.6311],[-111.51749,46.63027],[-111.51388,46.62083],[-111.51527,46.61888],[-111.51888,46.62416],[-111.5186,46.62666],[-111.52499,46.62694],[-111.52777,46.62999],[-111.52165,46.63249],[-111.52388,46.6361],[-111.52054,46.63638],[-111.51749,46.63999],[-111.51749,46.6436],[-111.5136,46.6461],[-111.5186,46.64722],[-111.52332,46.64583],[-111.52388,46.64777],[-111.52971,46.64638],[-111.52999,46.64194],[-111.5336,46.6411],[-111.53304,46.6386],[-111.53693,46.63583],[-111.53665,46.63888],[-111.54082,46.63777],[-111.54471,46.63972],[-111.54443,46.64666],[-111.53693,46.64916],[-111.53165,46.64777],[-111.52471,46.65222],[-111.53027,46.65444],[-111.52554,46.65472],[-111.52582,46.65722],[-111.52304,46.66388],[-111.52971,46.66166],[-111.5261,46.66583],[-111.52749,46.66749],[-111.52332,46.66916],[-111.5161,46.66999],[-111.51915,46.67333],[-111.52388,46.67166],[-111.52999,46.67166],[-111.52249,46.6761],[-111.51971,46.67999],[-111.50749,46.67999],[-111.50415,46.68333],[-111.49804,46.68388],[-111.49943,46.68666],[-111.48749,46.68305],[-111.48665,46.68722],[-111.48249,46.68972],[-111.4686,46.69166],[-111.47193,46.69249],[-111.48527,46.69249],[-111.48693,46.69416],[-111.48999,46.69194],[-111.50138,46.69277],[-111.49388,46.70194],[-111.48804,46.70277],[-111.48582,46.70138],[-111.48415,46.70499],[-111.48971,46.70666],[-111.48832,46.70888],[-111.47693,46.70722],[-111.46582,46.71194],[-111.47749,46.71027],[-111.48554,46.71277],[-111.47943,46.71805],[-111.48638,46.71805],[-111.48638,46.72194],[-111.48221,46.72305],[-111.48277,46.7261],[-111.47443,46.7311],[-111.47054,46.73138],[-111.47027,46.73444],[-111.47415,46.73277],[-111.48054,46.73444],[-111.47915,46.73194],[-111.48277,46.72972],[-111.4861,46.73166],[-111.4861,46.72833],[-111.49193,46.72527],[-111.49443,46.72666],[-111.4936,46.73388],[-111.49471,46.73499],[-111.4986,46.73083],[-111.50249,46.73666],[-111.50221,46.73972],[-111.50582,46.73888],[-111.51138,46.74055],[-111.51721,46.74416],[-111.51527,46.74083],[-111.50915,46.73722],[-111.50304,46.72916],[-111.51082,46.7261],[-111.51082,46.72499],[-111.50054,46.72527],[-111.49582,46.72222],[-111.49249,46.71666],[-111.49332,46.71277],[-111.49749,46.71666],[-111.49971,46.70666],[-111.50527,46.69916],[-111.50888,46.69944],[-111.51165,46.70277],[-111.51332,46.70805],[-111.51277,46.71416],[-111.5161,46.71027],[-111.51721,46.70027],[-111.51471,46.69638],[-111.51915,46.69194],[-111.52304,46.70055],[-111.52971,46.7036],[-111.52999,46.71222],[-111.53415,46.70944],[-111.53777,46.71222],[-111.53471,46.70638],[-111.53999,46.70027],[-111.53277,46.70055],[-111.5286,46.69833],[-111.52721,46.69499],[-111.53304,46.69666],[-111.5336,46.6936],[-111.52999,46.69166],[-111.52804,46.68777],[-111.53082,46.68194],[-111.53804,46.68749],[-111.53971,46.6861],[-111.53804,46.67749],[-111.54415,46.67777],[-111.54332,46.67027],[-111.55054,46.67388],[-111.55304,46.68027],[-111.55638,46.6786],[-111.55499,46.67055],[-111.55832,46.67333],[-111.56499,46.67472],[-111.56165,46.67083],[-111.56499,46.66888],[-111.56388,46.66527],[-111.55832,46.66138],[-111.55777,46.65944],[-111.56665,46.65916],[-111.56304,46.65444],[-111.56138,46.64944],[-111.56777,46.65249],[-111.57693,46.65305],[-111.57832,46.65499],[-111.5836,46.65583],[-111.58165,46.6586],[-111.57499,46.66194],[-111.57665,46.66555],[-111.58082,46.6661],[-111.57915,46.67166],[-111.57554,46.67222],[-111.57693,46.67583],[-111.5736,46.6786],[-111.57971,46.67833],[-111.58054,46.68083],[-111.57249,46.68555],[-111.58027,46.68555],[-111.58082,46.68777],[-111.57693,46.6936],[-111.5686,46.69944],[-111.56082,46.70388],[-111.55749,46.70944],[-111.56415,46.70333],[-111.57332,46.70055],[-111.57999,46.69499],[-111.58221,46.69499],[-111.58582,46.68888],[-111.59134,46.6886],[-111.59126,46.68805],[-111.58665,46.68666],[-111.58693,46.68277],[-111.59035,46.68138],[-111.59024,46.68055],[-111.5861,46.6786],[-111.58665,46.67055],[-111.58887,46.67055],[-111.56572,46.50062],[-111.3965,46.51138]]],[[[-111.59377,46.70638],[-111.58749,46.70499],[-111.59415,46.70916],[-111.59377,46.70638]]],[[[-111.59483,46.71416],[-111.59138,46.7136],[-111.58582,46.7161],[-111.58388,46.71444],[-111.57943,46.72027],[-111.57888,46.72388],[-111.58193,46.72277],[-111.58304,46.71972],[-111.58971,46.71916],[-111.59582,46.72138],[-111.59483,46.71416]]],[[[-111.59658,46.72694],[-111.59332,46.73305],[-111.59719,46.73138],[-111.59658,46.72694]]],[[[-111.59721,46.73153],[-111.5961,46.7361],[-111.59693,46.7461],[-111.59277,46.7461],[-111.59471,46.75027],[-111.58165,46.75027],[-111.57971,46.75527],[-111.58888,46.75583],[-111.58332,46.76277],[-111.59499,46.76333],[-111.59888,46.76555],[-111.60175,46.76472],[-111.59721,46.73153]]]]},"properties":{"Cell":"D-8"}},
{"type":"Feature","geometry":{"type":"Polygon","coordinates":[[[-111.77721,46.81174],[-112.07923,46.79144],[-112.04273,46.53999],[-112.03721,46.54305],[-112.03415,46.54249],[-112.03443,46.53805],[-112.02693,46.53805],[-112.02388,46.53694],[-112.02332,46.5336],[-112.0261,46.53138],[-112.01499,46.52722],[-112.0186,46.52527],[-112.01582,46.5236],[-112.01804,46.51916],[-112.02193,46.51555],[-112.02582,46.51555],[-112.02777,46.51166],[-112.03693,46.51805],[-112.03944,46.51722],[-112.03749,46.50694],[-112.03415,46.50527],[-112.03193,46.50722],[-112.02138,46.5036],[-112.02332,46.49999],[-112.03027,46.49944],[-112.03707,46.50083],[-112.03255,46.46953],[-111.92332,46.47695],[-111.92193,46.47944],[-111.9136,46.48222],[-111.91027,46.48194],[-111.90665,46.47808],[-111.83388,46.48296],[-111.82971,46.48749],[-111.83888,46.48527],[-111.83804,46.49416],[-111.83999,46.49472],[-111.83804,46.5011],[-111.83277,46.50166],[-111.83332,46.50749],[-111.83027,46.51027],[-111.82721,46.51666],[-111.81999,46.51749],[-111.81915,46.52249],[-111.81693,46.52499],[-111.80415,46.52083],[-111.79999,46.51583],[-111.78777,46.51333],[-111.78888,46.50972],[-111.78388,46.50972],[-111.78138,46.50722],[-111.7836,46.50027],[-111.77804,46.49999],[-111.7736,46.49555],[-111.77499,46.49166],[-111.76638,46.48745],[-111.56572,46.50062],[-111.58887,46.67055],[-111.59193,46.67083],[-111.58999,46.66527],[-111.5986,46.66305],[-111.60804,46.66555],[-111.60915,46.66972],[-111.6136,46.66999],[-111.6161,46.66694],[-111.6186,46.6686],[-111.62527,46.66666],[-111.62138,46.67305],[-111.61915,46.67305],[-111.61971,46.67694],[-111.62332,46.67694],[-111.62388,46.67444],[-111.62915,46.67249],[-111.63388,46.67444],[-111.64027,46.67888],[-111.63471,46.67888],[-111.62777,46.68305],[-111.62915,46.68527],[-111.62638,46.68749],[-111.61804,46.68638],[-111.6111,46.6911],[-111.61138,46.69555],[-111.60499,46.69833],[-111.60388,46.70194],[-111.59832,46.70055],[-111.59721,46.70583],[-111.59377,46.70638],[-111.59415,46.70916],[-111.6011,46.70944],[-111.60415,46.71138],[-111.60221,46.71333],[-111.59483,46.71416],[-111.59582,46.72138],[-111.59888,46.72083],[-111.59888,46.72499],[-111.59658,46.72694],[-111.59719,46.73138],[-111.59721,46.73153],[-111.60175,46.76472],[-111.60665,46.76027],[-111.6011,46.75777],[-111.60082,46.75222],[-111.60249,46.75055],[-111.60804,46.75277],[-111.60693,46.7486],[-111.60332,46.74638],[-111.6036,46.74166],[-111.6086,46.74166],[-111.60527,46.73833],[-111.60971,46.73583],[-111.60499,46.73444],[-111.60554,46.73138],[-111.61054,46.72972],[-111.60693,46.72583],[-111.61027,46.72444],[-111.60888,46.72249],[-111.61415,46.71972],[-111.6161,46.7161],[-111.61777,46.71805],[-111.61915,46.72722],[-111.62388,46.73194],[-111.62277,46.72555],[-111.62443,46.72138],[-111.62888,46.72638],[-111.63471,46.72638],[-111.63777,46.72305],[-111.63332,46.72333],[-111.63138,46.71833],[-111.63582,46.71833],[-111.62804,46.71194],[-111.62943,46.70972],[-111.63888,46.71583],[-111.63693,46.70972],[-111.63721,46.7061],[-111.63332,46.69888],[-111.63749,46.69666],[-111.64443,46.69694],[-111.6461,46.6986],[-111.64777,46.69527],[-111.65054,46.69777],[-111.65499,46.69555],[-111.65582,46.69722],[-111.66749,46.69472],[-111.66082,46.70027],[-111.65999,46.70388],[-111.66277,46.70916],[-111.66332,46.70138],[-111.66582,46.69999],[-111.67193,46.70249],[-111.67693,46.69972],[-111.67943,46.70305],[-111.68693,46.70388],[-111.68804,46.70555],[-111.6836,46.7086],[-111.69415,46.70777],[-111.6911,46.71166],[-111.69749,46.7111],[-111.69665,46.7136],[-111.70138,46.71166],[-111.70471,46.71277],[-111.7011,46.71527],[-111.6986,46.72055],[-111.69638,46.72083],[-111.69249,46.7261],[-111.68888,46.72444],[-111.6861,46.72638],[-111.68332,46.72472],[-111.68304,46.72749],[-111.68971,46.73027],[-111.68499,46.73138],[-111.68027,46.73055],[-111.67721,46.73472],[-111.69304,46.73333],[-111.7011,46.73166],[-111.70415,46.72805],[-111.70693,46.73083],[-111.6961,46.73277],[-111.68999,46.73499],[-111.68527,46.73805],[-111.67693,46.74055],[-111.67554,46.74333],[-111.67193,46.74305],[-111.67138,46.74722],[-111.66749,46.74694],[-111.6661,46.75055],[-111.66249,46.75305],[-111.65943,46.75027],[-111.65999,46.74416],[-111.65554,46.74138],[-111.65554,46.74555],[-111.65165,46.75027],[-111.6436,46.74749],[-111.64554,46.75194],[-111.65277,46.75722],[-111.6536,46.75999],[-111.64665,46.75833],[-111.63999,46.75805],[-111.63249,46.75472],[-111.63193,46.75777],[-111.63777,46.76305],[-111.62082,46.76277],[-111.62054,46.76694],[-111.62443,46.76694],[-111.62915,46.77249],[-111.63138,46.77055],[-111.63749,46.77222],[-111.62999,46.77833],[-111.62721,46.78388],[-111.62527,46.79277],[-111.62388,46.79333],[-111.62304,46.80138],[-111.61304,46.79583],[-111.6059,46.79499],[-111.60613,46.79666],[-111.61582,46.80472],[-111.62471,46.80583],[-111.62582,46.8111],[-111.62888,46.8086],[-111.63665,46.80999],[-111.64165,46.81194],[-111.64499,46.8111],[-111.63888,46.80972],[-111.62721,46.79916],[-111.62943,46.79249],[-111.63971,46.77999],[-111.64638,46.7786],[-111.64638,46.77499],[-111.65277,46.77499],[-111.65582,46.7811],[-111.66193,46.78305],[-111.66138,46.78055],[-111.6686,46.78305],[-111.6686,46.78583],[-111.67249,46.78472],[-111.67721,46.78694],[-111.68054,46.78666],[-111.68388,46.78972],[-111.69499,46.78666],[-111.69665,46.7836],[-111.6911,46.78388],[-111.69138,46.7811],[-111.68638,46.78166],[-111.6836,46.77749],[-111.6786,46.77333],[-111.67721,46.76999],[-111.67971,46.76444],[-111.67971,46.75722],[-111.6861,46.7586],[-111.68415,46.76249],[-111.68499,46.76638],[-111.68415,46.77472],[-111.69027,46.7736],[-111.68971,46.76972],[-111.69249,46.7636],[-111.69665,46.76166],[-111.69832,46.75722],[-111.69665,46.75055],[-111.69304,46.74805],[-111.69443,46.7461],[-111.70027,46.74833],[-111.70165,46.74333],[-111.70471,46.74333],[-111.70915,46.74722],[-111.70999,46.75388],[-111.70777,46.75944],[-111.71193,46.75999],[-111.71832,46.75444],[-111.72277,46.75833],[-111.72915,46.75277],[-111.7336,46.75138],[-111.73582,46.75527],[-111.72888,46.7586],[-111.72638,46.76305],[-111.7211,46.76777],[-111.72915,46.76527],[-111.73471,46.76527],[-111.74054,46.76055],[-111.74388,46.76055],[-111.74471,46.76444],[-111.74749,46.7636],[-111.74777,46.76722],[-111.73554,46.76944],[-111.72943,46.77527],[-111.72499,46.77499],[-111.72249,46.77694],[-111.7236,46.77944],[-111.71721,46.78194],[-111.71221,46.77999],[-111.70332,46.78472],[-111.70638,46.78805],[-111.69888,46.7886],[-111.69693,46.78666],[-111.69471,46.78972],[-111.68971,46.79138],[-111.69193,46.79472],[-111.70943,46.79444],[-111.70582,46.79722],[-111.70499,46.80138],[-111.70749,46.80138],[-111.7086,46.79805],[-111.71499,46.80083],[-111.7136,46.79722],[-111.71915,46.7961],[-111.72527,46.79888],[-111.72388,46.7936],[-111.72749,46.79138],[-111.72915,46.78583],[-111.73665,46.78166],[-111.7411,46.7861],[-111.74499,46.7836],[-111.7486,46.78638],[-111.74971,46.79138],[-111.75499,46.79083],[-111.75332,46.79305],[-111.74777,46.79555],[-111.7411,46.79694],[-111.74832,46.79777],[-111.76054,46.79638],[-111.7611,46.79833],[-111.75554,46.79805],[-111.75304,46.8011],[-111.75665,46.79999],[-111.75749,46.80249],[-111.75527,46.80638],[-111.76054,46.80388],[-111.76054,46.8061],[-111.76554,46.80666],[-111.76749,46.8111],[-111.77332,46.81194],[-111.77638,46.80944],[-111.77721,46.81174]],[[-111.76138,46.78555],[-111.76332,46.78083],[-111.76693,46.78138],[-111.76554,46.78444],[-111.76138,46.78555]],[[-111.70888,46.72499],[-111.70915,46.72083],[-111.71471,46.72194],[-111.71388,46.72444],[-111.70888,46.72499]],[[-112.0286,46.5586],[-112.02665,46.55555],[-112.02221,46.55583],[-112.01804,46.55222],[-112.0261,46.55055],[-112.03471,46.55249],[-112.03027,46.55916],[-112.0286,46.5586]],[[-111.91165,46.50083],[-111.91082,46.4936],[-111.91443,46.49055],[-111.92082,46.48972],[-111.92443,46.4911],[-111.92499,46.49416],[-111.92027,46.4986],[-111.91304,46.49944],[-111.91165,46.50083]]]},"properties":{"Cell":"C-8"}},
{"type":"Feature","geometry":{"type":"MultiPolygon","coordinates":[[[[-111.66415,47.14417],[-112.12645,47.11336],[-112.07923,46.79144],[-111.77721,46.81174],[-111.77554,46.81472],[-111.75388,46.81472],[-111.74888,46.81777],[-111.75832,46.81972],[-111.75499,46.82472],[-111.74888,46.82444],[-111.74943,46.83138],[-111.74554,46.8311],[-111.74777,46.83499],[-111.74638,46.83694],[-111.73915,46.83555],[-111.73415,46.83249],[-111.7336,46.83527],[-111.73054,46.8336],[-111.72915,46.83694],[-111.73832,46.84166],[-111.73721,46.84527],[-111.72971,46.84694],[-111.71999,46.84444],[-111.71527,46.84138],[-111.71054,46.84055],[-111.70888,46.83805],[-111.70415,46.83805],[-111.70138,46.8411],[-111.70499,46.84499],[-111.7036,46.84888],[-111.70665,46.8486],[-111.70777,46.85138],[-111.70082,46.85333],[-111.70332,46.85444],[-111.69582,46.85472],[-111.6886,46.85777],[-111.68388,46.8611],[-111.6886,46.86222],[-111.69277,46.85972],[-111.69999,46.85944],[-111.7011,46.86083],[-111.69221,46.86333],[-111.68749,46.8661],[-111.69304,46.8686],[-111.68027,46.87166],[-111.68027,46.87416],[-111.67693,46.87472],[-111.67999,46.87694],[-111.67804,46.87916],[-111.66971,46.88055],[-111.66054,46.8786],[-111.66165,46.88194],[-111.66582,46.88166],[-111.66832,46.88416],[-111.68443,46.88166],[-111.68971,46.87805],[-111.69277,46.88083],[-111.69304,46.88555],[-111.69582,46.88499],[-111.69804,46.88777],[-111.70054,46.88583],[-111.70221,46.87972],[-111.69749,46.87333],[-111.69971,46.87138],[-111.70471,46.87388],[-111.70888,46.8736],[-111.70971,46.86694],[-111.70721,46.86249],[-111.71054,46.86249],[-111.71443,46.85805],[-111.7186,46.85972],[-111.72388,46.85888],[-111.72638,46.8661],[-111.72443,46.8686],[-111.7311,46.8661],[-111.73165,46.87055],[-111.73749,46.86583],[-111.74332,46.86583],[-111.7436,46.86249],[-111.73999,46.85666],[-111.74221,46.85138],[-111.75249,46.84972],[-111.75027,46.84666],[-111.75221,46.84472],[-111.76193,46.8436],[-111.76527,46.84638],[-111.76749,46.84333],[-111.77388,46.84138],[-111.77943,46.84138],[-111.78138,46.84444],[-111.78888,46.84416],[-111.79443,46.83999],[-111.80138,46.83722],[-111.80499,46.8386],[-111.80277,46.84083],[-111.80415,46.84472],[-111.7986,46.84527],[-111.79304,46.85027],[-111.79693,46.85222],[-111.79554,46.85444],[-111.78971,46.85527],[-111.79027,46.85777],[-111.78582,46.85972],[-111.79165,46.86083],[-111.7911,46.86416],[-111.78499,46.8686],[-111.78971,46.86944],[-111.79221,46.86805],[-111.79332,46.87083],[-111.79721,46.86722],[-111.79665,46.86499],[-111.8011,46.85944],[-111.80554,46.85833],[-111.81193,46.85444],[-111.81777,46.84555],[-111.82027,46.85472],[-111.81499,46.8561],[-111.81277,46.8586],[-111.81665,46.85805],[-111.81721,46.86166],[-111.81915,46.85777],[-111.82221,46.86083],[-111.82693,46.85972],[-111.83165,46.85166],[-111.83582,46.84916],[-111.8386,46.85222],[-111.83832,46.85777],[-111.84415,46.86083],[-111.8461,46.8511],[-111.84888,46.84833],[-111.8461,46.8461],[-111.85054,46.84388],[-111.84832,46.83972],[-111.85332,46.83777],[-111.85804,46.83916],[-111.86277,46.83722],[-111.86749,46.8311],[-111.87027,46.83055],[-111.87332,46.83749],[-111.87665,46.83944],[-111.86721,46.8436],[-111.86388,46.84722],[-111.87582,46.84333],[-111.87971,46.84333],[-111.87527,46.84805],[-111.87832,46.84833],[-111.87999,46.85277],[-111.87388,46.85666],[-111.86943,46.85666],[-111.86971,46.86138],[-111.86221,46.86333],[-111.8636,46.86499],[-111.86054,46.86777],[-111.87054,46.86777],[-111.87943,46.86583],[-111.88054,46.87027],[-111.8761,46.87055],[-111.87388,46.8736],[-111.87388,46.87777],[-111.86082,46.87583],[-111.85693,46.87388],[-111.85415,46.87805],[-111.85027,46.87749],[-111.84777,46.87972],[-111.8436,46.87833],[-111.84388,46.8861],[-111.85777,46.88472],[-111.86582,46.88694],[-111.88082,46.88694],[-111.87888,46.89222],[-111.87277,46.89527],[-111.86471,46.89555],[-111.86249,46.8936],[-111.85804,46.8936],[-111.85971,46.89805],[-111.85165,46.90194],[-111.84804,46.90527],[-111.83999,46.90555],[-111.83832,46.9036],[-111.83443,46.90444],[-111.83249,46.90222],[-111.83082,46.90472],[-111.82527,46.90333],[-111.82721,46.90638],[-111.8236,46.9061],[-111.81832,46.90305],[-111.82221,46.89555],[-111.8186,46.89388],[-111.82165,46.89083],[-111.81804,46.88888],[-111.81193,46.88916],[-111.80888,46.88555],[-111.80665,46.89222],[-111.81082,46.89388],[-111.81054,46.8961],[-111.79971,46.89416],[-111.8011,46.89722],[-111.80749,46.90027],[-111.80332,46.9011],[-111.80193,46.9036],[-111.79527,46.90638],[-111.78777,46.90722],[-111.78582,46.90472],[-111.78388,46.90666],[-111.77665,46.90527],[-111.77832,46.90833],[-111.79277,46.91138],[-111.80221,46.9111],[-111.8061,46.90916],[-111.81277,46.90916],[-111.82388,46.91333],[-111.83054,46.91333],[-111.83165,46.91583],[-111.84165,46.92027],[-111.84832,46.92166],[-111.8511,46.92638],[-111.84277,46.92638],[-111.83138,46.9236],[-111.82554,46.92416],[-111.82304,46.92222],[-111.8211,46.92444],[-111.80832,46.92166],[-111.79888,46.92166],[-111.79777,46.92055],[-111.7861,46.92083],[-111.7761,46.91805],[-111.7661,46.91694],[-111.7586,46.91722],[-111.76582,46.91999],[-111.77527,46.92555],[-111.77888,46.92944],[-111.77665,46.93333],[-111.78443,46.93277],[-111.78443,46.93555],[-111.79193,46.94138],[-111.78971,46.94305],[-111.78165,46.94305],[-111.77638,46.94138],[-111.77888,46.94499],[-111.78471,46.94805],[-111.78499,46.95083],[-111.78221,46.9536],[-111.78332,46.95722],[-111.77832,46.96027],[-111.78471,46.96027],[-111.78804,46.95499],[-111.79193,46.95277],[-111.79165,46.95027],[-111.80082,46.9511],[-111.79943,46.95694],[-111.80665,46.96138],[-111.80888,46.96083],[-111.80971,46.95472],[-111.81221,46.95166],[-111.81888,46.95527],[-111.8211,46.95305],[-111.82499,46.95472],[-111.82665,46.95777],[-111.82443,46.95916],[-111.83249,46.9686],[-111.82165,46.96722],[-111.81471,46.96416],[-111.81221,46.96472],[-111.8136,46.97166],[-111.82471,46.97666],[-111.81277,46.97555],[-111.80915,46.9736],[-111.7986,46.97333],[-111.79582,46.97194],[-111.79665,46.97833],[-111.79471,46.97805],[-111.79082,46.97194],[-111.79388,46.9686],[-111.78832,46.96499],[-111.78721,46.97138],[-111.78443,46.96999],[-111.7811,46.97194],[-111.78388,46.97416],[-111.77971,46.97416],[-111.77527,46.97944],[-111.7711,46.97944],[-111.76915,46.97527],[-111.76499,46.97666],[-111.76082,46.97416],[-111.75915,46.9761],[-111.7611,46.97916],[-111.75721,46.97777],[-111.75804,46.98333],[-111.76027,46.98305],[-111.76027,46.98805],[-111.76554,46.98888],[-111.75443,46.99083],[-111.75721,46.99499],[-111.75665,46.99777],[-111.75277,46.99916],[-111.76277,47.00333],[-111.7636,47.00583],[-111.76888,47.00777],[-111.77415,47.01249],[-111.7736,47.0136],[-111.76027,47.00999],[-111.7536,47.01055],[-111.75971,47.01333],[-111.75499,47.01527],[-111.7486,47.01249],[-111.74721,47.00944],[-111.74388,47.00888],[-111.74249,47.0111],[-111.73804,47.00916],[-111.73332,47.00999],[-111.73304,47.01333],[-111.7286,47.01166],[-111.72749,47.01777],[-111.72249,47.01277],[-111.7211,47.00916],[-111.72138,47.00888],[-111.72415,47.00916],[-111.72277,47.00416],[-111.72888,47.00527],[-111.73221,46.99777],[-111.7386,46.99805],[-111.73471,46.99388],[-111.73138,46.99583],[-111.72443,46.99666],[-111.72693,46.98999],[-111.72888,46.98944],[-111.73138,46.98194],[-111.73804,46.98027],[-111.72888,46.97999],[-111.72582,46.98388],[-111.72388,46.98916],[-111.71721,46.9886],[-111.71915,46.99166],[-111.71277,46.99333],[-111.70777,46.99305],[-111.70693,46.9961],[-111.70304,46.99527],[-111.7061,47.00138],[-111.70304,47.00305],[-111.69665,46.99777],[-111.69443,46.9936],[-111.69054,46.99416],[-111.68693,46.99027],[-111.68749,46.98499],[-111.68332,46.98638],[-111.67832,46.98583],[-111.67777,46.98277],[-111.66999,46.97805],[-111.67054,46.97638],[-111.6761,46.97583],[-111.67749,46.97305],[-111.68527,46.97638],[-111.68332,46.97166],[-111.69277,46.97305],[-111.6961,46.97527],[-111.69554,46.97166],[-111.70138,46.97055],[-111.7011,46.96277],[-111.69415,46.9636],[-111.69388,46.96194],[-111.69777,46.95472],[-111.68777,46.95916],[-111.6861,46.95555],[-111.67804,46.95416],[-111.67554,46.9586],[-111.67249,46.95916],[-111.66582,46.95472],[-111.67304,46.95138],[-111.67804,46.93999],[-111.66804,46.94055],[-111.6686,46.94277],[-111.66471,46.94416],[-111.65749,46.9436],[-111.66027,46.9511],[-111.65027,46.95333],[-111.63999,46.95444],[-111.6311,46.9511],[-111.62739,46.9511],[-111.63952,47.03888],[-111.64527,47.03444],[-111.65054,47.03555],[-111.66693,47.04138],[-111.6736,47.0411],[-111.6886,47.04249],[-111.6936,47.04472],[-111.6986,47.04083],[-111.69832,47.03916],[-111.70471,47.03944],[-111.70804,47.03583],[-111.70888,47.0286],[-111.71415,47.03166],[-111.71332,47.03583],[-111.71943,47.03472],[-111.72249,47.03722],[-111.72638,47.03638],[-111.72693,47.0386],[-111.73193,47.03944],[-111.72888,47.04277],[-111.71971,47.0436],[-111.72027,47.04527],[-111.7286,47.04805],[-111.72832,47.05083],[-111.73221,47.04972],[-111.73165,47.05277],[-111.73499,47.05527],[-111.73138,47.05666],[-111.73221,47.06194],[-111.73443,47.05944],[-111.74082,47.0636],[-111.73999,47.05999],[-111.74249,47.05805],[-111.74082,47.05277],[-111.74665,47.05583],[-111.7461,47.05249],[-111.74915,47.04888],[-111.75415,47.04999],[-111.75471,47.05499],[-111.75665,47.0561],[-111.76026,47.0511],[-111.76138,47.04472],[-111.75888,47.04388],[-111.76054,47.03666],[-111.76582,47.03583],[-111.76554,47.03916],[-111.77415,47.04333],[-111.77276,47.0461],[-111.76749,47.0461],[-111.76971,47.0486],[-111.76582,47.04888],[-111.76138,47.05194],[-111.7611,47.05555],[-111.76499,47.05527],[-111.76638,47.06055],[-111.77249,47.06388],[-111.77388,47.06027],[-111.77693,47.06027],[-111.77943,47.06666],[-111.78276,47.0686],[-111.78749,47.06444],[-111.78776,47.06444],[-111.7961,47.06499],[-111.79276,47.06888],[-111.79665,47.07055],[-111.79999,47.07499],[-111.79054,47.07388],[-111.78943,47.07499],[-111.79332,47.08249],[-111.79804,47.08694],[-111.79082,47.08472],[-111.78915,47.08194],[-111.7836,47.07833],[-111.78332,47.08138],[-111.78665,47.08277],[-111.78665,47.08749],[-111.78304,47.08916],[-111.78888,47.09027],[-111.79054,47.0936],[-111.79471,47.09305],[-111.79776,47.09749],[-111.78943,47.09944],[-111.79332,47.10222],[-111.79443,47.1061],[-111.79776,47.10499],[-111.80249,47.10722],[-111.79749,47.10944],[-111.79804,47.11222],[-111.80388,47.11305],[-111.80415,47.1161],[-111.80082,47.11805],[-111.80082,47.12444],[-111.7961,47.12027],[-111.79221,47.12277],[-111.79221,47.12027],[-111.7886,47.11694],[-111.78276,47.11888],[-111.77971,47.11749],[-111.78415,47.11444],[-111.77749,47.11222],[-111.77665,47.10972],[-111.76304,47.10944],[-111.76276,47.10166],[-111.76471,47.09888],[-111.75971,47.09527],[-111.76526,47.09555],[-111.76443,47.09194],[-111.76193,47.09194],[-111.76138,47.08805],[-111.75388,47.08583],[-111.75582,47.08305],[-111.75388,47.08055],[-111.75054,47.08222],[-111.74638,47.07749],[-111.73888,47.07555],[-111.74276,47.0786],[-111.74221,47.08166],[-111.73804,47.08472],[-111.74332,47.09333],[-111.73776,47.09305],[-111.73471,47.08666],[-111.7286,47.0836],[-111.73054,47.08888],[-111.72721,47.09055],[-111.72665,47.09416],[-111.72888,47.09833],[-111.72276,47.09388],[-111.71943,47.09416],[-111.71749,47.09166],[-111.71165,47.09166],[-111.7161,47.09805],[-111.70915,47.09638],[-111.70526,47.09805],[-111.70638,47.09388],[-111.69693,47.09027],[-111.69693,47.0936],[-111.69415,47.09472],[-111.69332,47.10138],[-111.69054,47.10416],[-111.6861,47.10249],[-111.68638,47.10527],[-111.68138,47.10249],[-111.68221,47.10499],[-111.67971,47.10833],[-111.68527,47.1086],[-111.68665,47.11138],[-111.69138,47.11194],[-111.68804,47.11416],[-111.68388,47.11388],[-111.68054,47.11583],[-111.67888,47.1111],[-111.67193,47.11222],[-111.67054,47.11583],[-111.67277,47.11972],[-111.67221,47.12722],[-111.66665,47.12944],[-111.66693,47.13638],[-111.66332,47.13916],[-111.66415,47.14417]],[[-111.89888,46.9636],[-111.90249,46.96472],[-111.90138,46.96833],[-111.89888,46.9636]],[[-111.9461,47.01638],[-111.94832,47.01388],[-111.9486,47.01805],[-111.9461,47.01638]],[[-111.91332,47.01972],[-111.90471,47.01833],[-111.90526,47.01416],[-111.89888,47.01333],[-111.89999,47.0111],[-111.89471,47.00833],[-111.88804,47.0086],[-111.88638,47.00444],[-111.88249,47.00388],[-111.87915,46.99999],[-111.87304,46.99722],[-111.87304,46.99527],[-111.86221,46.99166],[-111.86221,46.98749],[-111.86443,46.98944],[-111.86971,46.98833],[-111.87499,46.98944],[-111.87915,46.99416],[-111.88221,46.99472],[-111.88888,46.99888],[-111.89193,47.00416],[-111.89526,47.00388],[-111.89804,47.00666],[-111.90554,47.00944],[-111.90638,47.00444],[-111.91276,47.00472],[-111.91082,47.00944],[-111.91249,47.01555],[-111.91832,47.0186],[-111.91332,47.01972]],[[-111.7011,47.03722],[-111.69665,47.03694],[-111.69193,47.03277],[-111.6911,47.0286],[-111.69388,47.02638],[-111.69304,47.02055],[-111.69638,47.0211],[-111.69554,47.02388],[-111.70165,47.02388],[-111.70332,47.02805],[-111.69971,47.02999],[-111.7011,47.03722]],[[-111.76582,47.02138],[-111.7611,47.01916],[-111.76249,47.01666],[-111.76665,47.01972],[-111.76582,47.02138]],[[-111.72721,47.0261],[-111.71915,47.02555],[-111.71804,47.02388],[-111.72665,47.02194],[-111.72471,47.02416],[-111.72721,47.0261]],[[-111.82999,47.0011],[-111.82026,46.99583],[-111.82526,46.9936],[-111.83082,46.99527],[-111.83332,46.99916],[-111.82999,47.0011]],[[-111.80943,47.00027],[-111.80415,46.99972],[-111.80082,46.99638],[-111.79749,46.99666],[-111.79304,46.99333],[-111.79471,46.99138],[-111.80082,46.99416],[-111.80249,46.99333],[-111.80499,46.99749],[-111.80776,46.99722],[-111.80943,47.00027]],[[-111.78888,46.99472],[-111.7861,46.98833],[-111.79165,46.9886],[-111.79082,46.99388],[-111.78888,46.99472]],[[-111.78165,46.98888],[-111.77832,46.98333],[-111.7786,46.97944],[-111.78415,46.98222],[-111.78054,46.9836],[-111.78165,46.98888]],[[-112.0286,46.94888],[-112.02749,46.94277],[-112.01804,46.93083],[-112.01388,46.92999],[-112.00888,46.93305],[-112.00554,46.93277],[-112.00388,46.92944],[-111.99804,46.92916],[-111.99693,46.92555],[-111.99276,46.9261],[-111.99221,46.92194],[-111.98665,46.9161],[-111.97776,46.91277],[-111.9761,46.91027],[-111.97943,46.90416],[-111.97915,46.90027],[-111.97388,46.89749],[-111.9686,46.89972],[-111.96943,46.89444],[-111.9786,46.89499],[-111.97971,46.89333],[-111.98832,46.89083],[-111.9911,46.8936],[-111.99582,46.89333],[-111.99693,46.89138],[-112.00388,46.8886],[-112.00665,46.88194],[-112.01749,46.8836],[-112.01776,46.88805],[-112.01471,46.8911],[-112.01443,46.89749],[-112.01026,46.8986],[-112.00638,46.90222],[-112.00693,46.90444],[-112.00026,46.90694],[-111.99721,46.90999],[-111.99276,46.90999],[-111.99165,46.90666],[-111.98776,46.90944],[-111.99082,46.91416],[-111.99443,46.91416],[-111.99721,46.91916],[-112.00026,46.91749],[-112.00054,46.91416],[-112.00888,46.91194],[-112.00915,46.91499],[-112.00665,46.91944],[-112.00582,46.92444],[-112.00804,46.92722],[-112.01249,46.92777],[-112.0111,46.92416],[-112.01388,46.92305],[-112.01304,46.92027],[-112.02082,46.92055],[-112.02165,46.91777],[-112.01776,46.91472],[-112.01971,46.90972],[-112.02665,46.91333],[-112.02776,46.90972],[-112.02443,46.90499],[-112.03193,46.90722],[-112.03554,46.90333],[-112.04388,46.90416],[-112.04193,46.8986],[-112.03804,46.89416],[-112.0436,46.8911],[-112.04721,46.89388],[-112.05138,46.89388],[-112.05582,46.89666],[-112.05443,46.89916],[-112.06249,46.89916],[-112.06499,46.90694],[-112.07026,46.9036],[-112.07332,46.90333],[-112.07165,46.91416],[-112.07749,46.91083],[-112.08304,46.91166],[-112.08415,46.90888],[-112.08749,46.90916],[-112.08943,46.91388],[-112.08554,46.91749],[-112.08443,46.9211],[-112.08165,46.92194],[-112.08443,46.92555],[-112.08388,46.9311],[-112.08915,46.93277],[-112.08915,46.93499],[-112.08415,46.93722],[-112.07888,46.93277],[-112.07221,46.93305],[-112.06499,46.93805],[-112.05971,46.9386],[-112.05776,46.93472],[-112.05915,46.93138],[-112.06193,46.93194],[-112.06054,46.92833],[-112.06304,46.92472],[-112.05915,46.92138],[-112.04693,46.92444],[-112.04276,46.92083],[-112.04915,46.91499],[-112.04526,46.91194],[-112.04026,46.91333],[-112.0361,46.90888],[-112.03221,46.91055],[-112.03249,46.91499],[-112.02999,46.92194],[-112.02471,46.92472],[-112.02721,46.92722],[-112.03388,46.92888],[-112.03582,46.93249],[-112.03304,46.93444],[-112.03554,46.93916],[-112.03276,46.94277],[-112.03276,46.94805],[-112.0286,46.94888]],[[-111.89888,46.97388],[-111.89499,46.97333],[-111.8961,46.97083],[-111.90193,46.96972],[-111.89888,46.97388]],[[-111.92443,47.00277],[-111.9211,47.00194],[-111.92332,46.99749],[-111.93026,46.9936],[-111.93693,46.99722],[-111.9311,46.99888],[-111.92443,47.00277]],[[-111.7211,47.12277],[-111.71776,47.12194],[-111.71443,47.11777],[-111.70832,47.11555],[-111.70165,47.11638],[-111.70138,47.11499],[-111.6936,47.11222],[-111.69415,47.11027],[-111.7011,47.11305],[-111.71249,47.11083],[-111.71082,47.11444],[-111.71582,47.11694],[-111.72332,47.11666],[-111.72276,47.1136],[-111.72915,47.1161],[-111.72415,47.11777],[-111.7211,47.12277]]],[[[-111.64463,47.07583],[-111.64804,47.07416],[-111.6486,47.07722],[-111.65221,47.07944],[-111.65193,47.07583],[-111.65499,47.07472],[-111.66138,47.08277],[-111.66832,47.08249],[-111.66527,47.08027],[-111.66332,47.07583],[-111.66832,47.07527],[-111.67193,47.07833],[-111.67193,47.07305],[-111.67554,47.07527],[-111.6811,47.0761],[-111.67832,47.07083],[-111.68054,47.06999],[-111.6811,47.0661],[-111.67665,47.06749],[-111.67193,47.06666],[-111.66971,47.06805],[-111.66527,47.06472],[-111.66832,47.05999],[-111.6661,47.05777],[-111.66249,47.05916],[-111.65832,47.05666],[-111.65527,47.05916],[-111.65527,47.06222],[-111.65082,47.0611],[-111.64471,47.06166],[-111.64554,47.05694],[-111.64186,47.05583],[-111.64463,47.07583]]],[[[-111.65002,47.11472],[-111.65915,47.11583],[-111.65915,47.1136],[-111.65443,47.11083],[-111.65499,47.10888],[-111.66054,47.10694],[-111.65804,47.10388],[-111.65415,47.10444],[-111.64821,47.10166],[-111.65002,47.11472]]]]},"properties":{"Cell":"C-7"}},
{"type":"Feature","geometry":{"type":"Polygon","coordinates":[[[-111.18141,47.17438],[-111.64277,47.14555],[-111.63443,47.14194],[-111.6361,47.13944],[-111.64415,47.14166],[-111.64332,47.13666],[-111.64749,47.13416],[-111.6461,47.13083],[-111.64138,47.13249],[-111.63832,47.13166],[-111.63999,47.12472],[-111.6361,47.1211],[-111.63693,47.11833],[-111.63193,47.11499],[-111.61527,47.11472],[-111.61277,47.11833],[-111.60915,47.11944],[-111.60749,47.1161],[-111.59888,47.12138],[-111.59277,47.1211],[-111.59388,47.11694],[-111.5911,47.11416],[-111.58693,47.1136],[-111.57971,47.11583],[-111.57943,47.11249],[-111.58332,47.11222],[-111.58582,47.10916],[-111.58888,47.10916],[-111.5911,47.10499],[-111.59777,47.1061],[-111.59749,47.10222],[-111.60332,47.10333],[-111.60804,47.09944],[-111.60999,47.10416],[-111.61304,47.1061],[-111.61193,47.10833],[-111.62304,47.1086],[-111.62443,47.1111],[-111.63138,47.11277],[-111.63249,47.11444],[-111.64277,47.11166],[-111.65002,47.11472],[-111.64821,47.10166],[-111.64138,47.10388],[-111.64138,47.09972],[-111.63638,47.09944],[-111.63582,47.09694],[-111.64304,47.09638],[-111.64388,47.0936],[-111.63943,47.09249],[-111.63499,47.08722],[-111.62804,47.08638],[-111.62443,47.08999],[-111.62165,47.0886],[-111.62277,47.08444],[-111.62054,47.08305],[-111.6211,47.07944],[-111.6236,47.07916],[-111.62527,47.08222],[-111.62943,47.08305],[-111.63027,47.08083],[-111.63471,47.08388],[-111.63749,47.0836],[-111.64193,47.08638],[-111.64499,47.08472],[-111.64138,47.08194],[-111.64304,47.07972],[-111.64082,47.07777],[-111.64463,47.07583],[-111.64186,47.05583],[-111.63693,47.05583],[-111.63277,47.05916],[-111.62249,47.05888],[-111.62277,47.05694],[-111.61804,47.05694],[-111.61638,47.05388],[-111.60971,47.05444],[-111.60554,47.0561],[-111.59888,47.05305],[-111.59582,47.05499],[-111.58471,47.05666],[-111.58721,47.04888],[-111.59027,47.04638],[-111.58443,47.0461],[-111.58277,47.04416],[-111.57277,47.04416],[-111.57193,47.04055],[-111.57999,47.03638],[-111.58638,47.03666],[-111.58804,47.03805],[-111.59915,47.03444],[-111.60999,47.03638],[-111.61638,47.0386],[-111.61693,47.04249],[-111.62277,47.03972],[-111.62804,47.04416],[-111.62999,47.0436],[-111.6286,47.03916],[-111.63054,47.03833],[-111.63952,47.03888],[-111.62739,46.9511],[-111.62471,46.95055],[-111.61804,46.94583],[-111.61193,46.94472],[-111.60527,46.93916],[-111.59888,46.93583],[-111.59804,46.93388],[-111.60054,46.92694],[-111.59749,46.9261],[-111.59749,46.91722],[-111.59054,46.92666],[-111.58915,46.93027],[-111.58332,46.92972],[-111.58165,46.93277],[-111.57527,46.93249],[-111.57054,46.93694],[-111.56138,46.93916],[-111.55471,46.93888],[-111.55499,46.93333],[-111.55082,46.93749],[-111.54554,46.93527],[-111.54249,46.93555],[-111.54471,46.93944],[-111.53999,46.94138],[-111.53804,46.94499],[-111.53165,46.94472],[-111.52832,46.94777],[-111.53471,46.94805],[-111.53249,46.94999],[-111.53304,46.95666],[-111.53749,46.96055],[-111.53249,46.96194],[-111.52721,46.96138],[-111.52554,46.9561],[-111.51943,46.95555],[-111.51721,46.95333],[-111.51554,46.95555],[-111.50693,46.95944],[-111.50277,46.95805],[-111.50138,46.95333],[-111.49665,46.9586],[-111.49665,46.96333],[-111.48888,46.96166],[-111.4886,46.96555],[-111.47749,46.95972],[-111.47665,46.95805],[-111.46915,46.95749],[-111.47193,46.9611],[-111.48082,46.96499],[-111.48388,46.96749],[-111.48499,46.97277],[-111.47971,46.98222],[-111.47471,46.98388],[-111.47443,46.98972],[-111.46693,46.98888],[-111.46915,46.99888],[-111.46332,46.99999],[-111.46582,47.00194],[-111.47638,47.00527],[-111.47665,47.00916],[-111.47249,47.01222],[-111.46415,47.01527],[-111.45221,47.01527],[-111.44804,47.0136],[-111.44888,47.01749],[-111.45499,47.02194],[-111.45082,47.02388],[-111.44388,47.02249],[-111.44165,47.02555],[-111.43249,47.02499],[-111.4286,47.02583],[-111.42527,47.02027],[-111.42415,47.0086],[-111.42693,47.0011],[-111.4336,46.99472],[-111.43554,46.98999],[-111.43388,46.98027],[-111.42804,46.97083],[-111.42804,46.96777],[-111.42415,46.96333],[-111.42638,46.96055],[-111.42415,46.95694],[-111.4211,46.95972],[-111.41027,46.96305],[-111.40832,46.96527],[-111.40027,46.96555],[-111.3886,46.96416],[-111.38415,46.96249],[-111.38304,46.95749],[-111.38943,46.95166],[-111.38277,46.94944],[-111.37915,46.94666],[-111.36721,46.94222],[-111.35582,46.94638],[-111.35138,46.94666],[-111.35027,46.9436],[-111.34554,46.94222],[-111.34693,46.9386],[-111.3536,46.93888],[-111.35527,46.93499],[-111.3636,46.93444],[-111.36443,46.93166],[-111.36777,46.93194],[-111.36638,46.93583],[-111.37777,46.9436],[-111.37443,46.93638],[-111.38082,46.93305],[-111.38554,46.93277],[-111.38499,46.92888],[-111.38804,46.92666],[-111.39499,46.92666],[-111.39915,46.92416],[-111.39832,46.92166],[-111.40165,46.92055],[-111.40388,46.91722],[-111.40054,46.91444],[-111.40471,46.91138],[-111.40388,46.90749],[-111.40443,46.89944],[-111.40693,46.8961],[-111.41138,46.89638],[-111.41749,46.89999],[-111.4236,46.90638],[-111.42721,46.90583],[-111.43249,46.91388],[-111.4361,46.91638],[-111.44527,46.91944],[-111.44499,46.9236],[-111.44693,46.92638],[-111.4486,46.9236],[-111.45249,46.92249],[-111.45721,46.92472],[-111.46221,46.9236],[-111.47527,46.92444],[-111.47943,46.9236],[-111.48027,46.92083],[-111.46693,46.91916],[-111.46165,46.91555],[-111.45999,46.91166],[-111.45443,46.90555],[-111.45193,46.90027],[-111.44777,46.89694],[-111.44749,46.89249],[-111.45888,46.89138],[-111.44971,46.88722],[-111.44999,46.88555],[-111.4436,46.88527],[-111.44388,46.88833],[-111.43665,46.88583],[-111.43193,46.87805],[-111.43582,46.87222],[-111.44138,46.87166],[-111.44665,46.86944],[-111.44777,46.8636],[-111.45221,46.86166],[-111.45832,46.86333],[-111.46054,46.86222],[-111.45221,46.85499],[-111.44388,46.85388],[-111.44638,46.85027],[-111.44554,46.84722],[-111.43832,46.8436],[-111.43888,46.83888],[-111.44221,46.83944],[-111.44527,46.83694],[-111.44721,46.83833],[-111.45443,46.83749],[-111.46082,46.83888],[-111.47499,46.83944],[-111.48138,46.84388],[-111.48777,46.8461],[-111.4936,46.84944],[-111.5011,46.85027],[-111.5086,46.85333],[-111.5186,46.85333],[-111.52777,46.8561],[-111.53638,46.86222],[-111.5336,46.85305],[-111.53221,46.85138],[-111.53804,46.84666],[-111.54749,46.84333],[-111.53999,46.84305],[-111.53332,46.8461],[-111.52388,46.84472],[-111.5161,46.84555],[-111.51027,46.8436],[-111.49721,46.84305],[-111.49638,46.84055],[-111.49332,46.84138],[-111.48721,46.83777],[-111.48082,46.83694],[-111.47943,46.83102],[-111.47582,46.83125],[-111.46971,46.83163],[-111.46693,46.83181],[-111.46054,46.83221],[-111.27499,46.8438],[-111.26721,46.84583],[-111.26721,46.84972],[-111.27277,46.84916],[-111.27249,46.85166],[-111.26749,46.85305],[-111.26749,46.85555],[-111.26165,46.84999],[-111.25943,46.84477],[-111.25693,46.84492],[-111.25249,46.84519],[-111.2461,46.84559],[-111.24665,46.8486],[-111.24138,46.84833],[-111.23665,46.84972],[-111.23415,46.84632],[-111.13965,46.8521],[-111.14333,46.88055],[-111.14471,46.88277],[-111.14455,46.88999],[-111.14832,46.89055],[-111.15721,46.88333],[-111.16027,46.88222],[-111.17138,46.88249],[-111.17304,46.88416],[-111.17999,46.88305],[-111.1811,46.88638],[-111.1786,46.88833],[-111.1786,46.89249],[-111.18193,46.88888],[-111.18693,46.88666],[-111.18971,46.8886],[-111.19027,46.89277],[-111.18777,46.89944],[-111.19443,46.8936],[-111.19777,46.88749],[-111.1986,46.89138],[-111.20221,46.8911],[-111.19943,46.89527],[-111.19554,46.89805],[-111.20138,46.89805],[-111.21027,46.89583],[-111.21138,46.89888],[-111.21638,46.89944],[-111.20915,46.90499],[-111.21415,46.90499],[-111.22138,46.90305],[-111.21554,46.90833],[-111.21693,46.91138],[-111.21499,46.91416],[-111.22249,46.91138],[-111.22665,46.91527],[-111.22388,46.91722],[-111.22888,46.91888],[-111.22165,46.9186],[-111.21971,46.92055],[-111.22499,46.92194],[-111.22332,46.92527],[-111.22804,46.92555],[-111.23165,46.9311],[-111.23582,46.9311],[-111.23721,46.93749],[-111.22943,46.9336],[-111.22415,46.9336],[-111.21527,46.9286],[-111.20943,46.92833],[-111.21638,46.93277],[-111.21527,46.93527],[-111.21915,46.93805],[-111.21915,46.94055],[-111.22527,46.94166],[-111.22721,46.94694],[-111.22277,46.94694],[-111.22027,46.94416],[-111.21554,46.94388],[-111.21249,46.94666],[-111.2061,46.94138],[-111.20193,46.94194],[-111.1986,46.93944],[-111.19415,46.93888],[-111.19471,46.94444],[-111.18527,46.94499],[-111.18388,46.94166],[-111.17915,46.94249],[-111.17999,46.93527],[-111.17277,46.93694],[-111.16888,46.94055],[-111.16554,46.94083],[-111.15971,46.93888],[-111.16277,46.9286],[-111.15029,46.93444],[-111.15593,46.97805],[-111.15804,46.98999],[-111.16138,46.98833],[-111.16193,46.98527],[-111.16943,46.97638],[-111.17277,46.97999],[-111.17721,46.97999],[-111.1761,46.98499],[-111.17888,46.98499],[-111.17721,46.98972],[-111.17249,46.99277],[-111.18082,46.99416],[-111.17943,46.9961],[-111.16638,46.9986],[-111.17138,46.99999],[-111.17193,47.00305],[-111.1761,47.00027],[-111.18582,46.99916],[-111.18443,47.00722],[-111.19443,46.99833],[-111.19138,46.99583],[-111.19304,46.99249],[-111.19027,46.98638],[-111.19304,46.98305],[-111.19332,46.97916],[-111.19804,46.97722],[-111.19638,46.9811],[-111.19721,46.98638],[-111.2011,46.98972],[-111.20582,46.99138],[-111.20304,46.9836],[-111.20665,46.98027],[-111.20971,46.98249],[-111.21443,46.9786],[-111.2136,46.9761],[-111.21693,46.97805],[-111.21499,46.98027],[-111.2161,46.98388],[-111.2136,46.9861],[-111.21777,46.99194],[-111.22804,46.98194],[-111.2286,46.97749],[-111.23554,46.97638],[-111.23582,46.97944],[-111.22777,46.9836],[-111.22804,46.99027],[-111.23721,46.98805],[-111.23388,46.99527],[-111.24499,46.99333],[-111.2561,46.99249],[-111.25638,46.99666],[-111.24527,46.99777],[-111.24388,46.99916],[-111.24888,47.00138],[-111.24693,47.00277],[-111.24665,47.00749],[-111.24193,47.00277],[-111.23443,47.00055],[-111.23304,47.00194],[-111.22554,47.0011],[-111.2311,47.00583],[-111.23527,47.00638],[-111.23415,47.00888],[-111.22832,47.00972],[-111.2311,47.01249],[-111.22332,47.01416],[-111.21721,47.01055],[-111.21527,47.00805],[-111.2136,47.01138],[-111.20943,47.01083],[-111.21249,47.01388],[-111.21721,47.01444],[-111.21693,47.01638],[-111.22082,47.01916],[-111.2286,47.01944],[-111.22749,47.0211],[-111.21888,47.02472],[-111.20804,47.02555],[-111.20388,47.02166],[-111.20054,47.02138],[-111.20499,47.02499],[-111.20471,47.02749],[-111.2086,47.03027],[-111.20332,47.03249],[-111.20193,47.03499],[-111.19777,47.03527],[-111.19582,47.03833],[-111.18971,47.04083],[-111.18082,47.04194],[-111.17804,47.04416],[-111.17415,47.04333],[-111.17249,47.03583],[-111.16693,47.03055],[-111.16471,47.02499],[-111.16277,47.03083],[-111.17066,47.09166],[-111.1711,47.0936],[-111.17638,47.08972],[-111.17721,47.08694],[-111.18027,47.0886],[-111.18721,47.08916],[-111.18304,47.09472],[-111.18221,47.0986],[-111.18999,47.09666],[-111.19193,47.10055],[-111.19721,47.10333],[-111.19971,47.10138],[-111.19888,47.09499],[-111.20332,47.09305],[-111.20638,47.09777],[-111.21304,47.09166],[-111.21582,47.09472],[-111.22082,47.09138],[-111.2211,47.08916],[-111.22582,47.08944],[-111.22415,47.0936],[-111.22971,47.09472],[-111.2261,47.0986],[-111.23054,47.10055],[-111.23027,47.10249],[-111.22221,47.10166],[-111.2161,47.10222],[-111.21443,47.10472],[-111.20499,47.10805],[-111.20082,47.1136],[-111.19971,47.11722],[-111.20804,47.11277],[-111.21193,47.1136],[-111.21443,47.11194],[-111.22471,47.11027],[-111.22443,47.11388],[-111.2286,47.11416],[-111.22471,47.11944],[-111.22693,47.12416],[-111.22527,47.12722],[-111.23082,47.12805],[-111.22999,47.13222],[-111.22665,47.1336],[-111.22693,47.13722],[-111.22332,47.13833],[-111.21638,47.13388],[-111.21221,47.13805],[-111.21721,47.14333],[-111.21054,47.14722],[-111.20415,47.14555],[-111.19999,47.14777],[-111.19832,47.14499],[-111.19554,47.14722],[-111.19554,47.14222],[-111.19165,47.14638],[-111.1936,47.15305],[-111.19221,47.15638],[-111.18777,47.15499],[-111.18999,47.14694],[-111.18804,47.14472],[-111.18332,47.13499],[-111.17888,47.13222],[-111.18221,47.14194],[-111.18221,47.1486],[-111.17842,47.15138],[-111.18141,47.17438]],[[-111.39915,47.06083],[-111.39888,47.06166],[-111.38527,47.06138],[-111.38415,47.06055],[-111.37582,47.06333],[-111.37193,47.0636],[-111.37304,47.06138],[-111.38415,47.05138],[-111.39415,47.04583],[-111.3936,47.04277],[-111.39777,47.04055],[-111.40888,47.04249],[-111.41221,47.04472],[-111.41304,47.04833],[-111.41138,47.0511],[-111.40082,47.05138],[-111.39832,47.05305],[-111.39915,47.06083]],[[-111.24693,46.8811],[-111.24665,46.87583],[-111.24193,46.87388],[-111.24193,46.87166],[-111.25027,46.87194],[-111.24888,46.87944],[-111.24693,46.8811]],[[-111.3536,47.07777],[-111.34943,47.07388],[-111.34527,47.0736],[-111.35054,47.07166],[-111.35499,47.06722],[-111.36249,47.06638],[-111.37193,47.06416],[-111.36665,47.07555],[-111.3536,47.07777]],[[-111.44554,47.04638],[-111.43388,47.04666],[-111.42665,47.04777],[-111.41665,47.04499],[-111.42138,47.03805],[-111.42332,47.03305],[-111.42915,47.03166],[-111.43804,47.03472],[-111.45388,47.03805],[-111.45749,47.03805],[-111.45471,47.0436],[-111.44777,47.04333],[-111.44554,47.04638]],[[-111.6136,47.00694],[-111.60277,47.00166],[-111.60138,46.99972],[-111.60415,46.99666],[-111.60804,47.00027],[-111.61554,47.00388],[-111.6136,47.00694]],[[-111.5736,46.98222],[-111.57138,46.98027],[-111.56971,46.97277],[-111.5636,46.96916],[-111.55721,46.96333],[-111.55832,46.96027],[-111.55193,46.95888],[-111.54999,46.95583],[-111.54332,46.95083],[-111.54221,46.94694],[-111.54777,46.94305],[-111.55082,46.94305],[-111.5561,46.94749],[-111.56971,46.95138],[-111.57582,46.95722],[-111.58054,46.95944],[-111.57304,46.96333],[-111.58304,46.96555],[-111.58304,46.96694],[-111.5761,46.96805],[-111.57971,46.97583],[-111.58249,46.97805],[-111.57915,46.9811],[-111.5736,46.98222]],[[-111.49304,46.97999],[-111.49082,46.96888],[-111.49693,46.96805],[-111.50138,46.97083],[-111.49749,46.97722],[-111.49304,46.97999]],[[-111.51554,46.97444],[-111.51582,46.97222],[-111.52027,46.97277],[-111.51554,46.97444]],[[-111.3611,46.99527],[-111.35471,46.99444],[-111.35693,46.99194],[-111.35443,46.99083],[-111.3586,46.98638],[-111.36527,46.98944],[-111.36527,46.99416],[-111.3611,46.99527]],[[-111.33527,46.93527],[-111.32999,46.93277],[-111.31971,46.93277],[-111.31888,46.9336],[-111.30582,46.93222],[-111.3061,46.93527],[-111.29832,46.93305],[-111.29832,46.92888],[-111.29443,46.9286],[-111.29499,46.92277],[-111.29943,46.91749],[-111.30193,46.9186],[-111.30082,46.92166],[-111.30915,46.91999],[-111.30638,46.92388],[-111.30999,46.9236],[-111.30999,46.92805],[-111.31721,46.92666],[-111.31554,46.92916],[-111.33027,46.9286],[-111.33721,46.93416],[-111.33527,46.93527]],[[-111.26027,46.91388],[-111.25443,46.91249],[-111.25749,46.90999],[-111.26165,46.90999],[-111.26332,46.91277],[-111.26027,46.91388]],[[-111.4186,46.88638],[-111.41277,46.8811],[-111.4161,46.87972],[-111.42193,46.88555],[-111.4186,46.88638]],[[-111.30554,46.89166],[-111.3011,46.88888],[-111.29415,46.88749],[-111.29221,46.89083],[-111.29249,46.88333],[-111.29832,46.88305],[-111.29971,46.88444],[-111.3086,46.88444],[-111.30443,46.88944],[-111.30554,46.89166]],[[-111.41304,46.87833],[-111.40832,46.87805],[-111.40527,46.86972],[-111.40888,46.86638],[-111.40415,46.8611],[-111.40332,46.85638],[-111.42165,46.8586],[-111.42165,46.86027],[-111.42665,46.86249],[-111.4261,46.87055],[-111.41804,46.87694],[-111.41304,46.87833]]]},"properties":{"Cell":"D-7"}},
{"type":"Feature","geometry":{"type":"Polygon","coordinates":[[[-109.72674,46.92896],[-110.19814,46.90523],[-110.19694,46.89444],[-110.18943,46.89916],[-110.18499,46.89833],[-110.18693,46.89388],[-110.18888,46.8936],[-110.18915,46.88722],[-110.18749,46.88527],[-110.18499,46.88972],[-110.17943,46.8936],[-110.17777,46.88777],[-110.18165,46.88555],[-110.17832,46.88444],[-110.17665,46.87944],[-110.17277,46.87972],[-110.17221,46.87444],[-110.17638,46.87416],[-110.18054,46.87027],[-110.17665,46.87027],[-110.17693,46.86749],[-110.17277,46.8686],[-110.17332,46.86499],[-110.16499,46.86583],[-110.16527,46.86472],[-110.15749,46.86027],[-110.15665,46.85416],[-110.15388,46.85333],[-110.15499,46.85055],[-110.16249,46.85194],[-110.1761,46.8511],[-110.17082,46.85027],[-110.16249,46.84555],[-110.16221,46.83722],[-110.1661,46.83249],[-110.17249,46.82916],[-110.16749,46.8261],[-110.16777,46.82333],[-110.17165,46.82194],[-110.16582,46.8211],[-110.16277,46.81777],[-110.16138,46.81916],[-110.16249,46.82444],[-110.15554,46.82972],[-110.14971,46.82972],[-110.14554,46.82749],[-110.14165,46.82055],[-110.14082,46.82444],[-110.14554,46.82999],[-110.1511,46.83416],[-110.15082,46.83833],[-110.14721,46.84444],[-110.1411,46.84333],[-110.14249,46.84722],[-110.1336,46.83972],[-110.12804,46.83749],[-110.12527,46.82999],[-110.11915,46.82916],[-110.1186,46.82583],[-110.12193,46.82249],[-110.12082,46.81944],[-110.11499,46.8186],[-110.10804,46.8211],[-110.1061,46.82444],[-110.10082,46.82444],[-110.09971,46.82083],[-110.09665,46.81916],[-110.10193,46.81277],[-110.10721,46.81277],[-110.10165,46.80888],[-110.11471,46.80722],[-110.11249,46.80638],[-110.11443,46.80166],[-110.1236,46.80027],[-110.12471,46.79833],[-110.13165,46.79805],[-110.13693,46.79416],[-110.13693,46.7811],[-110.13415,46.78694],[-110.13443,46.79027],[-110.13221,46.79416],[-110.12888,46.79555],[-110.11471,46.7961],[-110.11221,46.79805],[-110.10138,46.80027],[-110.10471,46.79277],[-110.09499,46.80083],[-110.09193,46.80055],[-110.09415,46.78999],[-110.09638,46.7861],[-110.09638,46.77999],[-110.09415,46.78138],[-110.09165,46.78944],[-110.08888,46.79499],[-110.08499,46.79416],[-110.08221,46.79749],[-110.07777,46.79833],[-110.07471,46.79666],[-110.07165,46.78833],[-110.07415,46.78305],[-110.07415,46.77777],[-110.06777,46.78833],[-110.07027,46.79499],[-110.06777,46.79999],[-110.06971,46.80333],[-110.06193,46.80222],[-110.06193,46.79888],[-110.05888,46.79944],[-110.05665,46.79666],[-110.05443,46.79944],[-110.04999,46.79888],[-110.05138,46.79722],[-110.04638,46.79666],[-110.04499,46.79388],[-110.0536,46.78999],[-110.05693,46.78527],[-110.04999,46.78722],[-110.05332,46.78305],[-110.04971,46.78138],[-110.04971,46.77833],[-110.04693,46.77944],[-110.04471,46.78333],[-110.04082,46.78416],[-110.03915,46.78166],[-110.04388,46.77583],[-110.04471,46.77249],[-110.03471,46.77722],[-110.03415,46.77416],[-110.03138,46.77416],[-110.0336,46.7686],[-110.02443,46.7686],[-110.0261,46.7736],[-110.01777,46.77333],[-110.01138,46.7786],[-110.0061,46.77749],[-110.00415,46.77166],[-110.00777,46.77138],[-110.01027,46.76888],[-109.99665,46.76805],[-109.99415,46.7661],[-109.99582,46.76055],[-109.99332,46.76138],[-109.99304,46.76499],[-109.98971,46.76916],[-109.98388,46.76694],[-109.97832,46.76666],[-109.97304,46.76277],[-109.96999,46.76444],[-109.95832,46.76083],[-109.9586,46.75944],[-109.95082,46.75805],[-109.94999,46.75499],[-109.94665,46.75555],[-109.94527,46.75249],[-109.94165,46.7536],[-109.93693,46.74749],[-109.9336,46.74833],[-109.92915,46.74666],[-109.92943,46.74444],[-109.92249,46.7436],[-109.92277,46.74027],[-109.91999,46.74194],[-109.91554,46.74166],[-109.91638,46.73944],[-109.90471,46.74027],[-109.89804,46.73777],[-109.89054,46.73194],[-109.88749,46.72833],[-109.87777,46.72472],[-109.8711,46.72027],[-109.86693,46.72027],[-109.85777,46.71583],[-109.85277,46.71444],[-109.85332,46.71277],[-109.8486,46.70666],[-109.84388,46.70305],[-109.8486,46.70083],[-109.86221,46.70166],[-109.87249,46.70416],[-109.87332,46.70527],[-109.88415,46.70833],[-109.89332,46.70944],[-109.8936,46.70777],[-109.88554,46.70527],[-109.88582,46.7011],[-109.89582,46.69944],[-109.89888,46.70249],[-109.90165,46.69972],[-109.91165,46.70027],[-109.91527,46.70138],[-109.92415,46.70055],[-109.92471,46.70555],[-109.92999,46.70499],[-109.92943,46.70805],[-109.9261,46.71166],[-109.93082,46.71305],[-109.92638,46.71499],[-109.92777,46.71777],[-109.93277,46.71666],[-109.94638,46.72027],[-109.94638,46.72166],[-109.95249,46.72722],[-109.96165,46.7311],[-109.96971,46.73222],[-109.96915,46.72777],[-109.96499,46.72305],[-109.95721,46.71833],[-109.95499,46.71416],[-109.95027,46.70944],[-109.94721,46.70444],[-109.94749,46.69833],[-109.94388,46.6986],[-109.9386,46.69638],[-109.94082,46.69277],[-109.93943,46.69083],[-109.94582,46.68972],[-109.94888,46.68777],[-109.9561,46.68694],[-109.95804,46.68999],[-109.95554,46.69472],[-109.96304,46.69444],[-109.96221,46.69249],[-109.96665,46.69249],[-109.97471,46.69472],[-109.97277,46.69138],[-109.96665,46.68944],[-109.96443,46.68527],[-109.98138,46.68249],[-109.98527,46.68027],[-109.9961,46.67972],[-110.00054,46.68249],[-109.99693,46.67666],[-110.00832,46.67444],[-110.00138,46.66999],[-109.99693,46.66555],[-109.98943,46.66027],[-109.99054,46.65666],[-109.99943,46.65138],[-109.99999,46.65499],[-110.00304,46.65694],[-110.00054,46.66194],[-110.00999,46.66777],[-110.01193,46.66777],[-110.00777,46.67194],[-110.02054,46.66916],[-110.0186,46.67138],[-110.02332,46.66999],[-110.02915,46.6711],[-110.02999,46.66777],[-110.03915,46.6686],[-110.03249,46.66444],[-110.02332,46.66249],[-110.01721,46.65499],[-110.02138,46.65499],[-110.0136,46.65083],[-110.01693,46.64944],[-110.01582,46.64472],[-110.01832,46.64555],[-110.01915,46.6411],[-110.02832,46.64083],[-110.03082,46.63749],[-110.03804,46.63722],[-110.04415,46.64138],[-110.04721,46.64166],[-110.04721,46.64555],[-110.05082,46.64388],[-110.05165,46.64722],[-110.05499,46.64777],[-110.05554,46.65416],[-110.05915,46.65666],[-110.05915,46.64944],[-110.06304,46.65222],[-110.0661,46.64944],[-110.0736,46.64999],[-110.07415,46.6486],[-110.0611,46.64499],[-110.0611,46.64277],[-110.05582,46.64194],[-110.05721,46.63916],[-110.05277,46.6386],[-110.0561,46.6361],[-110.05221,46.63249],[-110.05415,46.62833],[-110.05749,46.62833],[-110.05638,46.62527],[-110.05915,46.61972],[-110.06138,46.61888],[-110.06665,46.61833],[-110.07054,46.62055],[-110.08888,46.62499],[-110.09804,46.63055],[-110.10499,46.63388],[-110.10249,46.6286],[-110.0911,46.6211],[-110.08165,46.61583],[-110.07693,46.61166],[-110.07054,46.60999],[-110.0736,46.60583],[-110.07777,46.60555],[-110.07804,46.60249],[-110.08277,46.60277],[-110.08777,46.59777],[-110.09054,46.59694],[-110.08721,46.59722],[-110.09943,46.59194],[-110.09888,46.59388],[-110.10165,46.59138],[-110.10721,46.60055],[-110.10915,46.60833],[-110.1136,46.61388],[-110.11665,46.61388],[-110.11777,46.61388],[-110.12665,46.62444],[-110.12971,46.62916],[-110.13304,46.62583],[-110.12415,46.61083],[-110.12415,46.60638],[-110.11999,46.59583],[-110.11943,46.59055],[-110.12277,46.59444],[-110.13193,46.60249],[-110.1336,46.60638],[-110.13777,46.60944],[-110.13638,46.6111],[-110.13915,46.61444],[-110.14221,46.62166],[-110.1461,46.61999],[-110.14999,46.62333],[-110.15499,46.62249],[-110.15165,46.62166],[-110.14749,46.61416],[-110.15277,46.61055],[-110.1586,46.61194],[-110.1611,46.61527],[-110.16499,46.61416],[-110.16549,46.61138],[-110.16231,46.58265],[-109.69363,46.60624],[-109.72674,46.92896]]]},"properties":{"Cell":"G-8"}},
{"type":"Feature","geometry":{"type":"MultiPolygon","coordinates":[[[[-109.25495,46.95081],[-109.72674,46.92896],[-109.69363,46.60624],[-109.22457,46.62796],[-109.22849,46.66972],[-109.24054,46.66916],[-109.23804,46.6636],[-109.24471,46.66416],[-109.24777,46.6686],[-109.24888,46.66027],[-109.2561,46.66499],[-109.25304,46.66638],[-109.25832,46.67083],[-109.25777,46.67333],[-109.26249,46.6761],[-109.2611,46.66888],[-109.25888,46.66638],[-109.27304,46.6636],[-109.27888,46.66749],[-109.27888,46.66499],[-109.28277,46.66722],[-109.28638,46.66277],[-109.29082,46.66666],[-109.29193,46.67166],[-109.29527,46.66472],[-109.29832,46.66499],[-109.3011,46.66222],[-109.30388,46.66166],[-109.31665,46.66027],[-109.32332,46.66138],[-109.32138,46.66666],[-109.32554,46.66833],[-109.3286,46.66444],[-109.33332,46.66472],[-109.33554,46.66805],[-109.33943,46.66777],[-109.34165,46.66499],[-109.34471,46.66638],[-109.34915,46.67722],[-109.35332,46.68249],[-109.36277,46.68222],[-109.36277,46.67277],[-109.36027,46.66472],[-109.37054,46.66527],[-109.3761,46.66722],[-109.3786,46.67305],[-109.37415,46.67944],[-109.38027,46.68055],[-109.38721,46.67805],[-109.39138,46.68083],[-109.3911,46.67694],[-109.39388,46.67499],[-109.39443,46.66972],[-109.40138,46.67583],[-109.4011,46.67999],[-109.40471,46.68249],[-109.4061,46.69166],[-109.40721,46.69305],[-109.41249,46.69222],[-109.41554,46.68055],[-109.41582,46.67222],[-109.42082,46.67305],[-109.42138,46.6711],[-109.42915,46.67305],[-109.42582,46.68055],[-109.43138,46.6786],[-109.43277,46.68055],[-109.43138,46.68777],[-109.43971,46.69138],[-109.4411,46.6986],[-109.43915,46.7011],[-109.4436,46.70388],[-109.4461,46.69944],[-109.45221,46.69805],[-109.46221,46.7011],[-109.46388,46.70305],[-109.46638,46.69888],[-109.46999,46.68944],[-109.46693,46.68694],[-109.46943,46.68027],[-109.47499,46.67777],[-109.47665,46.67888],[-109.47332,46.68444],[-109.48221,46.68222],[-109.48443,46.68333],[-109.48582,46.68027],[-109.4886,46.68083],[-109.49082,46.68833],[-109.49388,46.68694],[-109.49888,46.68749],[-109.4986,46.69333],[-109.49999,46.69777],[-109.50471,46.69999],[-109.50554,46.69499],[-109.5086,46.68916],[-109.51721,46.68749],[-109.51999,46.69027],[-109.51638,46.69444],[-109.51443,46.69999],[-109.5161,46.70083],[-109.52304,46.69722],[-109.5261,46.69749],[-109.53582,46.69277],[-109.53499,46.69583],[-109.5386,46.69388],[-109.53915,46.69694],[-109.54304,46.69777],[-109.5286,46.70194],[-109.52249,46.7086],[-109.52888,46.70583],[-109.5336,46.70666],[-109.5411,46.70527],[-109.5411,46.71166],[-109.54915,46.71027],[-109.54804,46.71444],[-109.55249,46.71777],[-109.5511,46.71999],[-109.54304,46.7211],[-109.5411,46.72277],[-109.54471,46.72416],[-109.54638,46.72972],[-109.55915,46.72194],[-109.56499,46.7161],[-109.56499,46.72166],[-109.57054,46.71888],[-109.56721,46.73527],[-109.56971,46.73749],[-109.57804,46.73444],[-109.5811,46.72944],[-109.58832,46.73055],[-109.58804,46.73388],[-109.58443,46.74166],[-109.58721,46.74388],[-109.58388,46.7486],[-109.59249,46.75388],[-109.60138,46.75694],[-109.60943,46.75833],[-109.61221,46.76249],[-109.60721,46.76388],[-109.61249,46.76416],[-109.61832,46.76222],[-109.62721,46.76888],[-109.61971,46.76944],[-109.61054,46.76749],[-109.62027,46.77388],[-109.61888,46.77944],[-109.62277,46.77638],[-109.62388,46.77999],[-109.62721,46.78166],[-109.62999,46.78555],[-109.63221,46.77416],[-109.63527,46.77499],[-109.63999,46.77972],[-109.64082,46.78249],[-109.63443,46.78527],[-109.64165,46.78694],[-109.64415,46.78499],[-109.64888,46.78694],[-109.65249,46.79249],[-109.65804,46.79527],[-109.65721,46.79888],[-109.65193,46.79694],[-109.64082,46.79833],[-109.6386,46.79583],[-109.63249,46.7936],[-109.63221,46.79833],[-109.62999,46.79888],[-109.62943,46.80416],[-109.62415,46.80388],[-109.62721,46.80777],[-109.62165,46.8086],[-109.61582,46.8111],[-109.61638,46.81416],[-109.60971,46.81472],[-109.61138,46.81666],[-109.6161,46.81694],[-109.61554,46.81972],[-109.62665,46.81805],[-109.62582,46.82027],[-109.6386,46.81722],[-109.63943,46.81972],[-109.64443,46.82055],[-109.6611,46.81583],[-109.66832,46.81777],[-109.66832,46.82027],[-109.66304,46.82472],[-109.65777,46.82749],[-109.64888,46.8286],[-109.65138,46.83166],[-109.64638,46.8336],[-109.64193,46.83833],[-109.63638,46.83444],[-109.62638,46.83305],[-109.62054,46.8386],[-109.62249,46.84638],[-109.62082,46.84805],[-109.61749,46.8461],[-109.61304,46.8461],[-109.61082,46.8436],[-109.60721,46.84333],[-109.60415,46.83694],[-109.60138,46.83777],[-109.59804,46.84222],[-109.59138,46.84194],[-109.58832,46.83666],[-109.58804,46.84222],[-109.58249,46.84138],[-109.58277,46.84305],[-109.57471,46.84138],[-109.57582,46.8436],[-109.56943,46.84333],[-109.56832,46.84666],[-109.57304,46.84749],[-109.57471,46.85166],[-109.57999,46.85416],[-109.57915,46.85638],[-109.58221,46.86083],[-109.57277,46.86444],[-109.56999,46.85999],[-109.5586,46.8661],[-109.55832,46.86722],[-109.54638,46.86333],[-109.54332,46.8611],[-109.54304,46.85805],[-109.53888,46.85472],[-109.5461,46.84999],[-109.54027,46.85027],[-109.54138,46.84305],[-109.53888,46.84416],[-109.52554,46.84638],[-109.52415,46.84166],[-109.52777,46.83972],[-109.53388,46.83416],[-109.53832,46.8286],[-109.53304,46.83138],[-109.52999,46.83472],[-109.5236,46.83833],[-109.51915,46.83694],[-109.51888,46.84222],[-109.52138,46.84722],[-109.51499,46.85055],[-109.51138,46.84999],[-109.50971,46.84305],[-109.50443,46.83555],[-109.50499,46.82666],[-109.4986,46.81666],[-109.50249,46.82749],[-109.50054,46.8361],[-109.5036,46.84027],[-109.5036,46.84305],[-109.49777,46.8411],[-109.5011,46.84444],[-109.49915,46.84916],[-109.4961,46.84666],[-109.48527,46.84777],[-109.47721,46.84305],[-109.48332,46.84944],[-109.47888,46.85166],[-109.49082,46.84972],[-109.49693,46.85083],[-109.49749,46.85555],[-109.4911,46.85527],[-109.48554,46.85777],[-109.48138,46.85749],[-109.48499,46.86138],[-109.4886,46.85972],[-109.48777,46.86583],[-109.49471,46.86388],[-109.49749,46.86527],[-109.49554,46.86749],[-109.50415,46.87249],[-109.51027,46.87416],[-109.51527,46.8786],[-109.50721,46.88083],[-109.50193,46.87749],[-109.49777,46.87916],[-109.49277,46.87333],[-109.49277,46.87027],[-109.48193,46.86944],[-109.48082,46.86722],[-109.47665,46.86638],[-109.46665,46.86888],[-109.46277,46.87138],[-109.45999,46.86916],[-109.45665,46.86999],[-109.45277,46.86777],[-109.44999,46.87027],[-109.45082,46.87333],[-109.44721,46.87638],[-109.43832,46.8786],[-109.43388,46.87694],[-109.43027,46.87749],[-109.42888,46.88138],[-109.42777,46.87583],[-109.4361,46.87138],[-109.43527,46.86749],[-109.44082,46.86527],[-109.42915,46.85749],[-109.4236,46.8586],[-109.42249,46.85694],[-109.41665,46.8686],[-109.41443,46.87027],[-109.41471,46.86472],[-109.41165,46.86305],[-109.41693,46.85166],[-109.41721,46.84222],[-109.41971,46.83777],[-109.41915,46.83277],[-109.42332,46.82388],[-109.41777,46.83083],[-109.40665,46.82944],[-109.41415,46.83222],[-109.4161,46.83722],[-109.41443,46.83999],[-109.41277,46.84833],[-109.40804,46.84999],[-109.41138,46.85194],[-109.40915,46.85694],[-109.40527,46.86166],[-109.40165,46.86277],[-109.39777,46.86083],[-109.3986,46.85694],[-109.39193,46.86083],[-109.38804,46.85527],[-109.3811,46.85527],[-109.37415,46.85805],[-109.38415,46.85694],[-109.38582,46.86027],[-109.37971,46.86083],[-109.38332,46.87055],[-109.37749,46.86722],[-109.37138,46.86888],[-109.37249,46.87305],[-109.36749,46.88055],[-109.36915,46.88333],[-109.36193,46.87888],[-109.35499,46.88027],[-109.35332,46.87888],[-109.35638,46.87555],[-109.35249,46.87333],[-109.35693,46.86694],[-109.36165,46.86805],[-109.36721,46.86583],[-109.3636,46.86249],[-109.34582,46.86055],[-109.3461,46.8636],[-109.34221,46.86416],[-109.33693,46.86138],[-109.3336,46.86222],[-109.3336,46.86527],[-109.33721,46.87027],[-109.3286,46.86833],[-109.3286,46.87305],[-109.33165,46.87583],[-109.32971,46.87805],[-109.32138,46.87749],[-109.32193,46.87527],[-109.3161,46.87583],[-109.31165,46.87944],[-109.3086,46.88472],[-109.30888,46.88694],[-109.30443,46.88694],[-109.29999,46.88499],[-109.31138,46.87638],[-109.31221,46.87194],[-109.31971,46.87083],[-109.32332,46.8686],[-109.32193,46.86694],[-109.3111,46.86527],[-109.31582,46.86333],[-109.32193,46.86305],[-109.32332,46.8561],[-109.31304,46.85499],[-109.31249,46.85333],[-109.31832,46.84888],[-109.32415,46.84083],[-109.32332,46.83722],[-109.32165,46.84249],[-109.31638,46.84777],[-109.30888,46.85277],[-109.3011,46.85416],[-109.29804,46.84944],[-109.29832,46.84416],[-109.29332,46.84972],[-109.28832,46.8486],[-109.28582,46.8386],[-109.27971,46.83638],[-109.27582,46.84055],[-109.2786,46.84444],[-109.27554,46.84555],[-109.27443,46.84972],[-109.2761,46.8511],[-109.27554,46.86055],[-109.27665,46.86499],[-109.2736,46.87138],[-109.27249,46.87749],[-109.26777,46.87833],[-109.26527,46.87388],[-109.25721,46.86972],[-109.25693,46.87722],[-109.25249,46.88027],[-109.25499,46.88472],[-109.24905,46.88833],[-109.25495,46.95081]],[[-109.38277,46.8936],[-109.38999,46.89666],[-109.39277,46.90777],[-109.38804,46.90777],[-109.38554,46.90277],[-109.38527,46.8986],[-109.37888,46.89888],[-109.38277,46.8936]],[[-109.43304,46.88305],[-109.4361,46.88499],[-109.43777,46.89083],[-109.44249,46.89499],[-109.44527,46.90194],[-109.44165,46.9036],[-109.4411,46.9011],[-109.43665,46.90166],[-109.43527,46.89499],[-109.4311,46.89416],[-109.42832,46.88472],[-109.43304,46.88305]],[[-109.37665,46.88499],[-109.38027,46.88527],[-109.38221,46.88777],[-109.37943,46.89138],[-109.37693,46.88999],[-109.37665,46.88499]],[[-109.38499,46.8836],[-109.38443,46.88638],[-109.38082,46.88472],[-109.38499,46.8836]],[[-109.54221,46.86499],[-109.54249,46.87027],[-109.54054,46.86749],[-109.54221,46.86499]],[[-109.50415,46.84638],[-109.50721,46.85305],[-109.50165,46.85416],[-109.50415,46.84638]]],[[[-109.24389,46.8336],[-109.25915,46.83166],[-109.26249,46.82972],[-109.26138,46.82722],[-109.2536,46.82777],[-109.25499,46.82555],[-109.24915,46.82333],[-109.25665,46.82222],[-109.25193,46.82027],[-109.25221,46.8186],[-109.24185,46.81194],[-109.24386,46.83333],[-109.24388,46.83347],[-109.24389,46.8336]]]]},"properties":{"Cell":"H-8"}},
{"type":"Feature","geometry":{"type":"MultiPolygon","coordinates":[[[[-108.75516,46.64779],[-108.7828,46.97076],[-109.25495,46.95081],[-109.24905,46.88833],[-109.23721,46.89138],[-109.23582,46.89333],[-109.23193,46.89555],[-109.23054,46.89916],[-109.22388,46.89749],[-109.21999,46.8936],[-109.21777,46.89388],[-109.21527,46.88944],[-109.2061,46.88805],[-109.20082,46.89194],[-109.19582,46.89194],[-109.19304,46.8886],[-109.19027,46.88833],[-109.19054,46.88444],[-109.18443,46.88444],[-109.17777,46.88222],[-109.1661,46.88194],[-109.16082,46.88305],[-109.15277,46.88305],[-109.15138,46.88166],[-109.15971,46.88166],[-109.16693,46.87833],[-109.1736,46.87694],[-109.17443,46.87527],[-109.18304,46.87416],[-109.18943,46.87444],[-109.18499,46.87777],[-109.18443,46.88083],[-109.19027,46.8811],[-109.19554,46.87972],[-109.19388,46.87416],[-109.20332,46.8736],[-109.20527,46.87499],[-109.22415,46.87222],[-109.23304,46.87222],[-109.23749,46.87333],[-109.23943,46.87027],[-109.23165,46.86972],[-109.2311,46.86666],[-109.22693,46.86444],[-109.22693,46.86194],[-109.22304,46.86277],[-109.21665,46.86055],[-109.21832,46.8561],[-109.20943,46.85638],[-109.20527,46.86027],[-109.19999,46.85722],[-109.20415,46.85555],[-109.20749,46.85277],[-109.20554,46.85055],[-109.20888,46.84805],[-109.2036,46.84749],[-109.20138,46.84499],[-109.19832,46.84777],[-109.19471,46.84638],[-109.19138,46.84527],[-109.19138,46.8386],[-109.19388,46.84083],[-109.19749,46.83749],[-109.19304,46.83666],[-109.19165,46.83305],[-109.19721,46.83083],[-109.20971,46.83027],[-109.21804,46.83249],[-109.23582,46.83222],[-109.24388,46.8336],[-109.24386,46.83333],[-109.24185,46.81194],[-109.24054,46.80972],[-109.23499,46.80666],[-109.23777,46.81416],[-109.24027,46.81444],[-109.24165,46.81972],[-109.23054,46.82138],[-109.2236,46.82527],[-109.22304,46.82416],[-109.21471,46.82388],[-109.20971,46.82194],[-109.20165,46.82444],[-109.1961,46.82305],[-109.19304,46.81638],[-109.19054,46.82305],[-109.18082,46.81833],[-109.17777,46.81972],[-109.17221,46.81916],[-109.17221,46.81666],[-109.16888,46.81694],[-109.16665,46.81388],[-109.17221,46.81222],[-109.17304,46.80944],[-109.16693,46.80972],[-109.16388,46.80666],[-109.15832,46.81249],[-109.15388,46.81277],[-109.15027,46.81055],[-109.15499,46.80972],[-109.15054,46.80583],[-109.15193,46.8036],[-109.15832,46.80333],[-109.16999,46.80444],[-109.17499,46.80194],[-109.16638,46.80222],[-109.16471,46.79944],[-109.16193,46.80027],[-109.15527,46.79916],[-109.16277,46.79444],[-109.15249,46.79527],[-109.14888,46.79083],[-109.15193,46.78138],[-109.15638,46.77833],[-109.16082,46.77722],[-109.1586,46.77555],[-109.16582,46.77333],[-109.17277,46.76805],[-109.18027,46.76666],[-109.19165,46.76916],[-109.18915,46.76638],[-109.1836,46.76666],[-109.18193,46.76499],[-109.1861,46.75916],[-109.1811,46.76222],[-109.17249,46.76527],[-109.15915,46.76499],[-109.15971,46.76666],[-109.15554,46.76999],[-109.15138,46.76972],[-109.15138,46.77277],[-109.14582,46.7786],[-109.14027,46.78888],[-109.14082,46.79388],[-109.14415,46.7961],[-109.13888,46.80305],[-109.12915,46.80499],[-109.12832,46.80194],[-109.12304,46.80138],[-109.11804,46.79888],[-109.12527,46.79833],[-109.12165,46.79222],[-109.12693,46.78944],[-109.1236,46.78777],[-109.11749,46.78972],[-109.11582,46.78888],[-109.1161,46.7836],[-109.11832,46.78166],[-109.11388,46.78027],[-109.11943,46.77777],[-109.11527,46.77749],[-109.11804,46.77055],[-109.11249,46.77694],[-109.10777,46.77777],[-109.10304,46.77638],[-109.09943,46.77805],[-109.09582,46.77722],[-109.09554,46.77444],[-109.09193,46.7736],[-109.09165,46.7711],[-109.09832,46.77333],[-109.10415,46.76999],[-109.09915,46.76972],[-109.09888,46.76527],[-109.09388,46.7636],[-109.09443,46.76138],[-109.08693,46.75694],[-109.08999,46.75499],[-109.08554,46.75222],[-109.09138,46.75138],[-109.08582,46.74888],[-109.0836,46.74472],[-109.08693,46.74388],[-109.08582,46.73694],[-109.09388,46.7411],[-109.09832,46.74499],[-109.10165,46.74999],[-109.11415,46.7561],[-109.13027,46.7561],[-109.13693,46.75499],[-109.14388,46.75666],[-109.14943,46.7536],[-109.14777,46.74944],[-109.14332,46.7511],[-109.13721,46.7511],[-109.1361,46.74805],[-109.12193,46.74694],[-109.11777,46.74555],[-109.11665,46.74194],[-109.1211,46.73749],[-109.13277,46.73722],[-109.13388,46.73583],[-109.14332,46.73527],[-109.14249,46.73249],[-109.15443,46.73222],[-109.16027,46.73416],[-109.15971,46.73222],[-109.1636,46.72944],[-109.15749,46.72944],[-109.15693,46.72583],[-109.15304,46.7261],[-109.1536,46.7236],[-109.15054,46.72222],[-109.13943,46.72333],[-109.13943,46.72138],[-109.14749,46.71777],[-109.14693,46.71499],[-109.14165,46.71277],[-109.13721,46.71305],[-109.13388,46.70944],[-109.12888,46.70972],[-109.12832,46.70749],[-109.12054,46.70749],[-109.11971,46.70555],[-109.12582,46.70194],[-109.12888,46.6986],[-109.1311,46.70138],[-109.13693,46.69999],[-109.14249,46.70972],[-109.15471,46.71416],[-109.15777,46.7136],[-109.15277,46.70499],[-109.15804,46.70333],[-109.15943,46.70472],[-109.1636,46.70305],[-109.16554,46.70666],[-109.17027,46.70583],[-109.17082,46.70222],[-109.17443,46.70222],[-109.17332,46.70583],[-109.17388,46.71249],[-109.17638,46.70888],[-109.17971,46.70888],[-109.17638,46.70638],[-109.17971,46.70138],[-109.17665,46.69944],[-109.17832,46.69555],[-109.18165,46.6961],[-109.18499,46.69944],[-109.18693,46.69777],[-109.18415,46.69222],[-109.18665,46.6911],[-109.18971,46.6861],[-109.19749,46.69083],[-109.19415,46.68694],[-109.19443,46.68277],[-109.1986,46.68138],[-109.20193,46.67638],[-109.20554,46.67694],[-109.2111,46.68138],[-109.2086,46.67777],[-109.20971,46.67444],[-109.21277,46.67499],[-109.22082,46.6711],[-109.22849,46.66972],[-109.22457,46.62796],[-108.75516,46.64779]],[[-109.07888,46.72916],[-109.07277,46.72499],[-109.07471,46.72222],[-109.07888,46.72916]],[[-109.07915,46.72944],[-109.08332,46.73138],[-109.08471,46.73444],[-109.07999,46.73249],[-109.07915,46.72944]],[[-109.13665,46.8311],[-109.13388,46.82638],[-109.12832,46.82277],[-109.12277,46.82083],[-109.12332,46.81805],[-109.13138,46.81527],[-109.13554,46.81555],[-109.13943,46.81888],[-109.13999,46.81666],[-109.14721,46.81888],[-109.15249,46.82166],[-109.16054,46.82083],[-109.16027,46.82444],[-109.16332,46.82999],[-109.15721,46.82999],[-109.15832,46.83277],[-109.14749,46.8336],[-109.14471,46.83666],[-109.14221,46.83416],[-109.13777,46.83333],[-109.13665,46.8311]],[[-109.1736,46.82249],[-109.1711,46.82666],[-109.16915,46.82555],[-109.17054,46.82333],[-109.17082,46.82305],[-109.1736,46.82249]],[[-108.97999,46.78916],[-108.98888,46.78999],[-108.99054,46.79416],[-108.97777,46.79666],[-108.97693,46.79333],[-108.97999,46.78916]],[[-109.09249,46.8411],[-109.09971,46.84305],[-109.10443,46.84305],[-109.10999,46.84583],[-109.11388,46.84555],[-109.11249,46.84999],[-109.1061,46.85055],[-109.09888,46.84722],[-109.09249,46.84722],[-109.08943,46.84555],[-109.09249,46.8411]],[[-109.16304,46.82194],[-109.16777,46.82277],[-109.16721,46.82499],[-109.16221,46.82333],[-109.16304,46.82194]],[[-109.1811,46.82249],[-109.18527,46.82333],[-109.18304,46.82527],[-109.1811,46.82249]],[[-108.98277,46.88749],[-108.99221,46.89333],[-108.98527,46.89249],[-108.98277,46.88749]],[[-109.14582,46.88305],[-109.14943,46.88333],[-109.14777,46.88638],[-109.14193,46.88666],[-109.14249,46.88388],[-109.14582,46.88305]],[[-109.04527,46.90638],[-109.0536,46.91138],[-109.04665,46.9111],[-109.04388,46.90888],[-109.04527,46.90638]],[[-109.08221,46.91138],[-109.08527,46.91333],[-109.08054,46.91416],[-109.08221,46.91138]]],[[[-109.24388,46.83347],[-109.24388,46.8336],[-109.24389,46.8336],[-109.24388,46.83347]]]]},"properties":{"Cell":"I-8"}},
{"type":"Feature","geometry":{"type":"Polygon","coordinates":[[[-109.22457,46.62796],[-109.69363,46.60624],[-109.6609,46.28353],[-109.19455,46.30512],[-109.22457,46.62796]]]},"properties":{"Cell":"H-9"}},
{"type":"Feature","geometry":{"type":"Polygon","coordinates":[[[-108.75516,46.64779],[-109.22457,46.62796],[-109.19455,46.30512],[-108.72785,46.32484],[-108.75516,46.64779]]]},"properties":{"Cell":"I-9"}},
{"type":"Feature","geometry":{"type":"Polygon","coordinates":[[[-108.72785,46.32484],[-109.19455,46.30512],[-109.16487,45.98229],[-108.70085,46.0019],[-108.72785,46.32484]]]},"properties":{"Cell":"I-10"}},
{"type":"Feature","geometry":{"type":"Polygon","coordinates":[[[-109.19455,46.30512],[-109.6609,46.28353],[-109.62856,45.96082],[-109.16487,45.98229],[-109.19455,46.30512]]]},"properties":{"Cell":"H-10"}},
{"type":"Feature","geometry":{"type":"MultiPolygon","coordinates":[[[[-110.10888,46.26101],[-110.11332,46.25972],[-110.11138,46.25694],[-110.11721,46.25166],[-110.10665,46.25249],[-110.10193,46.25388],[-110.09721,46.25249],[-110.09888,46.24777],[-110.10332,46.24749],[-110.10971,46.23833],[-110.10665,46.23416],[-110.09888,46.23416],[-110.08971,46.23666],[-110.08054,46.2361],[-110.08138,46.23305],[-110.08554,46.23138],[-110.08693,46.22805],[-110.07943,46.22944],[-110.07527,46.23333],[-110.06527,46.23305],[-110.06527,46.23138],[-110.05971,46.23305],[-110.04971,46.23249],[-110.05415,46.2286],[-110.04749,46.22916],[-110.04693,46.22777],[-110.04943,46.22527],[-110.04471,46.22388],[-110.04443,46.22055],[-110.0411,46.22083],[-110.03804,46.21638],[-110.02582,46.22527],[-110.01693,46.22388],[-110.01277,46.21444],[-110.01471,46.21222],[-110.02027,46.2136],[-110.0411,46.21388],[-110.04138,46.21277],[-110.06777,46.21277],[-110.07527,46.21194],[-110.07193,46.20888],[-110.06638,46.20972],[-110.06638,46.20638],[-110.05777,46.2086],[-110.05749,46.2036],[-110.05499,46.19972],[-110.05221,46.19916],[-110.04999,46.19527],[-110.04554,46.19444],[-110.04388,46.18555],[-110.04054,46.18527],[-110.0436,46.18083],[-110.04138,46.17833],[-110.04415,46.1761],[-110.04527,46.17222],[-110.04138,46.17416],[-110.03693,46.1686],[-110.03888,46.16472],[-110.04471,46.16166],[-110.04915,46.16194],[-110.04971,46.15916],[-110.05332,46.15805],[-110.05415,46.16027],[-110.06138,46.1586],[-110.06527,46.15472],[-110.0786,46.1536],[-110.07943,46.15277],[-110.08804,46.15638],[-110.08388,46.15194],[-110.08638,46.15194],[-110.08582,46.1486],[-110.08888,46.1461],[-110.08915,46.1461],[-110.08943,46.14638],[-110.0986,46.14305],[-110.09943,46.14055],[-110.09554,46.13833],[-110.09499,46.13527],[-110.08999,46.13722],[-110.08388,46.13694],[-110.07499,46.12999],[-110.07054,46.12833],[-110.0736,46.12583],[-110.07332,46.12277],[-110.07027,46.1186],[-110.07249,46.11555],[-110.06415,46.11694],[-110.05471,46.11638],[-110.05693,46.11527],[-110.06415,46.11555],[-110.06888,46.11277],[-110.06888,46.09916],[-110.06665,46.09833],[-110.06665,46.0936],[-110.07304,46.08749],[-110.0686,46.08694],[-110.06638,46.08333],[-110.06749,46.08194],[-110.07332,46.08222],[-110.07443,46.07805],[-110.06832,46.07277],[-110.07193,46.07222],[-110.07332,46.06777],[-110.06638,46.06638],[-110.06415,46.06333],[-110.05443,46.0611],[-110.04554,46.06055],[-110.04054,46.05805],[-110.04221,46.05638],[-110.05082,46.05527],[-110.06082,46.05638],[-110.06749,46.06083],[-110.07471,46.06305],[-110.07443,46.05805],[-110.06749,46.05472],[-110.07082,46.05222],[-110.06832,46.05055],[-110.05221,46.04833],[-110.05138,46.04722],[-110.06165,46.04749],[-110.06693,46.04638],[-110.06832,46.04444],[-110.0761,46.04416],[-110.0761,46.04277],[-110.08304,46.04138],[-110.08582,46.0436],[-110.08499,46.03999],[-110.08943,46.03999],[-110.08193,46.03638],[-110.0861,46.03527],[-110.0811,46.03166],[-110.08665,46.03222],[-110.09277,46.03499],[-110.09165,46.0311],[-110.08832,46.03055],[-110.08721,46.02749],[-110.09443,46.02666],[-110.09665,46.02944],[-110.10206,46.03166],[-110.09554,45.97151],[-110.08943,45.97472],[-110.0911,45.96999],[-110.08499,45.96999],[-110.08777,45.96305],[-110.09463,45.96305],[-110.0937,45.95444],[-110.08638,45.95555],[-110.0861,45.95333],[-110.09343,45.95194],[-110.09313,45.94916],[-110.0886,45.9486],[-110.09277,45.94583],[-110.09187,45.9375],[-109.62856,45.96082],[-109.6609,46.28353],[-110.05277,46.26392],[-110.05332,46.26333],[-110.05471,46.26055],[-110.06027,46.25999],[-110.06277,46.26249],[-110.06693,46.26318],[-110.10693,46.26111],[-110.10777,46.26107],[-110.10888,46.26101]],[[-110.07304,45.99722],[-110.07582,45.99722],[-110.07527,46.00277],[-110.07082,46.00249],[-110.07054,46.00583],[-110.06777,46.00888],[-110.06388,46.00888],[-110.05888,46.01944],[-110.05554,46.02277],[-110.06277,46.0236],[-110.06971,46.02888],[-110.07443,46.02305],[-110.07638,46.02416],[-110.07249,46.03083],[-110.06915,46.03249],[-110.06165,46.03138],[-110.05638,46.03333],[-110.05471,46.03138],[-110.05527,46.02638],[-110.05304,46.02388],[-110.04721,46.02583],[-110.04638,46.02388],[-110.04332,46.02638],[-110.04193,46.02305],[-110.04582,46.01888],[-110.04943,46.01944],[-110.04971,46.01694],[-110.05693,46.01527],[-110.05721,46.0086],[-110.06388,46.00472],[-110.06554,46.00055],[-110.07304,45.99722]],[[-110.08443,46.02472],[-110.08638,46.02527],[-110.08249,46.0286],[-110.07804,46.02916],[-110.08443,46.02472]],[[-110.04971,46.24277],[-110.05193,46.23888],[-110.05999,46.23888],[-110.06443,46.23666],[-110.06777,46.23805],[-110.07304,46.23777],[-110.06665,46.24083],[-110.06138,46.23999],[-110.04971,46.24277]],[[-110.05193,46.20916],[-110.04721,46.20805],[-110.03943,46.20805],[-110.03971,46.20638],[-110.05082,46.20749],[-110.05193,46.20916]],[[-109.9261,46.15249],[-109.92749,46.14944],[-109.92999,46.14972],[-109.92943,46.15305],[-109.9261,46.15249]],[[-110.03415,46.03222],[-110.02554,46.03222],[-110.02443,46.02916],[-110.03249,46.0286],[-110.03471,46.02722],[-110.04165,46.02694],[-110.04415,46.02944],[-110.03971,46.03083],[-110.03388,46.02916],[-110.03415,46.03222]],[[-110.01471,46.03333],[-110.01554,46.02972],[-110.01777,46.02999],[-110.01471,46.03333]]],[[[-110.08943,46.14638],[-110.08915,46.1461],[-110.08888,46.1461],[-110.08943,46.14638]]]]},"properties":{"Cell":"G-10"}},
{"type":"Feature","geometry":{"type":"Polygon","coordinates":[[[-109.69363,46.60624],[-110.16231,46.58265],[-110.13953,46.37555],[-110.13638,46.3786],[-110.13388,46.37777],[-110.12415,46.37805],[-110.12415,46.37027],[-110.11915,46.36583],[-110.12165,46.36194],[-110.12499,46.35222],[-110.11943,46.35083],[-110.11915,46.34888],[-110.12499,46.34638],[-110.12527,46.34305],[-110.12971,46.34222],[-110.12888,46.33999],[-110.13548,46.3386],[-110.12745,46.26527],[-110.12165,46.2661],[-110.11999,46.26916],[-110.11221,46.27138],[-110.11221,46.2636],[-110.10665,46.26305],[-110.10693,46.26111],[-110.06693,46.26318],[-110.06138,46.26527],[-110.05277,46.26392],[-109.6609,46.28353],[-109.69363,46.60624]]]},"properties":{"Cell":"G-9"}},
{"type":"Feature","geometry":{"type":"MultiPolygon","coordinates":[[[[-110.1486,46.34027],[-110.15499,46.33999],[-110.15582,46.34333],[-110.16415,46.34444],[-110.17193,46.3436],[-110.1786,46.34027],[-110.1836,46.33416],[-110.1861,46.32555],[-110.1886,46.32305],[-110.18249,46.32055],[-110.18693,46.32083],[-110.18638,46.31833],[-110.17804,46.31499],[-110.1736,46.31194],[-110.18027,46.31138],[-110.20249,46.31277],[-110.20054,46.31083],[-110.20193,46.30388],[-110.19888,46.3011],[-110.2036,46.29999],[-110.20388,46.29638],[-110.20665,46.29388],[-110.20415,46.28972],[-110.20582,46.28694],[-110.20277,46.28527],[-110.19749,46.28583],[-110.19638,46.2836],[-110.18749,46.28138],[-110.18527,46.28472],[-110.18915,46.28722],[-110.17527,46.28694],[-110.17082,46.29166],[-110.16388,46.2911],[-110.16332,46.28833],[-110.16665,46.28472],[-110.15999,46.28194],[-110.16193,46.28027],[-110.1586,46.27833],[-110.15221,46.27805],[-110.14804,46.27527],[-110.14832,46.27222],[-110.14388,46.27138],[-110.14638,46.26805],[-110.1411,46.26749],[-110.13999,46.25999],[-110.13749,46.26527],[-110.13499,46.26666],[-110.12745,46.26527],[-110.13548,46.3386],[-110.13804,46.33805],[-110.1486,46.34027]]],[[[-110.38277,46.35138],[-110.38304,46.35138],[-110.38304,46.35166],[-110.38027,46.35472],[-110.37443,46.34944],[-110.36888,46.34888],[-110.37749,46.35749],[-110.38193,46.36527],[-110.38054,46.36916],[-110.38388,46.3686],[-110.37971,46.37222],[-110.38304,46.37666],[-110.38221,46.37805],[-110.37027,46.37999],[-110.36665,46.3836],[-110.37193,46.38333],[-110.3786,46.38472],[-110.3811,46.38749],[-110.35777,46.38888],[-110.36499,46.38388],[-110.35582,46.38249],[-110.35499,46.38138],[-110.36665,46.37249],[-110.37249,46.36999],[-110.37721,46.36999],[-110.37499,46.36388],[-110.37165,46.36388],[-110.36554,46.36749],[-110.36582,46.36444],[-110.36304,46.36472],[-110.35638,46.36916],[-110.3511,46.36972],[-110.34582,46.36583],[-110.34443,46.36083],[-110.33721,46.36472],[-110.33693,46.36944],[-110.33443,46.36888],[-110.3361,46.35944],[-110.33388,46.35777],[-110.33082,46.3611],[-110.32721,46.35999],[-110.32721,46.36416],[-110.32415,46.36555],[-110.31165,46.36722],[-110.30277,46.36944],[-110.29415,46.36999],[-110.29277,46.3686],[-110.27915,46.36722],[-110.2736,46.36138],[-110.26943,46.36249],[-110.27304,46.3536],[-110.28915,46.34666],[-110.28915,46.34555],[-110.28554,46.34638],[-110.28193,46.34305],[-110.27527,46.34472],[-110.27027,46.34277],[-110.26638,46.3386],[-110.26277,46.3386],[-110.26277,46.33583],[-110.2561,46.33527],[-110.25888,46.33222],[-110.25415,46.33388],[-110.2461,46.33444],[-110.24332,46.33833],[-110.23777,46.33805],[-110.23443,46.34194],[-110.23388,46.34583],[-110.22499,46.35055],[-110.21138,46.35138],[-110.20943,46.34972],[-110.19971,46.35055],[-110.18888,46.34999],[-110.19082,46.35416],[-110.18971,46.35722],[-110.19165,46.36083],[-110.18888,46.36249],[-110.1836,46.36194],[-110.17582,46.36305],[-110.17721,46.3686],[-110.17415,46.3711],[-110.1711,46.36972],[-110.16888,46.36888],[-110.15915,46.36999],[-110.1586,46.37333],[-110.14888,46.37555],[-110.14665,46.3786],[-110.14221,46.3786],[-110.13953,46.37555],[-110.16231,46.58265],[-110.19721,46.58081],[-110.19527,46.57999],[-110.20054,46.57555],[-110.20693,46.57583],[-110.21138,46.57388],[-110.21277,46.57749],[-110.21804,46.57749],[-110.2161,46.57222],[-110.2236,46.57499],[-110.22388,46.57939],[-110.4086,46.56945],[-110.41193,46.56833],[-110.41193,46.56583],[-110.41832,46.56305],[-110.41554,46.56722],[-110.42138,46.56722],[-110.4211,46.56877],[-110.46138,46.56657],[-110.45915,46.56416],[-110.46193,46.56333],[-110.46971,46.56611],[-110.47693,46.56571],[-110.47332,46.56416],[-110.47138,46.56027],[-110.47221,46.5561],[-110.47693,46.55916],[-110.4811,46.55777],[-110.49027,46.56305],[-110.50082,46.56166],[-110.49832,46.56453],[-110.56527,46.56083],[-110.56915,46.55916],[-110.55693,46.5611],[-110.55527,46.5561],[-110.55249,46.55333],[-110.55999,46.54805],[-110.55221,46.54833],[-110.55221,46.54499],[-110.54804,46.54583],[-110.54471,46.54888],[-110.53915,46.54888],[-110.53693,46.54222],[-110.5436,46.54333],[-110.54415,46.5336],[-110.5511,46.53194],[-110.54943,46.52999],[-110.55249,46.52805],[-110.55221,46.52388],[-110.55027,46.52749],[-110.53721,46.53305],[-110.53665,46.53527],[-110.5286,46.53527],[-110.52888,46.53694],[-110.5236,46.53666],[-110.52304,46.53944],[-110.51943,46.54055],[-110.51721,46.53833],[-110.5136,46.53999],[-110.50888,46.53944],[-110.50471,46.53444],[-110.50165,46.53499],[-110.50277,46.53888],[-110.4986,46.53833],[-110.49693,46.54055],[-110.49249,46.53833],[-110.48304,46.53888],[-110.48277,46.53694],[-110.47804,46.5386],[-110.47721,46.53333],[-110.47138,46.53305],[-110.47304,46.52972],[-110.4786,46.5311],[-110.4861,46.53055],[-110.49082,46.53166],[-110.49027,46.52888],[-110.49665,46.5261],[-110.50082,46.52583],[-110.49943,46.5236],[-110.49443,46.52444],[-110.49471,46.52138],[-110.49138,46.51944],[-110.48888,46.52083],[-110.48665,46.51833],[-110.48777,46.51555],[-110.48221,46.51749],[-110.47443,46.5136],[-110.47415,46.51055],[-110.47082,46.50777],[-110.46721,46.50777],[-110.46582,46.50555],[-110.46388,46.51083],[-110.45721,46.52055],[-110.45388,46.5211],[-110.45388,46.51722],[-110.45638,46.51277],[-110.45665,46.5061],[-110.45277,46.50972],[-110.44804,46.52277],[-110.44804,46.52944],[-110.44582,46.5361],[-110.44304,46.53749],[-110.43693,46.53055],[-110.43582,46.52277],[-110.43721,46.51888],[-110.43332,46.51777],[-110.43277,46.5086],[-110.43721,46.50555],[-110.4336,46.50027],[-110.43832,46.49666],[-110.43332,46.49305],[-110.43082,46.48527],[-110.42638,46.47583],[-110.4236,46.47527],[-110.42027,46.46888],[-110.42193,46.4661],[-110.41832,46.46472],[-110.41721,46.45972],[-110.42027,46.45333],[-110.41777,46.4511],[-110.41915,46.44666],[-110.41888,46.44138],[-110.42471,46.43944],[-110.42832,46.4436],[-110.42749,46.44888],[-110.43304,46.44444],[-110.43277,46.43638],[-110.43721,46.43833],[-110.44665,46.4461],[-110.45027,46.44666],[-110.45832,46.45333],[-110.45943,46.45138],[-110.46582,46.45499],[-110.46693,46.45888],[-110.46971,46.45888],[-110.47749,46.46444],[-110.48054,46.46138],[-110.48221,46.46555],[-110.48665,46.46499],[-110.48943,46.46694],[-110.48832,46.46249],[-110.49471,46.46527],[-110.49471,46.46249],[-110.49943,46.46166],[-110.50165,46.45944],[-110.50638,46.46027],[-110.50777,46.46333],[-110.5136,46.46305],[-110.51915,46.46055],[-110.51804,46.46555],[-110.52277,46.46388],[-110.52249,46.46166],[-110.52693,46.46194],[-110.53054,46.45638],[-110.52443,46.45583],[-110.53054,46.45194],[-110.53943,46.45305],[-110.54888,46.45305],[-110.55777,46.45499],[-110.57027,46.45583],[-110.56999,46.45277],[-110.56665,46.45027],[-110.55915,46.44777],[-110.56304,46.44777],[-110.55693,46.44305],[-110.55415,46.44249],[-110.54971,46.43833],[-110.54943,46.43472],[-110.55693,46.43333],[-110.5586,46.42638],[-110.56249,46.42749],[-110.56499,46.43194],[-110.56665,46.42416],[-110.56832,46.42583],[-110.56777,46.4336],[-110.5786,46.44388],[-110.5786,46.43749],[-110.58082,46.4336],[-110.58804,46.43305],[-110.59388,46.43416],[-110.58999,46.42555],[-110.59693,46.43166],[-110.59527,46.42777],[-110.59888,46.42305],[-110.60971,46.41944],[-110.59665,46.42249],[-110.57471,46.41722],[-110.56527,46.41555],[-110.55804,46.41249],[-110.56138,46.41027],[-110.56638,46.41249],[-110.57888,46.4111],[-110.57943,46.40916],[-110.58749,46.4111],[-110.58193,46.40388],[-110.58527,46.40388],[-110.58999,46.40777],[-110.58888,46.40444],[-110.59221,46.4011],[-110.59804,46.40472],[-110.59777,46.39999],[-110.60332,46.40333],[-110.60471,46.39722],[-110.60721,46.39694],[-110.61112,46.39305],[-110.61054,46.38814],[-110.60638,46.3911],[-110.60138,46.3911],[-110.59888,46.3861],[-110.59638,46.38638],[-110.59665,46.38972],[-110.59415,46.39138],[-110.59554,46.39527],[-110.58471,46.39694],[-110.57527,46.39527],[-110.57638,46.39916],[-110.57193,46.39999],[-110.57027,46.39777],[-110.56221,46.39527],[-110.56054,46.39305],[-110.56138,46.39999],[-110.55665,46.39972],[-110.55554,46.40305],[-110.55082,46.40583],[-110.54665,46.40083],[-110.54471,46.39499],[-110.54249,46.39416],[-110.54304,46.40166],[-110.53749,46.38499],[-110.52999,46.37888],[-110.52499,46.37749],[-110.52249,46.37999],[-110.51554,46.37722],[-110.51332,46.38027],[-110.50777,46.37972],[-110.50582,46.3836],[-110.50249,46.38333],[-110.50054,46.3861],[-110.49471,46.38472],[-110.49304,46.38194],[-110.49277,46.37972],[-110.48888,46.37749],[-110.49082,46.37388],[-110.47915,46.3786],[-110.47638,46.38194],[-110.46915,46.38083],[-110.46832,46.37416],[-110.47332,46.37249],[-110.47304,46.36833],[-110.46888,46.3686],[-110.46804,46.37194],[-110.46527,46.36638],[-110.46388,46.36972],[-110.45582,46.36305],[-110.45638,46.35916],[-110.45943,46.35749],[-110.44943,46.35722],[-110.44638,46.35888],[-110.4411,46.35666],[-110.43832,46.35222],[-110.43193,46.35194],[-110.4261,46.35499],[-110.42665,46.35249],[-110.42082,46.35388],[-110.42082,46.35194],[-110.41638,46.35527],[-110.41277,46.35999],[-110.41777,46.3636],[-110.41443,46.36555],[-110.41332,46.37055],[-110.41471,46.37249],[-110.4111,46.37388],[-110.40888,46.37722],[-110.40943,46.37194],[-110.40554,46.36055],[-110.40304,46.35888],[-110.40082,46.34777],[-110.39804,46.34694],[-110.39777,46.34249],[-110.3936,46.34666],[-110.38388,46.34722],[-110.37804,46.34916],[-110.38277,46.35138]],[[-110.51499,46.55333],[-110.52304,46.55694],[-110.52165,46.55916],[-110.51721,46.55805],[-110.51527,46.55972],[-110.50888,46.55833],[-110.50415,46.55444],[-110.50943,46.55277],[-110.51388,46.55499],[-110.51499,46.55333]],[[-110.25777,46.57222],[-110.25693,46.56944],[-110.25915,46.56638],[-110.26832,46.56749],[-110.26304,46.56999],[-110.26165,46.57388],[-110.25777,46.57222]],[[-110.51471,46.39555],[-110.50693,46.39722],[-110.5011,46.39499],[-110.49388,46.3961],[-110.49027,46.39194],[-110.49749,46.3886],[-110.50721,46.38944],[-110.5186,46.38444],[-110.52138,46.38666],[-110.5211,46.39305],[-110.51804,46.39555],[-110.51471,46.39555]],[[-110.3511,46.43722],[-110.34332,46.43555],[-110.33832,46.43583],[-110.33027,46.42694],[-110.33138,46.4236],[-110.32665,46.41444],[-110.32749,46.4111],[-110.33582,46.40277],[-110.34249,46.40083],[-110.34693,46.39833],[-110.3611,46.39805],[-110.36165,46.39333],[-110.36888,46.39499],[-110.37277,46.39749],[-110.37193,46.39944],[-110.36332,46.39999],[-110.37138,46.40444],[-110.37332,46.40722],[-110.37054,46.40833],[-110.37499,46.41138],[-110.3711,46.4136],[-110.37665,46.41305],[-110.37777,46.41499],[-110.37193,46.41499],[-110.37304,46.41694],[-110.37915,46.41777],[-110.37749,46.42555],[-110.3711,46.43027],[-110.35721,46.4361],[-110.35304,46.43555],[-110.3511,46.43722]],[[-110.45138,46.37805],[-110.44971,46.37638],[-110.45221,46.3736],[-110.45554,46.37416],[-110.45138,46.37805]]],[[[-110.38304,46.35166],[-110.38304,46.35138],[-110.38277,46.35138],[-110.38304,46.35166]]]]},"properties":{"Cell":"F-9"}},
{"type":"Feature","geometry":{"type":"Polygon","coordinates":[[[-110.3136,45.85805],[-110.31999,45.85499],[-110.32499,45.85527],[-110.33388,45.85916],[-110.33527,45.85527],[-110.33915,45.85555],[-110.34304,45.85166],[-110.3411,45.84833],[-110.33499,45.84916],[-110.3386,45.84527],[-110.34554,45.84527],[-110.34388,45.8411],[-110.34527,45.83833],[-110.34415,45.83472],[-110.34665,45.8336],[-110.34804,45.82888],[-110.34332,45.82888],[-110.34193,45.82638],[-110.34388,45.82416],[-110.3511,45.82416],[-110.35777,45.82694],[-110.35999,45.82416],[-110.37082,45.82444],[-110.37554,45.8236],[-110.38193,45.82888],[-110.38554,45.82972],[-110.38415,45.83388],[-110.3911,45.83472],[-110.39165,45.83833],[-110.39721,45.84249],[-110.39249,45.8486],[-110.39915,45.8486],[-110.39638,45.85694],[-110.39249,45.86166],[-110.40249,45.85805],[-110.40804,45.85833],[-110.4111,45.85555],[-110.41499,45.84805],[-110.41665,45.84972],[-110.41471,45.85555],[-110.42082,45.85805],[-110.42082,45.85972],[-110.42915,45.85527],[-110.43777,45.85666],[-110.43804,45.85805],[-110.44332,45.85555],[-110.45138,45.85527],[-110.45277,45.85694],[-110.45693,45.85499],[-110.45888,45.85666],[-110.46388,45.85416],[-110.46332,45.85638],[-110.46804,45.85694],[-110.46554,45.86222],[-110.46665,45.86388],[-110.47415,45.8636],[-110.46888,45.86916],[-110.47804,45.86888],[-110.4836,45.86972],[-110.48443,45.87333],[-110.48138,45.87583],[-110.47638,45.87722],[-110.47943,45.8786],[-110.48527,45.87833],[-110.48415,45.88583],[-110.47915,45.8886],[-110.47832,45.89444],[-110.4761,45.8986],[-110.47138,45.89805],[-110.47388,45.90027],[-110.48332,45.89999],[-110.47777,45.90583],[-110.46888,45.90722],[-110.47582,45.90722],[-110.47943,45.90944],[-110.47638,45.91333],[-110.47277,45.91527],[-110.48054,45.91647],[-110.55478,45.91233],[-110.51972,45.60888],[-110.51693,45.60888],[-110.51388,45.61416],[-110.50582,45.61499],[-110.50499,45.6186],[-110.51527,45.62138],[-110.51388,45.6236],[-110.50443,45.62388],[-110.4961,45.62277],[-110.49249,45.62472],[-110.49582,45.62777],[-110.48832,45.62916],[-110.47804,45.62722],[-110.47471,45.62777],[-110.4861,45.63333],[-110.48915,45.63694],[-110.48777,45.63999],[-110.49277,45.6386],[-110.49971,45.63888],[-110.49665,45.64333],[-110.48582,45.6436],[-110.47915,45.64027],[-110.47582,45.63666],[-110.46304,45.63694],[-110.45443,45.63472],[-110.43638,45.63499],[-110.42943,45.63833],[-110.42777,45.6361],[-110.42499,45.63472],[-110.41971,45.63916],[-110.41804,45.6361],[-110.41388,45.63472],[-110.41804,45.63194],[-110.41832,45.62972],[-110.41082,45.63194],[-110.40554,45.62722],[-110.40054,45.63249],[-110.40471,45.63527],[-110.40499,45.63888],[-110.39915,45.6411],[-110.39915,45.63749],[-110.38999,45.64055],[-110.38721,45.63888],[-110.38943,45.63499],[-110.38138,45.62749],[-110.38221,45.61972],[-110.38665,45.61916],[-110.3861,45.61472],[-110.39277,45.61138],[-110.39443,45.60777],[-110.38638,45.61055],[-110.37915,45.6061],[-110.38332,45.61027],[-110.37249,45.61805],[-110.35415,45.61055],[-110.3386,45.60138],[-110.33777,45.60277],[-110.34832,45.61083],[-110.35499,45.61305],[-110.36138,45.61805],[-110.36999,45.62027],[-110.37165,45.6261],[-110.36888,45.62999],[-110.37193,45.63555],[-110.37165,45.63944],[-110.36665,45.64222],[-110.36665,45.64583],[-110.36054,45.65166],[-110.35971,45.64777],[-110.35499,45.65027],[-110.34443,45.65222],[-110.33832,45.6511],[-110.32832,45.65138],[-110.32665,45.65222],[-110.33138,45.65638],[-110.33193,45.66055],[-110.32332,45.66166],[-110.31804,45.65944],[-110.31388,45.66444],[-110.31388,45.66694],[-110.30749,45.66638],[-110.30277,45.66777],[-110.30165,45.66083],[-110.29915,45.65722],[-110.30138,45.65277],[-110.30027,45.65027],[-110.29527,45.65083],[-110.29388,45.65416],[-110.29221,45.65222],[-110.28054,45.65416],[-110.2861,45.65777],[-110.28749,45.66055],[-110.2761,45.66666],[-110.26693,45.66916],[-110.26971,45.65999],[-110.26277,45.66194],[-110.26277,45.65749],[-110.25693,45.65666],[-110.25804,45.66083],[-110.25582,45.66472],[-110.25138,45.66888],[-110.24832,45.66888],[-110.24304,45.6586],[-110.23638,45.66083],[-110.24027,45.66305],[-110.23415,45.66555],[-110.23388,45.66916],[-110.23165,45.66916],[-110.2286,45.66638],[-110.2311,45.66416],[-110.22304,45.66527],[-110.21971,45.6611],[-110.21971,45.66777],[-110.21582,45.66888],[-110.21332,45.66666],[-110.21415,45.66388],[-110.20888,45.66583],[-110.20971,45.66194],[-110.20193,45.66249],[-110.20249,45.66749],[-110.19582,45.66638],[-110.1936,45.66472],[-110.19138,45.66749],[-110.17888,45.66944],[-110.17554,45.67138],[-110.17693,45.67305],[-110.17082,45.67444],[-110.1711,45.67194],[-110.16638,45.67333],[-110.16471,45.67138],[-110.15777,45.67166],[-110.15499,45.67555],[-110.15832,45.6761],[-110.15665,45.67916],[-110.15777,45.68194],[-110.15304,45.68444],[-110.15693,45.68444],[-110.15638,45.68749],[-110.14665,45.68805],[-110.14665,45.68916],[-110.13527,45.68777],[-110.13388,45.68527],[-110.11888,45.68694],[-110.11888,45.68833],[-110.11193,45.68999],[-110.10999,45.68833],[-110.11165,45.68388],[-110.11749,45.6811],[-110.11277,45.67833],[-110.1161,45.67638],[-110.11332,45.67499],[-110.11721,45.67222],[-110.12138,45.67638],[-110.12943,45.67694],[-110.1386,45.66722],[-110.14138,45.67027],[-110.14388,45.66472],[-110.15193,45.66416],[-110.16054,45.6661],[-110.16082,45.66444],[-110.16749,45.66444],[-110.16888,45.66249],[-110.17332,45.66277],[-110.18165,45.65444],[-110.18277,45.65083],[-110.18638,45.65194],[-110.19138,45.65027],[-110.18915,45.64805],[-110.19415,45.6461],[-110.20332,45.64444],[-110.21054,45.64638],[-110.21249,45.64388],[-110.20915,45.64222],[-110.21332,45.63583],[-110.21888,45.63416],[-110.21999,45.63194],[-110.22749,45.63194],[-110.22415,45.6286],[-110.23193,45.62166],[-110.23582,45.62138],[-110.23943,45.61805],[-110.24999,45.61333],[-110.25193,45.60805],[-110.25554,45.60432],[-110.23443,45.60547],[-110.22332,45.61277],[-110.22082,45.61249],[-110.2211,45.60618],[-110.21138,45.60671],[-110.21249,45.61833],[-110.20693,45.62277],[-110.20221,45.6311],[-110.19471,45.63722],[-110.19221,45.63777],[-110.19582,45.63083],[-110.18971,45.63499],[-110.18749,45.63472],[-110.18554,45.63999],[-110.18082,45.6411],[-110.17471,45.63638],[-110.17471,45.64027],[-110.17221,45.64333],[-110.16888,45.64166],[-110.16582,45.64333],[-110.16221,45.64166],[-110.15971,45.64527],[-110.15527,45.64416],[-110.15277,45.63944],[-110.14749,45.63972],[-110.14499,45.64249],[-110.1461,45.64527],[-110.1386,45.64472],[-110.13582,45.64277],[-110.12888,45.64333],[-110.13277,45.63888],[-110.1311,45.63694],[-110.14304,45.62972],[-110.14443,45.62555],[-110.14943,45.62277],[-110.15082,45.61972],[-110.15499,45.61999],[-110.16027,45.61722],[-110.16554,45.61694],[-110.16527,45.61472],[-110.17138,45.61194],[-110.17582,45.60862],[-110.10999,45.61213],[-110.10721,45.6136],[-110.1061,45.61777],[-110.1086,45.62333],[-110.09721,45.62333],[-110.09721,45.6261],[-110.09304,45.6286],[-110.08943,45.62777],[-110.08999,45.61999],[-110.08721,45.6211],[-110.08554,45.61694],[-110.08193,45.61999],[-110.08332,45.62444],[-110.07721,45.62166],[-110.07499,45.61833],[-110.07054,45.61555],[-110.06499,45.61472],[-110.07027,45.61944],[-110.0661,45.62472],[-110.0611,45.62499],[-110.06277,45.62749],[-110.06804,45.62805],[-110.06415,45.63083],[-110.0711,45.63166],[-110.0761,45.63527],[-110.08138,45.64222],[-110.07943,45.64444],[-110.08388,45.64555],[-110.08832,45.64222],[-110.09277,45.64472],[-110.08332,45.64805],[-110.07415,45.64777],[-110.07388,45.64527],[-110.06804,45.64416],[-110.07193,45.63777],[-110.06193,45.63583],[-110.05978,45.6386],[-110.09187,45.9375],[-110.12554,45.93572],[-110.11999,45.9336],[-110.11888,45.92999],[-110.11027,45.92499],[-110.11443,45.9236],[-110.11249,45.92055],[-110.12777,45.92194],[-110.12943,45.92388],[-110.13277,45.92138],[-110.12777,45.91805],[-110.12527,45.91472],[-110.13027,45.91277],[-110.12915,45.90916],[-110.13332,45.91027],[-110.14221,45.91833],[-110.15249,45.91805],[-110.15665,45.91972],[-110.16082,45.92638],[-110.16721,45.93249],[-110.16749,45.92194],[-110.16332,45.91999],[-110.16082,45.91638],[-110.16527,45.91555],[-110.1636,45.91249],[-110.16499,45.90916],[-110.16777,45.90888],[-110.17471,45.91222],[-110.17665,45.91472],[-110.17554,45.9086],[-110.1711,45.90499],[-110.17249,45.90305],[-110.17915,45.90388],[-110.17165,45.89972],[-110.17165,45.89777],[-110.17638,45.89749],[-110.18332,45.89944],[-110.18415,45.89694],[-110.17971,45.8961],[-110.17777,45.89249],[-110.17249,45.89305],[-110.15999,45.88833],[-110.16221,45.88583],[-110.16665,45.88749],[-110.1636,45.88277],[-110.17221,45.88444],[-110.17304,45.88166],[-110.18499,45.88722],[-110.18749,45.89055],[-110.19388,45.89138],[-110.20138,45.88999],[-110.19943,45.88805],[-110.20165,45.88388],[-110.20471,45.88638],[-110.20388,45.88916],[-110.2111,45.8886],[-110.21249,45.88722],[-110.21832,45.89027],[-110.21388,45.88638],[-110.21193,45.87888],[-110.21638,45.87583],[-110.22193,45.87916],[-110.22443,45.87583],[-110.22943,45.8786],[-110.2311,45.87666],[-110.2386,45.87749],[-110.24415,45.87305],[-110.24665,45.87666],[-110.25054,45.87249],[-110.25249,45.86833],[-110.25249,45.8686],[-110.25638,45.86944],[-110.26165,45.86499],[-110.2661,45.86722],[-110.26832,45.86555],[-110.26943,45.8711],[-110.27138,45.87166],[-110.27138,45.86499],[-110.27749,45.86388],[-110.28054,45.86583],[-110.27943,45.86333],[-110.28332,45.8586],[-110.28554,45.86138],[-110.29138,45.85583],[-110.29527,45.85638],[-110.29277,45.85972],[-110.2936,45.86333],[-110.30138,45.86472],[-110.30527,45.87083],[-110.30915,45.86944],[-110.31304,45.87027],[-110.31082,45.86749],[-110.30638,45.86583],[-110.30971,45.86166],[-110.3136,45.85805]],[[-110.32027,45.78666],[-110.32388,45.78166],[-110.3186,45.78249],[-110.3211,45.7786],[-110.32749,45.77194],[-110.33221,45.77027],[-110.34165,45.76138],[-110.34804,45.75999],[-110.35554,45.76055],[-110.36443,45.75833],[-110.37999,45.75749],[-110.39471,45.76249],[-110.39832,45.76777],[-110.39471,45.77999],[-110.39499,45.78222],[-110.39138,45.7861],[-110.3936,45.78749],[-110.3886,45.79527],[-110.38388,45.79333],[-110.38388,45.79527],[-110.3761,45.79472],[-110.3736,45.79166],[-110.36527,45.79138],[-110.36277,45.78944],[-110.3611,45.79166],[-110.35582,45.79166],[-110.35638,45.78944],[-110.34999,45.79083],[-110.3436,45.79388],[-110.33277,45.79055],[-110.32999,45.79138],[-110.32027,45.78666]],[[-110.07749,45.71138],[-110.07165,45.71416],[-110.06943,45.71249],[-110.07554,45.70944],[-110.07749,45.71138]],[[-110.13832,45.88916],[-110.14277,45.8911],[-110.14054,45.89694],[-110.13693,45.89555],[-110.13582,45.8911],[-110.13832,45.88916]],[[-110.41749,45.84388],[-110.41665,45.8386],[-110.41888,45.83749],[-110.42082,45.84277],[-110.41749,45.84388]],[[-110.31582,45.78555],[-110.31193,45.78499],[-110.31277,45.78305],[-110.31721,45.7836],[-110.31582,45.78555]],[[-110.09388,45.70777],[-110.09249,45.70555],[-110.09638,45.70249],[-110.10054,45.6961],[-110.09527,45.69499],[-110.10165,45.69194],[-110.10471,45.69388],[-110.10804,45.69333],[-110.11027,45.70083],[-110.10915,45.70249],[-110.10332,45.70333],[-110.10138,45.70166],[-110.09999,45.70527],[-110.09388,45.70777]],[[-110.16582,45.6611],[-110.16332,45.65749],[-110.16888,45.6561],[-110.1686,45.66055],[-110.16582,45.6611]],[[-110.1461,45.90555],[-110.14054,45.9011],[-110.14304,45.90055],[-110.14665,45.9036],[-110.1461,45.90555]]]},"properties":{"Cell":"F-11"}},
{"type":"Feature","geometry":{"type":"Polygon","coordinates":[[[-109.62856,45.96082],[-110.09187,45.9375],[-110.05978,45.6386],[-110.05693,45.63888],[-110.05054,45.63499],[-110.04999,45.6411],[-110.04527,45.64027],[-110.04915,45.64916],[-110.05388,45.6536],[-110.05527,45.65944],[-110.05804,45.66305],[-110.05527,45.66499],[-110.05415,45.65999],[-110.04943,45.6586],[-110.04888,45.65666],[-110.04527,45.65833],[-110.03943,45.6561],[-110.03693,45.65305],[-110.03527,45.65527],[-110.02999,45.65472],[-110.02471,45.65166],[-110.02138,45.65388],[-110.01777,45.65888],[-110.01915,45.66083],[-110.01471,45.66138],[-110.0161,45.66444],[-110.02138,45.66694],[-110.0161,45.67194],[-110.0136,45.67083],[-110.01471,45.66638],[-110.00971,45.66472],[-110.00971,45.66666],[-110.00388,45.66638],[-110.00138,45.66944],[-110.00221,45.67444],[-109.9961,45.68027],[-109.99304,45.67999],[-109.99054,45.67555],[-109.98832,45.67499],[-109.98971,45.67138],[-109.98777,45.67027],[-109.99082,45.66777],[-109.99027,45.66166],[-109.9936,45.66333],[-109.99638,45.65749],[-110.0011,45.66305],[-110.00582,45.66166],[-110.0036,45.65972],[-110.00693,45.65722],[-110.00665,45.65277],[-110.01499,45.65638],[-110.0136,45.65222],[-110.01749,45.65194],[-110.01777,45.64944],[-110.02221,45.64833],[-110.0161,45.64055],[-110.01749,45.63722],[-110.02277,45.63944],[-110.02554,45.63694],[-110.02388,45.63472],[-110.02693,45.63249],[-110.0236,45.62944],[-110.02443,45.62527],[-110.03304,45.62499],[-110.02999,45.62388],[-110.02999,45.6211],[-110.03304,45.61617],[-110.0311,45.61627],[-110.02804,45.61944],[-110.02471,45.6166],[-110.02221,45.61673],[-110.02638,45.62166],[-110.02082,45.62305],[-110.01888,45.6261],[-110.01554,45.62666],[-110.00832,45.62333],[-110.00388,45.62333],[-110.0086,45.62527],[-110.01193,45.63194],[-110.01027,45.63472],[-110.00554,45.63499],[-110.0061,45.63916],[-110.00027,45.63833],[-110.00527,45.64194],[-110.00277,45.64472],[-109.9961,45.64444],[-109.99165,45.64249],[-109.9911,45.64499],[-109.99471,45.65055],[-109.98527,45.64805],[-109.98749,45.65194],[-109.98388,45.65083],[-109.98221,45.64722],[-109.98332,45.64472],[-109.97721,45.64444],[-109.97388,45.64944],[-109.9761,45.6536],[-109.97054,45.65166],[-109.96804,45.6461],[-109.9736,45.64527],[-109.97193,45.64222],[-109.9661,45.63972],[-109.96582,45.63694],[-109.97027,45.63416],[-109.97804,45.63555],[-109.98165,45.63333],[-109.97915,45.62999],[-109.97499,45.62972],[-109.97832,45.62305],[-109.98193,45.62277],[-109.98054,45.61889],[-109.97554,45.61914],[-109.97193,45.62444],[-109.9686,45.62416],[-109.96888,45.62666],[-109.9611,45.6311],[-109.95971,45.6336],[-109.95693,45.63166],[-109.95332,45.62583],[-109.95165,45.62037],[-109.94915,45.6205],[-109.95082,45.62972],[-109.94582,45.63194],[-109.95165,45.63249],[-109.95249,45.63527],[-109.94804,45.63555],[-109.9486,45.63833],[-109.95554,45.64305],[-109.95054,45.64916],[-109.9461,45.64805],[-109.94138,45.64333],[-109.93777,45.64416],[-109.9386,45.64749],[-109.93693,45.65555],[-109.93277,45.65722],[-109.9286,45.65472],[-109.92665,45.65666],[-109.92471,45.65444],[-109.92665,45.65249],[-109.91943,45.65194],[-109.92027,45.65499],[-109.91304,45.65638],[-109.91415,45.65333],[-109.91221,45.6511],[-109.92027,45.65055],[-109.92221,45.64833],[-109.91527,45.6461],[-109.91443,45.6436],[-109.92332,45.63888],[-109.91582,45.63944],[-109.91471,45.63777],[-109.91915,45.63249],[-109.91415,45.63444],[-109.90777,45.63305],[-109.91665,45.62583],[-109.91415,45.6236],[-109.91749,45.62212],[-109.9011,45.62295],[-109.89721,45.62315],[-109.89054,45.62349],[-109.88693,45.62367],[-109.8786,45.6241],[-109.87638,45.62972],[-109.88138,45.63194],[-109.87693,45.63444],[-109.87915,45.63749],[-109.88527,45.63722],[-109.88499,45.64027],[-109.87693,45.6411],[-109.87054,45.64027],[-109.87193,45.63666],[-109.86665,45.63416],[-109.86193,45.63444],[-109.86221,45.63777],[-109.8536,45.6386],[-109.85777,45.64388],[-109.85249,45.64527],[-109.85304,45.64916],[-109.85638,45.65055],[-109.85804,45.6561],[-109.85277,45.66055],[-109.85249,45.65694],[-109.84777,45.65666],[-109.84554,45.65444],[-109.84193,45.65555],[-109.84027,45.6586],[-109.83499,45.66166],[-109.8311,45.6586],[-109.8336,45.65555],[-109.83749,45.65555],[-109.84027,45.65333],[-109.83665,45.65249],[-109.84332,45.64666],[-109.84249,45.64472],[-109.83554,45.6461],[-109.83527,45.64333],[-109.83054,45.64472],[-109.83221,45.63666],[-109.84193,45.63527],[-109.84665,45.63666],[-109.85138,45.63388],[-109.8611,45.63305],[-109.86221,45.62972],[-109.8586,45.6261],[-109.8711,45.62638],[-109.86915,45.62457],[-109.59658,45.6381],[-109.62856,45.96082]],[[-109.97054,45.65166],[-109.97027,45.65527],[-109.96832,45.65194],[-109.97054,45.65166]],[[-109.93777,45.65888],[-109.93693,45.65638],[-109.94082,45.65472],[-109.94082,45.65777],[-109.93777,45.65888]]]},"properties":{"Cell":"G-11"}},
{"type":"Feature","geometry":{"type":"Polygon","coordinates":[[[-109.16487,45.98229],[-109.62856,45.96082],[-109.59658,45.6381],[-109.13554,45.65945],[-109.16487,45.98229]]]},"properties":{"Cell":"H-11"}},
{"type":"Feature","geometry":{"type":"Polygon","coordinates":[[[-108.70085,46.0019],[-109.16487,45.98229],[-109.13554,45.65945],[-108.67416,45.67894],[-108.70085,46.0019]]]},"properties":{"Cell":"I-11"}},
{"type":"Feature","geometry":{"type":"Polygon","coordinates":[[[-108.67416,45.67894],[-109.13554,45.65945],[-109.10653,45.33659],[-108.64778,45.35597],[-108.67416,45.67894]]]},"properties":{"Cell":"I-12"}},
{"type":"Feature","geometry":{"type":"MultiPolygon","coordinates":[[[[-110.03304,45.61617],[-110.03554,45.61194],[-110.0311,45.61627],[-110.03304,45.61617]]],[[[-109.98082,45.61887],[-109.98249,45.61805],[-109.98165,45.61138],[-109.98527,45.60555],[-109.98221,45.60638],[-109.97915,45.6111],[-109.97888,45.61499],[-109.97554,45.61914],[-109.98054,45.61889],[-109.98062,45.61888],[-109.98082,45.61887]]],[[[-109.95165,45.62037],[-109.94999,45.61694],[-109.94915,45.6205],[-109.95165,45.62037]]],[[[-109.63499,45.36472],[-109.64054,45.36166],[-109.63777,45.36027],[-109.63165,45.36138],[-109.63193,45.35499],[-109.62527,45.35527],[-109.6261,45.35333],[-109.62165,45.35055],[-109.62249,45.3461],[-109.61165,45.35388],[-109.60943,45.35194],[-109.60193,45.34916],[-109.60388,45.34027],[-109.60138,45.3386],[-109.59888,45.34972],[-109.59193,45.3536],[-109.59221,45.35638],[-109.58665,45.35999],[-109.58277,45.35999],[-109.58054,45.35722],[-109.58471,45.35444],[-109.58304,45.35083],[-109.58777,45.34972],[-109.58638,45.34722],[-109.58804,45.34277],[-109.58415,45.34444],[-109.58443,45.3386],[-109.58082,45.33499],[-109.57943,45.32999],[-109.58249,45.3261],[-109.58165,45.32305],[-109.57527,45.32249],[-109.56612,45.32722],[-109.59658,45.6381],[-109.86915,45.62457],[-109.87582,45.61944],[-109.86527,45.61999],[-109.87193,45.6161],[-109.86749,45.61583],[-109.8661,45.61277],[-109.86277,45.61694],[-109.85777,45.61666],[-109.85721,45.62055],[-109.84915,45.61749],[-109.84804,45.61277],[-109.85304,45.60888],[-109.84832,45.60805],[-109.85332,45.60222],[-109.84804,45.60166],[-109.8436,45.60416],[-109.84304,45.60666],[-109.83638,45.6086],[-109.84221,45.60416],[-109.8411,45.60055],[-109.84943,45.59888],[-109.85554,45.59388],[-109.8486,45.5936],[-109.84777,45.59472],[-109.83332,45.59638],[-109.83582,45.60027],[-109.82943,45.60083],[-109.82915,45.60333],[-109.82221,45.60749],[-109.82027,45.61055],[-109.81304,45.61166],[-109.81665,45.6086],[-109.81332,45.60694],[-109.8186,45.60388],[-109.81249,45.60388],[-109.81277,45.60166],[-109.82027,45.5986],[-109.81915,45.5961],[-109.82388,45.59194],[-109.83665,45.59194],[-109.82554,45.5886],[-109.82443,45.58666],[-109.82915,45.58249],[-109.83332,45.58166],[-109.82915,45.57999],[-109.82582,45.58305],[-109.8211,45.58472],[-109.81499,45.58249],[-109.81499,45.57888],[-109.81277,45.57666],[-109.80971,45.58083],[-109.8011,45.58805],[-109.8036,45.57583],[-109.80832,45.5711],[-109.80527,45.57166],[-109.7986,45.57805],[-109.79582,45.57722],[-109.79721,45.58083],[-109.7961,45.58638],[-109.78943,45.58944],[-109.78527,45.58972],[-109.79027,45.58333],[-109.78971,45.58027],[-109.78193,45.57916],[-109.78082,45.57666],[-109.77749,45.57777],[-109.78249,45.58333],[-109.7736,45.5886],[-109.76971,45.5886],[-109.77193,45.58472],[-109.76915,45.58194],[-109.7661,45.58194],[-109.75777,45.57777],[-109.75415,45.57916],[-109.73499,45.57305],[-109.73249,45.56999],[-109.73693,45.57055],[-109.74082,45.57305],[-109.74471,45.57249],[-109.74527,45.56972],[-109.75304,45.57083],[-109.75665,45.56749],[-109.7461,45.56527],[-109.74804,45.56249],[-109.74499,45.5611],[-109.75165,45.56083],[-109.7561,45.56194],[-109.75388,45.55638],[-109.75749,45.55333],[-109.75054,45.55222],[-109.75193,45.54944],[-109.74804,45.54805],[-109.74777,45.53999],[-109.7511,45.53999],[-109.74999,45.54333],[-109.76027,45.54749],[-109.7661,45.54888],[-109.76749,45.55222],[-109.76582,45.55499],[-109.76832,45.55972],[-109.77138,45.56027],[-109.7736,45.56333],[-109.77415,45.55888],[-109.77082,45.55694],[-109.77221,45.5536],[-109.77582,45.55527],[-109.79804,45.55805],[-109.80138,45.55777],[-109.80332,45.55444],[-109.80777,45.55583],[-109.8086,45.5536],[-109.8161,45.54888],[-109.79693,45.55333],[-109.79749,45.5511],[-109.79082,45.55222],[-109.78388,45.55083],[-109.7861,45.5486],[-109.78388,45.54666],[-109.77832,45.54833],[-109.7736,45.54805],[-109.78027,45.54388],[-109.7811,45.53777],[-109.77582,45.53666],[-109.77471,45.53305],[-109.77721,45.5311],[-109.77054,45.52972],[-109.77054,45.52722],[-109.77665,45.52888],[-109.7786,45.52722],[-109.7911,45.52916],[-109.79249,45.52777],[-109.78721,45.52666],[-109.78638,45.52305],[-109.7761,45.52333],[-109.76971,45.52249],[-109.77193,45.51888],[-109.76554,45.51999],[-109.76638,45.51694],[-109.76138,45.51833],[-109.75777,45.51555],[-109.75721,45.51222],[-109.75443,45.51055],[-109.75971,45.50944],[-109.76193,45.51249],[-109.7661,45.5111],[-109.77554,45.51388],[-109.77415,45.5111],[-109.77721,45.50833],[-109.77943,45.51138],[-109.78471,45.51138],[-109.7861,45.51583],[-109.79082,45.50944],[-109.7936,45.51249],[-109.79443,45.50944],[-109.79832,45.51083],[-109.80415,45.50999],[-109.80582,45.51249],[-109.8111,45.51305],[-109.81471,45.51138],[-109.80721,45.51194],[-109.80193,45.50666],[-109.7911,45.50555],[-109.79638,45.49833],[-109.79443,45.49638],[-109.79221,45.49999],[-109.78471,45.50638],[-109.78165,45.50444],[-109.78221,45.49999],[-109.78582,45.49444],[-109.77527,45.49888],[-109.77165,45.49916],[-109.77193,45.49027],[-109.7686,45.48888],[-109.76638,45.49055],[-109.76193,45.49027],[-109.75777,45.49222],[-109.75277,45.49138],[-109.75527,45.48833],[-109.75832,45.48916],[-109.76193,45.48416],[-109.76304,45.48805],[-109.77165,45.48138],[-109.76082,45.48055],[-109.76221,45.4786],[-109.75499,45.4761],[-109.75777,45.47472],[-109.76054,45.47666],[-109.76554,45.4761],[-109.77082,45.47777],[-109.76999,45.47499],[-109.77443,45.47222],[-109.77638,45.47472],[-109.77999,45.47388],[-109.78027,45.47638],[-109.78527,45.47722],[-109.78443,45.47277],[-109.79054,45.4686],[-109.7986,45.4686],[-109.80193,45.47166],[-109.79888,45.47666],[-109.80304,45.47333],[-109.80638,45.47805],[-109.80777,45.4736],[-109.80554,45.46749],[-109.80888,45.4661],[-109.81332,45.46944],[-109.81554,45.47333],[-109.82221,45.46972],[-109.81832,45.46833],[-109.81888,45.46444],[-109.81638,45.4636],[-109.81638,45.4561],[-109.81332,45.4511],[-109.82082,45.45027],[-109.82193,45.45222],[-109.83027,45.45333],[-109.83249,45.4561],[-109.83665,45.45583],[-109.83721,45.45805],[-109.8436,45.45694],[-109.84527,45.45944],[-109.84915,45.45999],[-109.85193,45.46333],[-109.85888,45.46194],[-109.85804,45.4686],[-109.86082,45.47222],[-109.86165,45.46749],[-109.86415,45.46388],[-109.86915,45.46444],[-109.87304,45.46166],[-109.88277,45.4611],[-109.88943,45.46222],[-109.90027,45.46888],[-109.90138,45.47527],[-109.9036,45.4736],[-109.90415,45.46777],[-109.90249,45.46527],[-109.90499,45.46333],[-109.90082,45.46277],[-109.90332,45.46083],[-109.90999,45.46027],[-109.91277,45.45749],[-109.90999,45.45499],[-109.90221,45.45388],[-109.89749,45.45083],[-109.89054,45.4536],[-109.8861,45.45388],[-109.88443,45.44888],[-109.89082,45.44499],[-109.8861,45.4436],[-109.87888,45.44388],[-109.86971,45.44805],[-109.86165,45.45055],[-109.85638,45.44916],[-109.85277,45.44305],[-109.85693,45.43944],[-109.85221,45.43999],[-109.84582,45.4461],[-109.83415,45.44472],[-109.8311,45.44222],[-109.83443,45.4386],[-109.84304,45.43916],[-109.84665,45.43722],[-109.8486,45.43194],[-109.85221,45.4286],[-109.85527,45.4286],[-109.8711,45.4186],[-109.87415,45.41416],[-109.87332,45.41194],[-109.8761,45.4061],[-109.87332,45.40444],[-109.88443,45.38916],[-109.88471,45.38416],[-109.88693,45.38166],[-109.87971,45.3811],[-109.88165,45.37888],[-109.89499,45.37194],[-109.90193,45.3661],[-109.90777,45.35138],[-109.90277,45.34722],[-109.90638,45.34444],[-109.91277,45.34388],[-109.91582,45.33888],[-109.90638,45.34083],[-109.90277,45.3436],[-109.90027,45.34833],[-109.89582,45.34888],[-109.88777,45.35472],[-109.88638,45.36138],[-109.8811,45.36472],[-109.87193,45.37333],[-109.86443,45.38166],[-109.86443,45.38499],[-109.86193,45.38888],[-109.85915,45.38972],[-109.85499,45.39388],[-109.85193,45.39999],[-109.84527,45.40083],[-109.83804,45.40944],[-109.8336,45.41027],[-109.82999,45.41388],[-109.82443,45.41638],[-109.82221,45.41416],[-109.81277,45.41138],[-109.80971,45.41666],[-109.80665,45.41583],[-109.80388,45.41777],[-109.80415,45.42055],[-109.79999,45.42277],[-109.7911,45.42277],[-109.79193,45.41444],[-109.7861,45.41805],[-109.78277,45.41555],[-109.77943,45.42055],[-109.77388,45.42055],[-109.7736,45.4236],[-109.7711,45.42222],[-109.76943,45.41777],[-109.76221,45.41749],[-109.76304,45.41472],[-109.76027,45.40638],[-109.75832,45.41138],[-109.75388,45.41416],[-109.75388,45.41694],[-109.75027,45.41527],[-109.75165,45.40999],[-109.75554,45.40472],[-109.75277,45.40333],[-109.74277,45.41222],[-109.73971,45.40527],[-109.73638,45.41055],[-109.72749,45.41138],[-109.71249,45.40388],[-109.70165,45.40249],[-109.70193,45.40055],[-109.70804,45.40055],[-109.71304,45.39749],[-109.71082,45.39666],[-109.69249,45.39527],[-109.68165,45.39166],[-109.68249,45.38888],[-109.68832,45.38805],[-109.68971,45.39055],[-109.69777,45.38694],[-109.69415,45.38499],[-109.68527,45.38416],[-109.6886,45.37944],[-109.68527,45.37805],[-109.67971,45.38277],[-109.67304,45.38055],[-109.66971,45.37777],[-109.6611,45.37555],[-109.66443,45.37305],[-109.67388,45.37416],[-109.68415,45.37444],[-109.68054,45.36916],[-109.67082,45.36666],[-109.67082,45.36055],[-109.66388,45.35833],[-109.65249,45.35805],[-109.64582,45.36277],[-109.64777,45.36749],[-109.65138,45.37194],[-109.64471,45.37055],[-109.63499,45.36472]],[[-109.61888,45.37833],[-109.6236,45.37972],[-109.62304,45.38444],[-109.63138,45.38055],[-109.64804,45.38194],[-109.65193,45.37888],[-109.65721,45.37916],[-109.65527,45.38055],[-109.66138,45.38027],[-109.67193,45.38249],[-109.6761,45.38499],[-109.66665,45.38805],[-109.65582,45.38499],[-109.64888,45.38527],[-109.64915,45.39222],[-109.65527,45.39638],[-109.65804,45.40305],[-109.6561,45.40416],[-109.64999,45.40333],[-109.65054,45.40555],[-109.64221,45.40277],[-109.64527,45.39999],[-109.63888,45.39888],[-109.62999,45.39999],[-109.63054,45.39722],[-109.62665,45.39749],[-109.62471,45.39999],[-109.62277,45.39777],[-109.61943,45.39972],[-109.61665,45.39583],[-109.61138,45.39749],[-109.60554,45.39249],[-109.60638,45.39138],[-109.61665,45.39222],[-109.62138,45.38972],[-109.61638,45.38916],[-109.61943,45.38638],[-109.61332,45.38638],[-109.6136,45.38444],[-109.60443,45.38388],[-109.60582,45.38027],[-109.61888,45.37833]],[[-109.58138,45.39527],[-109.59527,45.3961],[-109.59721,45.39527],[-109.60693,45.39555],[-109.60193,45.39749],[-109.5986,45.40249],[-109.59999,45.40638],[-109.59304,45.40583],[-109.59165,45.40166],[-109.58971,45.40194],[-109.58832,45.40722],[-109.58415,45.40277],[-109.58582,45.40055],[-109.58027,45.4011],[-109.57804,45.39916],[-109.58138,45.39527]],[[-109.68888,45.43166],[-109.68554,45.42916],[-109.67999,45.42888],[-109.68027,45.4261],[-109.67415,45.42694],[-109.67249,45.42583],[-109.67582,45.42249],[-109.66665,45.42249],[-109.67082,45.41888],[-109.67082,45.41638],[-109.67471,45.41388],[-109.68943,45.41749],[-109.69027,45.41499],[-109.6861,45.4136],[-109.69415,45.4086],[-109.70277,45.4086],[-109.70777,45.41194],[-109.71332,45.41249],[-109.71332,45.41027],[-109.71749,45.41055],[-109.72193,45.41583],[-109.72721,45.41694],[-109.73193,45.42027],[-109.73665,45.42777],[-109.73527,45.42999],[-109.74027,45.4311],[-109.74082,45.43416],[-109.73415,45.43333],[-109.73582,45.43666],[-109.73527,45.44305],[-109.72888,45.44416],[-109.72971,45.44722],[-109.72415,45.45027],[-109.71915,45.44944],[-109.71943,45.45138],[-109.72971,45.45722],[-109.73499,45.46694],[-109.72415,45.4661],[-109.71915,45.45944],[-109.70971,45.45888],[-109.70971,45.46166],[-109.7136,45.46444],[-109.70999,45.46722],[-109.70554,45.46666],[-109.70249,45.4711],[-109.69638,45.47138],[-109.70027,45.46944],[-109.70054,45.46583],[-109.69554,45.46749],[-109.6961,45.46499],[-109.69249,45.46388],[-109.6886,45.46749],[-109.68443,45.46805],[-109.68943,45.45972],[-109.69971,45.45666],[-109.70638,45.44999],[-109.71221,45.44888],[-109.70777,45.44444],[-109.70832,45.44166],[-109.70221,45.44499],[-109.70332,45.4486],[-109.69193,45.4511],[-109.69277,45.44722],[-109.68554,45.44722],[-109.68777,45.44305],[-109.68221,45.44249],[-109.68138,45.44027],[-109.67804,45.44083],[-109.67777,45.44805],[-109.66693,45.44805],[-109.66721,45.45583],[-109.66388,45.45638],[-109.66527,45.45944],[-109.66138,45.46388],[-109.66221,45.4661],[-109.65749,45.46583],[-109.65943,45.46944],[-109.65249,45.47083],[-109.65277,45.46499],[-109.64943,45.46305],[-109.65138,45.4611],[-109.64499,45.46249],[-109.64221,45.45805],[-109.64554,45.44972],[-109.63915,45.45444],[-109.63332,45.45527],[-109.63165,45.45277],[-109.62693,45.45527],[-109.62221,45.45166],[-109.62665,45.45166],[-109.63304,45.44777],[-109.6261,45.44833],[-109.62804,45.4461],[-109.63832,45.44444],[-109.63527,45.44333],[-109.6361,45.43805],[-109.62693,45.44166],[-109.62749,45.43749],[-109.62332,45.4386],[-109.61943,45.43666],[-109.61943,45.43277],[-109.63277,45.43416],[-109.64138,45.43416],[-109.64277,45.43722],[-109.65054,45.4386],[-109.65693,45.44138],[-109.6636,45.43805],[-109.66443,45.43388],[-109.66832,45.4336],[-109.66777,45.43638],[-109.67415,45.43638],[-109.68082,45.43194],[-109.68888,45.43166]],[[-109.74249,45.43555],[-109.74915,45.43944],[-109.74971,45.44222],[-109.74027,45.43638],[-109.74249,45.43555]],[[-109.72415,45.49305],[-109.72415,45.49555],[-109.73332,45.50027],[-109.73415,45.50194],[-109.73888,45.50138],[-109.73971,45.50694],[-109.73693,45.50694],[-109.73527,45.50305],[-109.72888,45.50055],[-109.72138,45.50166],[-109.72054,45.49916],[-109.71693,45.49916],[-109.71249,45.50166],[-109.71304,45.49916],[-109.70749,45.49833],[-109.71332,45.49722],[-109.71443,45.4986],[-109.72249,45.49666],[-109.72415,45.49305]],[[-109.77027,45.49972],[-109.77249,45.50222],[-109.76693,45.50277],[-109.77027,45.49972]],[[-109.81582,45.58805],[-109.82165,45.58916],[-109.81499,45.59333],[-109.8111,45.59249],[-109.81582,45.58805]]],[[[-109.91999,45.61444],[-109.91582,45.61138],[-109.92165,45.60499],[-109.92832,45.6011],[-109.92165,45.60305],[-109.90888,45.61166],[-109.90749,45.60749],[-109.90388,45.60472],[-109.9011,45.59999],[-109.90165,45.59277],[-109.9061,45.59194],[-109.91193,45.58888],[-109.90388,45.58972],[-109.90665,45.58194],[-109.90499,45.57305],[-109.90388,45.57555],[-109.90304,45.58472],[-109.8986,45.58916],[-109.8961,45.59388],[-109.89721,45.59555],[-109.89277,45.59916],[-109.89277,45.60138],[-109.89693,45.60222],[-109.89777,45.60749],[-109.8936,45.60916],[-109.8986,45.60999],[-109.89582,45.61388],[-109.90082,45.61444],[-109.89971,45.61694],[-109.9036,45.61999],[-109.89971,45.62138],[-109.9011,45.62295],[-109.91749,45.62212],[-109.91554,45.61888],[-109.91054,45.6161],[-109.9136,45.61333],[-109.91999,45.61444]]],[[[-109.88693,45.62367],[-109.88332,45.62194],[-109.8786,45.6241],[-109.88693,45.62367]]],[[[-109.89721,45.62315],[-109.8961,45.62138],[-109.8911,45.62083],[-109.89054,45.62349],[-109.89721,45.62315]]]]},"properties":{"Cell":"G-12"}},
{"type":"Feature","geometry":{"type":"MultiPolygon","coordinates":[[[[-109.5636,45.31543],[-109.56509,45.31666],[-109.56496,45.31536],[-109.5636,45.31543]]],[[[-109.13554,45.65945],[-109.59658,45.6381],[-109.56612,45.32722],[-109.5611,45.33055],[-109.55193,45.33083],[-109.54943,45.33388],[-109.54499,45.33388],[-109.54527,45.33166],[-109.54221,45.32555],[-109.54527,45.32555],[-109.55138,45.32277],[-109.55638,45.32194],[-109.5611,45.31805],[-109.56054,45.31557],[-109.53804,45.31665],[-109.53788,45.31666],[-109.53777,45.31667],[-109.53277,45.31944],[-109.53388,45.31685],[-109.10653,45.33659],[-109.13554,45.65945]],[[-109.54693,45.35722],[-109.5461,45.35305],[-109.54888,45.35249],[-109.54888,45.35694],[-109.54693,45.35722]]]]},"properties":{"Cell":"H-12"}},
{"type":"Feature","geometry":{"type":"Polygon","coordinates":[[[-108.64778,45.35597],[-109.10653,45.33659],[-109.07786,45.01369],[-108.62169,45.03297],[-108.63092,45.14749],[-108.63638,45.15083],[-108.63443,45.15194],[-108.64082,45.15305],[-108.63161,45.1561],[-108.63184,45.15888],[-108.6336,45.16083],[-108.63638,45.15916],[-108.64388,45.15944],[-108.64249,45.16583],[-108.6386,45.16749],[-108.6461,45.16666],[-108.65193,45.1736],[-108.64693,45.17333],[-108.6436,45.17583],[-108.65388,45.17722],[-108.65999,45.18249],[-108.65832,45.1861],[-108.66554,45.19027],[-108.6636,45.19444],[-108.66832,45.19777],[-108.65915,45.19722],[-108.65554,45.19472],[-108.65027,45.19333],[-108.64888,45.19527],[-108.63509,45.19916],[-108.64138,45.27696],[-108.64471,45.27694],[-108.64693,45.27444],[-108.6486,45.26805],[-108.64638,45.2636],[-108.65165,45.26305],[-108.65221,45.26833],[-108.64804,45.27777],[-108.6561,45.27305],[-108.65943,45.27666],[-108.65693,45.2836],[-108.65888,45.28416],[-108.66138,45.28083],[-108.66388,45.2811],[-108.66499,45.27499],[-108.66249,45.27277],[-108.66582,45.26888],[-108.67165,45.26638],[-108.67165,45.2711],[-108.67693,45.27055],[-108.67554,45.27499],[-108.67915,45.2761],[-108.68527,45.27499],[-108.68554,45.27694],[-108.67915,45.28166],[-108.67915,45.28333],[-108.68693,45.27972],[-108.69221,45.27944],[-108.69388,45.28416],[-108.6961,45.28166],[-108.69777,45.28333],[-108.6986,45.28972],[-108.69554,45.29194],[-108.69943,45.29249],[-108.69888,45.29722],[-108.69582,45.29777],[-108.69304,45.30722],[-108.69388,45.30888],[-108.69943,45.30722],[-108.69832,45.31305],[-108.69082,45.31277],[-108.68749,45.3161],[-108.69415,45.31722],[-108.69304,45.3211],[-108.6961,45.32527],[-108.69527,45.32944],[-108.68915,45.32472],[-108.68054,45.32194],[-108.68665,45.3261],[-108.69027,45.33305],[-108.69221,45.33972],[-108.68999,45.33972],[-108.68749,45.3461],[-108.68415,45.34888],[-108.68221,45.34333],[-108.67582,45.3461],[-108.6761,45.34888],[-108.67193,45.3486],[-108.66971,45.34583],[-108.6661,45.3486],[-108.65999,45.34805],[-108.65804,45.34333],[-108.65582,45.34722],[-108.65193,45.34833],[-108.65277,45.34527],[-108.64693,45.34555],[-108.64778,45.35597]]]},"properties":{"Cell":"I-13"}},
{"type":"Feature","geometry":{"type":"MultiPolygon","coordinates":[[[[-109.07786,45.01369],[-109.10653,45.33659],[-109.53388,45.31685],[-109.5361,45.31305],[-109.52777,45.31416],[-109.53277,45.30833],[-109.5336,45.30416],[-109.5561,45.28888],[-109.56174,45.28222],[-109.56001,45.26444],[-109.55027,45.27305],[-109.5436,45.2836],[-109.53638,45.29027],[-109.53471,45.29305],[-109.52499,45.30333],[-109.51999,45.30777],[-109.51638,45.30555],[-109.5111,45.31416],[-109.50804,45.31666],[-109.50138,45.31416],[-109.50665,45.30833],[-109.5011,45.30666],[-109.49471,45.30749],[-109.49693,45.30499],[-109.50249,45.30583],[-109.50499,45.30222],[-109.50971,45.29916],[-109.51221,45.2911],[-109.50721,45.28694],[-109.50082,45.29055],[-109.49971,45.29388],[-109.49304,45.29222],[-109.49304,45.29055],[-109.50165,45.28249],[-109.5036,45.2761],[-109.50749,45.27388],[-109.50054,45.27333],[-109.48915,45.27944],[-109.48915,45.27722],[-109.49332,45.27055],[-109.49665,45.26777],[-109.49027,45.26916],[-109.48193,45.27777],[-109.47388,45.27777],[-109.46999,45.2761],[-109.46554,45.27805],[-109.46304,45.28194],[-109.46082,45.2786],[-109.46638,45.27333],[-109.46249,45.27333],[-109.46249,45.26888],[-109.45943,45.26777],[-109.45499,45.26972],[-109.4561,45.26444],[-109.45221,45.2636],[-109.45249,45.25527],[-109.44915,45.25777],[-109.44693,45.25444],[-109.44721,45.26083],[-109.44415,45.26249],[-109.44249,45.26777],[-109.43638,45.27388],[-109.43249,45.27055],[-109.43193,45.26805],[-109.42471,45.26805],[-109.42638,45.26388],[-109.42054,45.26444],[-109.42249,45.26166],[-109.4161,45.26194],[-109.41721,45.25972],[-109.4086,45.25722],[-109.41027,45.26194],[-109.40915,45.26416],[-109.40582,45.26333],[-109.40415,45.26888],[-109.40027,45.26777],[-109.39165,45.27027],[-109.39415,45.26416],[-109.40082,45.25666],[-109.40165,45.25166],[-109.39638,45.25416],[-109.39221,45.25249],[-109.38999,45.25722],[-109.38638,45.25444],[-109.38832,45.24749],[-109.3836,45.24805],[-109.37804,45.25222],[-109.37471,45.24999],[-109.37443,45.24666],[-109.37193,45.24972],[-109.36693,45.24972],[-109.36277,45.24805],[-109.3636,45.24305],[-109.36138,45.24083],[-109.35832,45.24194],[-109.34499,45.2411],[-109.3411,45.24194],[-109.34027,45.23583],[-109.3311,45.24083],[-109.32832,45.2436],[-109.32777,45.2411],[-109.33082,45.23749],[-109.32471,45.23916],[-109.32193,45.23833],[-109.32693,45.2336],[-109.32277,45.23222],[-109.32249,45.2286],[-109.3261,45.22499],[-109.32499,45.22222],[-109.31777,45.22527],[-109.31804,45.22694],[-109.30943,45.23083],[-109.30638,45.23527],[-109.30304,45.23472],[-109.3061,45.23194],[-109.30193,45.23055],[-109.30582,45.22833],[-109.30388,45.2261],[-109.29665,45.22666],[-109.30471,45.22277],[-109.30054,45.22055],[-109.29443,45.22027],[-109.29027,45.22194],[-109.28832,45.21805],[-109.2811,45.21944],[-109.27999,45.21694],[-109.27638,45.21805],[-109.27443,45.21583],[-109.2736,45.21916],[-109.26971,45.22055],[-109.26138,45.22055],[-109.24749,45.21777],[-109.24443,45.21833],[-109.24749,45.20555],[-109.24721,45.19749],[-109.24082,45.19916],[-109.23832,45.19722],[-109.23749,45.20194],[-109.23221,45.21222],[-109.22888,45.22166],[-109.22415,45.22027],[-109.21749,45.21999],[-109.21443,45.2236],[-109.20554,45.2286],[-109.20443,45.22583],[-109.20777,45.21888],[-109.20527,45.21833],[-109.20693,45.20916],[-109.20221,45.21388],[-109.20138,45.22027],[-109.19777,45.22527],[-109.19777,45.22027],[-109.1911,45.22694],[-109.18915,45.2236],[-109.18277,45.22888],[-109.1836,45.22583],[-109.17971,45.2261],[-109.17721,45.2236],[-109.17693,45.21916],[-109.18388,45.21222],[-109.18888,45.20944],[-109.18582,45.20749],[-109.18749,45.20222],[-109.17777,45.20277],[-109.18027,45.19388],[-109.17499,45.19027],[-109.17221,45.19138],[-109.16693,45.18777],[-109.17749,45.18694],[-109.18193,45.1886],[-109.18138,45.18499],[-109.1861,45.18333],[-109.18082,45.17916],[-109.18915,45.17888],[-109.18943,45.17999],[-109.19804,45.18277],[-109.20471,45.1811],[-109.21193,45.17777],[-109.21915,45.17749],[-109.21915,45.1761],[-109.22665,45.17472],[-109.22999,45.17305],[-109.23721,45.16499],[-109.23082,45.16527],[-109.23054,45.15944],[-109.23332,45.15749],[-109.23749,45.15777],[-109.23888,45.15083],[-109.24499,45.14944],[-109.24415,45.14583],[-109.24749,45.14388],[-109.24443,45.14194],[-109.23249,45.1436],[-109.23138,45.14055],[-109.22332,45.13805],[-109.21443,45.14222],[-109.20388,45.1411],[-109.2061,45.1386],[-109.20388,45.13527],[-109.20721,45.13222],[-109.20082,45.12972],[-109.19888,45.12666],[-109.20027,45.12472],[-109.21415,45.12527],[-109.21777,45.12472],[-109.21165,45.12166],[-109.21388,45.11805],[-109.20721,45.11722],[-109.20721,45.11555],[-109.19999,45.11055],[-109.20443,45.11027],[-109.20527,45.10777],[-109.21027,45.10833],[-109.21221,45.10277],[-109.21054,45.09499],[-109.21249,45.09194],[-109.20943,45.0911],[-109.20943,45.08749],[-109.2061,45.08583],[-109.20804,45.08138],[-109.20665,45.0786],[-109.21054,45.07277],[-109.20388,45.06583],[-109.20943,45.06305],[-109.21138,45.05583],[-109.20638,45.05583],[-109.20499,45.05222],[-109.20749,45.05166],[-109.20638,45.04666],[-109.19943,45.04527],[-109.20193,45.04222],[-109.20554,45.04194],[-109.20388,45.03444],[-109.20693,45.03194],[-109.20527,45.02972],[-109.20471,45.02249],[-109.21027,45.01388],[-109.21138,45.00767],[-109.07786,45.01369]],[[-109.17277,45.22666],[-109.1686,45.22527],[-109.17304,45.2236],[-109.17277,45.22666]],[[-109.48221,45.29583],[-109.48415,45.29666],[-109.4836,45.30138],[-109.48054,45.30166],[-109.48221,45.29583]],[[-109.49027,45.30888],[-109.49249,45.31277],[-109.48915,45.3111],[-109.49027,45.30888]]],[[[-109.56496,45.31536],[-109.56436,45.30916],[-109.56193,45.3086],[-109.56193,45.30527],[-109.54943,45.30833],[-109.54193,45.31222],[-109.53804,45.31665],[-109.56054,45.31557],[-109.5636,45.31543],[-109.56496,45.31536]]]]},"properties":{"Cell":"H-13"}},
{"type":"Feature","geometry":{"type":"MultiPolygon","coordinates":[[[[-111.44027,45.56071],[-111.43777,45.56583],[-111.43971,45.57138],[-111.44185,45.57277],[-111.4416,45.57083],[-111.44116,45.56749],[-111.44027,45.56071]]],[[[-111.03027,45.8845],[-111.47928,45.85642],[-111.44762,45.61666],[-111.43943,45.61944],[-111.44082,45.6161],[-111.44527,45.61166],[-111.43582,45.61222],[-111.4311,45.61138],[-111.42971,45.61305],[-111.42527,45.61194],[-111.4261,45.60999],[-111.42027,45.60999],[-111.41638,45.60805],[-111.4111,45.60833],[-111.40832,45.60583],[-111.41304,45.60416],[-111.41665,45.60583],[-111.42554,45.60749],[-111.42415,45.6036],[-111.42499,45.59999],[-111.4186,45.59833],[-111.41804,45.59583],[-111.42388,45.59499],[-111.43027,45.59666],[-111.43443,45.59027],[-111.42443,45.59027],[-111.42443,45.5861],[-111.42943,45.5811],[-111.42138,45.5811],[-111.41915,45.5836],[-111.41443,45.58333],[-111.40693,45.58527],[-111.40332,45.58416],[-111.40554,45.58138],[-111.39943,45.57999],[-111.39554,45.58388],[-111.3936,45.58166],[-111.39471,45.57833],[-111.39027,45.58166],[-111.38721,45.58055],[-111.38665,45.5836],[-111.38304,45.58416],[-111.37943,45.57888],[-111.36443,45.57888],[-111.35999,45.58055],[-111.3561,45.57888],[-111.34221,45.57749],[-111.33554,45.57527],[-111.32888,45.57722],[-111.32193,45.57694],[-111.33221,45.58083],[-111.33693,45.58083],[-111.34304,45.59027],[-111.3461,45.58749],[-111.34971,45.5886],[-111.3536,45.59222],[-111.35999,45.59305],[-111.36304,45.59138],[-111.36304,45.59555],[-111.36582,45.59833],[-111.37221,45.59833],[-111.37138,45.60472],[-111.37971,45.6061],[-111.38304,45.60805],[-111.38193,45.61138],[-111.38804,45.61416],[-111.38582,45.6161],[-111.37527,45.61416],[-111.36527,45.61416],[-111.35915,45.61527],[-111.35499,45.6111],[-111.35638,45.6086],[-111.34665,45.60833],[-111.3461,45.60638],[-111.35249,45.60555],[-111.35277,45.60333],[-111.34777,45.60249],[-111.34777,45.60055],[-111.34277,45.59777],[-111.34582,45.59472],[-111.34054,45.59666],[-111.33582,45.59666],[-111.32499,45.59333],[-111.31999,45.59416],[-111.31888,45.59138],[-111.30999,45.59083],[-111.3086,45.58527],[-111.30471,45.58222],[-111.30388,45.58527],[-111.29888,45.5861],[-111.29415,45.5886],[-111.29054,45.58805],[-111.2861,45.58999],[-111.28443,45.5886],[-111.28082,45.59638],[-111.28304,45.60027],[-111.28943,45.6061],[-111.29749,45.60777],[-111.30138,45.61055],[-111.3011,45.61388],[-111.29415,45.61555],[-111.29304,45.61916],[-111.2986,45.62527],[-111.30277,45.62527],[-111.30249,45.63027],[-111.30888,45.63249],[-111.30388,45.63333],[-111.29777,45.63694],[-111.29777,45.63249],[-111.29193,45.63277],[-111.29082,45.63666],[-111.28665,45.63888],[-111.28027,45.63777],[-111.27749,45.63944],[-111.27027,45.63999],[-111.2636,45.64194],[-111.25749,45.64194],[-111.26138,45.63972],[-111.26304,45.63666],[-111.2711,45.63305],[-111.27304,45.62888],[-111.27804,45.62749],[-111.27638,45.62583],[-111.27804,45.6186],[-111.28249,45.6136],[-111.27915,45.6136],[-111.2836,45.60944],[-111.27749,45.6111],[-111.27249,45.61027],[-111.27721,45.60555],[-111.28027,45.60472],[-111.28054,45.60138],[-111.27527,45.60138],[-111.27554,45.59888],[-111.26971,45.59972],[-111.26332,45.60222],[-111.26388,45.59944],[-111.27165,45.5986],[-111.27749,45.59277],[-111.27221,45.59166],[-111.26721,45.58583],[-111.26832,45.58083],[-111.27193,45.57722],[-111.28027,45.57638],[-111.27999,45.5811],[-111.28943,45.57944],[-111.28915,45.57777],[-111.29388,45.57749],[-111.29388,45.57499],[-111.28749,45.5736],[-111.29027,45.5711],[-111.28221,45.5711],[-111.28332,45.56777],[-111.27915,45.56638],[-111.27888,45.56388],[-111.28304,45.56194],[-111.28193,45.55777],[-111.27832,45.55777],[-111.27915,45.55527],[-111.27332,45.55555],[-111.27554,45.55249],[-111.26471,45.55138],[-111.26665,45.5486],[-111.27693,45.5461],[-111.27499,45.54458],[-111.25943,45.54556],[-111.26249,45.54749],[-111.26221,45.55083],[-111.25943,45.55194],[-111.25749,45.54569],[-111.16304,45.55159],[-111.1761,45.55777],[-111.17749,45.5611],[-111.17165,45.5611],[-111.16832,45.56249],[-111.16138,45.55805],[-111.15971,45.5636],[-111.15277,45.56083],[-111.14971,45.55666],[-111.14499,45.55777],[-111.14582,45.56222],[-111.14332,45.56194],[-111.13304,45.56722],[-111.1286,45.5661],[-111.1211,45.56055],[-111.10943,45.56166],[-111.11443,45.56833],[-111.10721,45.57083],[-111.09693,45.57305],[-111.09527,45.57583],[-111.08749,45.57499],[-111.0836,45.57833],[-111.07999,45.57916],[-111.0736,45.57277],[-111.07415,45.58083],[-111.06721,45.58749],[-111.05471,45.59166],[-111.04665,45.59138],[-111.04415,45.59333],[-111.03388,45.59416],[-111.02804,45.59138],[-111.02777,45.58888],[-111.02193,45.57888],[-111.0211,45.57583],[-111.0186,45.58083],[-111.0236,45.58666],[-111.02388,45.59555],[-111.01277,45.59916],[-111.0111,45.60222],[-111.0061,45.60055],[-111.00721,45.60388],[-110.99638,45.60805],[-110.98665,45.60777],[-110.98415,45.60888],[-110.98777,45.61277],[-110.98777,45.61583],[-110.98415,45.61789],[-110.99817,45.73138],[-111.00082,45.73166],[-111.00471,45.73777],[-111.00079,45.75249],[-111.00319,45.77194],[-111.00665,45.77499],[-111.01332,45.77749],[-111.01777,45.78166],[-111.00999,45.78416],[-111.00557,45.7911],[-111.0111,45.78583],[-111.02221,45.78527],[-111.02138,45.7886],[-111.02554,45.79055],[-111.02415,45.79333],[-111.01832,45.7961],[-111.01665,45.80166],[-111.01415,45.8036],[-111.01332,45.80944],[-111.00832,45.8133],[-111.01367,45.85638],[-111.01443,45.85916],[-111.01888,45.85916],[-111.01638,45.86472],[-111.02082,45.86249],[-111.02277,45.86333],[-111.01665,45.86805],[-111.02415,45.86749],[-111.03027,45.88027],[-111.02749,45.88249],[-111.03027,45.8845]],[[-111.38638,45.62444],[-111.38721,45.62027],[-111.39082,45.62055],[-111.38971,45.62333],[-111.38638,45.62444]],[[-111.38499,45.60722],[-111.37971,45.60416],[-111.38499,45.60305],[-111.38499,45.60722]]]]},"properties":{"Cell":"D-11"}},
{"type":"Feature","geometry":{"type":"Polygon","coordinates":[[[-111.84971,46.15689],[-111.85527,46.15388],[-111.85554,46.15649],[-111.98642,46.14762],[-111.9766,46.0786],[-111.97638,46.077],[-111.97601,46.07444],[-111.9711,46.06805],[-111.97249,46.06416],[-111.96804,46.06027],[-111.9686,46.05749],[-111.96332,46.0561],[-111.96304,46.05333],[-111.96665,46.05277],[-111.96304,46.04777],[-111.96415,46.0386],[-111.96665,46.03166],[-111.9699,46.03138],[-111.96967,46.02972],[-111.9661,46.02972],[-111.96415,46.02388],[-111.96499,46.01249],[-111.96443,46.00888],[-111.96665,46.00848],[-111.96655,46.00777],[-111.96388,46.00527],[-111.96565,46.00138],[-111.96545,45.99999],[-111.96506,45.99722],[-111.94081,45.82569],[-111.47928,45.85642],[-111.52225,46.17852],[-111.73527,46.16454],[-111.73832,46.16027],[-111.73443,46.16027],[-111.7386,46.15583],[-111.73221,46.1561],[-111.73777,46.1511],[-111.73304,46.15083],[-111.73415,46.14666],[-111.72943,46.14722],[-111.72665,46.14416],[-111.7286,46.14194],[-111.7286,46.13694],[-111.73388,46.13694],[-111.73499,46.14305],[-111.73804,46.13749],[-111.74665,46.12833],[-111.74915,46.12388],[-111.74804,46.12972],[-111.74804,46.13749],[-111.75082,46.14249],[-111.7536,46.1411],[-111.75415,46.13444],[-111.75777,46.1261],[-111.76054,46.12749],[-111.76332,46.12499],[-111.76471,46.13083],[-111.76915,46.13305],[-111.77054,46.14083],[-111.77388,46.13333],[-111.7736,46.13916],[-111.77638,46.14277],[-111.77832,46.13722],[-111.7811,46.13916],[-111.78138,46.14249],[-111.78471,46.14222],[-111.78693,46.13916],[-111.79304,46.13749],[-111.79888,46.14194],[-111.7986,46.14638],[-111.80443,46.14555],[-111.80749,46.14305],[-111.81249,46.14305],[-111.81249,46.14666],[-111.81582,46.14722],[-111.81721,46.15055],[-111.81582,46.15527],[-111.82138,46.15555],[-111.82665,46.15416],[-111.83138,46.15527],[-111.83082,46.15816],[-111.83915,46.1576],[-111.84804,46.15305],[-111.84499,46.15721],[-111.84888,46.15694],[-111.84896,46.15694],[-111.84971,46.15689]],[[-111.89165,45.84499],[-111.89443,45.84277],[-111.89693,45.84555],[-111.89165,45.84499]],[[-111.82638,46.0486],[-111.82138,46.04805],[-111.8261,46.04333],[-111.81721,46.04305],[-111.81915,46.04055],[-111.81804,46.0361],[-111.81999,46.03388],[-111.82249,46.04222],[-111.82582,46.04222],[-111.83027,46.03944],[-111.82971,46.0436],[-111.83749,46.04638],[-111.83554,46.04777],[-111.82971,46.04694],[-111.82638,46.0486]],[[-111.79888,46.03583],[-111.79749,46.02722],[-111.79277,46.02722],[-111.7936,46.02499],[-111.78971,46.02555],[-111.78777,46.02249],[-111.79082,46.01999],[-111.78999,46.01694],[-111.78193,46.01666],[-111.78193,46.01388],[-111.78693,46.00916],[-111.79249,46.01166],[-111.79332,46.00888],[-111.78749,46.00722],[-111.79027,46.00333],[-111.78971,46.0011],[-111.79249,45.99638],[-111.79943,45.99444],[-111.8011,45.99138],[-111.80749,45.98666],[-111.80832,45.99194],[-111.81221,45.99472],[-111.81165,45.99055],[-111.81749,45.98916],[-111.82193,45.98472],[-111.82638,45.98666],[-111.8286,45.99277],[-111.82693,46.00472],[-111.83249,46.00166],[-111.83693,45.99749],[-111.8386,46.0011],[-111.8336,46.00694],[-111.83471,46.01194],[-111.83999,46.01277],[-111.83804,46.01777],[-111.83415,46.01888],[-111.83027,46.02416],[-111.82888,46.0186],[-111.82582,46.01833],[-111.8211,46.02083],[-111.81638,46.02138],[-111.80804,46.02916],[-111.80443,46.0261],[-111.80027,46.02666],[-111.79888,46.03583]],[[-111.51249,46.01972],[-111.50749,46.01777],[-111.50304,46.01777],[-111.50443,46.01277],[-111.50721,46.01333],[-111.50777,46.00999],[-111.50415,46.00833],[-111.50693,46.00694],[-111.50777,46.00333],[-111.50999,46.0036],[-111.50888,46.01055],[-111.51388,46.01027],[-111.51527,46.00749],[-111.5186,46.00777],[-111.5186,46.01055],[-111.51443,46.01416],[-111.51249,46.01972]],[[-111.86832,45.93222],[-111.8636,45.92944],[-111.86665,45.92277],[-111.87054,45.92194],[-111.87221,45.92638],[-111.86832,45.93222]],[[-111.88332,45.92472],[-111.87888,45.92055],[-111.87415,45.91916],[-111.86999,45.91472],[-111.86582,45.91638],[-111.86415,45.91472],[-111.8561,45.92305],[-111.85249,45.92305],[-111.85249,45.92055],[-111.84832,45.91916],[-111.84638,45.92055],[-111.84221,45.91777],[-111.84415,45.91249],[-111.84082,45.91138],[-111.8336,45.91805],[-111.83027,45.91527],[-111.82971,45.91194],[-111.83304,45.91166],[-111.83832,45.90722],[-111.84527,45.90416],[-111.84693,45.90638],[-111.85471,45.90416],[-111.85665,45.9011],[-111.86832,45.90222],[-111.86943,45.89944],[-111.86499,45.89777],[-111.86665,45.89472],[-111.8736,45.89166],[-111.87443,45.89472],[-111.87832,45.88916],[-111.88277,45.88666],[-111.88277,45.89138],[-111.88582,45.88833],[-111.88749,45.89555],[-111.89165,45.89472],[-111.89721,45.89138],[-111.89804,45.89833],[-111.8961,45.90249],[-111.8861,45.90694],[-111.88721,45.9086],[-111.89471,45.9086],[-111.89471,45.91083],[-111.89082,45.91027],[-111.88971,45.91333],[-111.89304,45.9161],[-111.88999,45.92472],[-111.89138,45.92694],[-111.88332,45.92472]],[[-111.85665,45.88472],[-111.84388,45.87888],[-111.84582,45.88388],[-111.83999,45.88388],[-111.83332,45.87638],[-111.83415,45.87138],[-111.82888,45.87166],[-111.81832,45.87527],[-111.8211,45.87833],[-111.82582,45.87916],[-111.82415,45.88083],[-111.81832,45.88027],[-111.81943,45.88499],[-111.81499,45.88499],[-111.81554,45.88166],[-111.81221,45.88166],[-111.80471,45.87833],[-111.79443,45.87083],[-111.78943,45.87055],[-111.78999,45.86888],[-111.78388,45.86888],[-111.78304,45.87055],[-111.77138,45.86972],[-111.76832,45.8711],[-111.76638,45.86805],[-111.76999,45.86638],[-111.78054,45.86388],[-111.77332,45.86333],[-111.74388,45.86333],[-111.73804,45.86416],[-111.73943,45.86138],[-111.7436,45.86138],[-111.74804,45.85888],[-111.76277,45.85916],[-111.77665,45.85416],[-111.77221,45.85277],[-111.77804,45.85055],[-111.78638,45.84972],[-111.79221,45.84722],[-111.79749,45.84666],[-111.79804,45.85027],[-111.80415,45.84944],[-111.80082,45.84583],[-111.80888,45.84416],[-111.81749,45.84388],[-111.82304,45.84194],[-111.82888,45.84388],[-111.82777,45.84138],[-111.82999,45.83916],[-111.8361,45.83833],[-111.84082,45.83388],[-111.84527,45.83472],[-111.84388,45.84027],[-111.84693,45.8411],[-111.83804,45.84416],[-111.83527,45.84972],[-111.84027,45.8461],[-111.84499,45.84555],[-111.8436,45.84805],[-111.8486,45.84777],[-111.84693,45.84999],[-111.85249,45.84833],[-111.8561,45.85166],[-111.86388,45.85055],[-111.86804,45.84722],[-111.86888,45.8436],[-111.86638,45.84222],[-111.8686,45.83944],[-111.87471,45.83888],[-111.87777,45.8361],[-111.88193,45.83555],[-111.88332,45.83749],[-111.87943,45.84027],[-111.8711,45.84305],[-111.86888,45.8486],[-111.86888,45.85222],[-111.87749,45.84722],[-111.88027,45.84777],[-111.8786,45.85138],[-111.87193,45.85638],[-111.87499,45.85972],[-111.87499,45.86666],[-111.86888,45.86805],[-111.86527,45.86749],[-111.86499,45.87027],[-111.86165,45.87277],[-111.86193,45.87583],[-111.85499,45.87805],[-111.85777,45.88222],[-111.85665,45.88472]],[[-111.88388,45.86944],[-111.88027,45.86583],[-111.88304,45.86166],[-111.88804,45.85944],[-111.89165,45.85388],[-111.89665,45.85833],[-111.89443,45.85999],[-111.89443,45.86388],[-111.89665,45.86583],[-111.90249,45.86499],[-111.90221,45.86666],[-111.89638,45.86694],[-111.89499,45.86499],[-111.89054,45.8661],[-111.88888,45.86833],[-111.88388,45.86944]]]},"properties":{"Cell":"C-10"}},
{"type":"Feature","geometry":{"type":"MultiPolygon","coordinates":[[[[-112.29415,45.80087],[-112.29999,45.8011],[-112.30665,45.80333],[-112.31415,45.80222],[-112.31971,45.80249],[-112.32554,45.8011],[-112.33221,45.80388],[-112.32915,45.80027],[-112.32138,45.79944],[-112.31915,45.80055],[-112.30777,45.8011],[-112.30527,45.80007],[-112.29415,45.80087]]],[[[-111.97601,46.07444],[-111.97638,46.077],[-111.98027,46.07499],[-111.97601,46.07444]]],[[[-111.96506,45.99722],[-111.97193,45.99666],[-111.96888,45.99166],[-111.97027,45.98944],[-111.9761,45.98944],[-111.97249,45.9861],[-111.98138,45.98472],[-111.98138,45.97083],[-111.98443,45.96972],[-111.98165,45.96138],[-111.97971,45.95999],[-111.98332,45.95527],[-111.98165,45.9461],[-111.98332,45.94083],[-111.9936,45.94333],[-111.98888,45.93666],[-111.99582,45.93444],[-111.99582,45.9311],[-112.0011,45.93444],[-112.00471,45.93444],[-111.99943,45.92999],[-112.00193,45.92777],[-112.00138,45.9236],[-112.00721,45.9211],[-112.00388,45.91999],[-112.0061,45.91666],[-112.00415,45.91333],[-112.01277,45.91194],[-112.01527,45.90888],[-112.02221,45.9086],[-112.02415,45.90666],[-112.02332,45.90305],[-112.01554,45.90444],[-112.0186,45.89527],[-112.02499,45.89527],[-112.02915,45.89194],[-112.02915,45.89499],[-112.03249,45.89555],[-112.03527,45.90027],[-112.0336,45.90499],[-112.03499,45.90916],[-112.03915,45.91083],[-112.03888,45.91472],[-112.0361,45.91666],[-112.03971,45.91722],[-112.04277,45.91527],[-112.04582,45.91916],[-112.04443,45.92138],[-112.04943,45.92138],[-112.04971,45.92916],[-112.05277,45.93638],[-112.05415,45.94305],[-112.05804,45.94583],[-112.05971,45.94916],[-112.05749,45.95138],[-112.05915,45.95416],[-112.06165,45.96444],[-112.06388,45.96638],[-112.07249,45.96805],[-112.07332,45.97055],[-112.07804,45.9711],[-112.07527,45.97666],[-112.08027,45.97777],[-112.07138,45.98194],[-112.06443,45.98166],[-112.07138,45.98638],[-112.07665,45.98527],[-112.07943,45.9886],[-112.07804,45.98999],[-112.08027,45.99388],[-112.07888,46.00138],[-112.07582,46.00472],[-112.07554,46.00944],[-112.07054,46.01305],[-112.06971,46.01638],[-112.07388,46.02027],[-112.06693,46.02222],[-112.06971,46.02388],[-112.06943,46.02972],[-112.07165,46.03166],[-112.07332,46.03777],[-112.07054,46.04249],[-112.07165,46.04972],[-112.0761,46.05222],[-112.07888,46.05916],[-112.08527,46.05972],[-112.08471,46.06277],[-112.08138,46.0661],[-112.08499,46.06888],[-112.08804,46.07416],[-112.09277,46.07472],[-112.09554,46.08083],[-112.09582,46.0886],[-112.10221,46.09638],[-112.10054,46.10166],[-112.10527,46.12055],[-112.10471,46.12583],[-112.10721,46.12944],[-112.10332,46.13083],[-112.10582,46.13416],[-112.11277,46.13444],[-112.1161,46.1361],[-112.11443,46.13873],[-112.12082,46.13472],[-112.12804,46.13444],[-112.12888,46.12722],[-112.13277,46.12833],[-112.13638,46.12555],[-112.1361,46.12333],[-112.14054,46.12333],[-112.13943,46.11916],[-112.14693,46.11694],[-112.14693,46.11888],[-112.15138,46.11777],[-112.15527,46.11916],[-112.15277,46.1161],[-112.1561,46.11388],[-112.1511,46.11416],[-112.15304,46.10972],[-112.16221,46.10916],[-112.15582,46.10638],[-112.16165,46.10499],[-112.16304,46.10083],[-112.15693,46.10444],[-112.14971,46.10416],[-112.14888,46.0936],[-112.14277,46.08888],[-112.13832,46.0886],[-112.13693,46.08638],[-112.13332,46.08722],[-112.13138,46.08444],[-112.1336,46.08194],[-112.13082,46.07749],[-112.13554,46.07499],[-112.13415,46.07388],[-112.14249,46.07249],[-112.14832,46.07777],[-112.15082,46.07777],[-112.15499,46.07416],[-112.15915,46.07305],[-112.15999,46.06972],[-112.14888,46.06944],[-112.14499,46.06749],[-112.14638,46.06277],[-112.14332,46.06222],[-112.13777,46.06388],[-112.13665,46.06166],[-112.14193,46.06194],[-112.14582,46.0561],[-112.13804,46.05638],[-112.13638,46.05416],[-112.14165,46.05083],[-112.14582,46.05277],[-112.14777,46.04833],[-112.1511,46.04583],[-112.15499,46.04583],[-112.15277,46.0436],[-112.15443,46.03999],[-112.15915,46.04055],[-112.16332,46.03916],[-112.16138,46.03638],[-112.15638,46.03388],[-112.15638,46.03055],[-112.15332,46.0261],[-112.15165,46.01972],[-112.14665,46.01638],[-112.15027,46.01333],[-112.14665,46.01305],[-112.14832,46.01027],[-112.14221,46.00749],[-112.14471,46.00305],[-112.14804,46.00194],[-112.14499,45.99972],[-112.15332,45.99638],[-112.15388,45.98444],[-112.15221,45.98249],[-112.15471,45.97722],[-112.15888,45.97666],[-112.1636,45.97249],[-112.16804,45.97444],[-112.16193,45.97888],[-112.16499,45.98194],[-112.16554,45.98638],[-112.16332,45.9886],[-112.16638,45.98916],[-112.17165,45.9936],[-112.17832,45.99166],[-112.18165,45.99499],[-112.19443,45.99499],[-112.20082,45.99888],[-112.19971,46.00416],[-112.20249,46.00666],[-112.20054,46.00916],[-112.20332,46.00972],[-112.20332,46.00444],[-112.20943,46.0036],[-112.20554,45.99833],[-112.2086,45.99583],[-112.20193,45.99527],[-112.20277,45.99194],[-112.19638,45.98999],[-112.1961,45.98833],[-112.18777,45.98527],[-112.1886,45.98249],[-112.18527,45.98083],[-112.19027,45.97527],[-112.18804,45.97138],[-112.19082,45.96722],[-112.19221,45.96166],[-112.19138,45.95916],[-112.19832,45.94972],[-112.20082,45.94972],[-112.2036,45.9461],[-112.2086,45.94388],[-112.20943,45.94138],[-112.22249,45.93999],[-112.2236,45.9386],[-112.23082,45.93972],[-112.23804,45.9386],[-112.23499,45.93583],[-112.2386,45.93527],[-112.2411,45.93999],[-112.24499,45.93916],[-112.24527,45.9436],[-112.2411,45.94249],[-112.23971,45.95083],[-112.2411,45.95722],[-112.24888,45.9536],[-112.25221,45.9486],[-112.25693,45.94999],[-112.26082,45.94527],[-112.26832,45.94333],[-112.27304,45.93694],[-112.28443,45.94305],[-112.28527,45.94583],[-112.29082,45.94666],[-112.28971,45.94916],[-112.28415,45.9511],[-112.29332,45.95083],[-112.29721,45.95249],[-112.29749,45.95749],[-112.30082,45.95972],[-112.29971,45.95638],[-112.30027,45.94972],[-112.29804,45.94638],[-112.30138,45.94527],[-112.3061,45.94944],[-112.31332,45.95138],[-112.31638,45.95472],[-112.3186,45.95444],[-112.31721,45.94833],[-112.30999,45.94583],[-112.31388,45.94305],[-112.31277,45.93749],[-112.31749,45.93583],[-112.30971,45.93583],[-112.30804,45.93305],[-112.31054,45.92499],[-112.30721,45.92222],[-112.3136,45.92166],[-112.31665,45.9186],[-112.31471,45.91638],[-112.32582,45.9111],[-112.3261,45.90805],[-112.32249,45.90999],[-112.31582,45.90999],[-112.30777,45.9086],[-112.30527,45.90555],[-112.29888,45.9061],[-112.29915,45.90194],[-112.30527,45.90194],[-112.30554,45.89972],[-112.29721,45.89916],[-112.29582,45.90055],[-112.28332,45.90055],[-112.28471,45.89833],[-112.29165,45.89916],[-112.2886,45.89666],[-112.28943,45.89222],[-112.28415,45.89416],[-112.27999,45.8936],[-112.27388,45.89472],[-112.27638,45.89222],[-112.27304,45.88944],[-112.2836,45.88583],[-112.2836,45.88277],[-112.2786,45.88055],[-112.28332,45.87805],[-112.27138,45.87944],[-112.26777,45.87749],[-112.27082,45.8761],[-112.27721,45.87583],[-112.27777,45.87444],[-112.28415,45.87388],[-112.29165,45.87749],[-112.29221,45.87388],[-112.29832,45.87249],[-112.29804,45.87055],[-112.29193,45.86888],[-112.29165,45.86583],[-112.29943,45.86305],[-112.30193,45.85972],[-112.29554,45.8586],[-112.29693,45.85472],[-112.29971,45.85333],[-112.30527,45.85694],[-112.31138,45.85638],[-112.3111,45.85805],[-112.3211,45.85777],[-112.32388,45.8561],[-112.32082,45.8536],[-112.31304,45.85249],[-112.31693,45.84749],[-112.31443,45.84305],[-112.31721,45.84138],[-112.3211,45.84305],[-112.31943,45.83777],[-112.32138,45.83694],[-112.33304,45.83694],[-112.34527,45.83416],[-112.33304,45.83499],[-112.33221,45.83305],[-112.32665,45.83249],[-112.3311,45.82527],[-112.32527,45.82472],[-112.32415,45.82249],[-112.32221,45.8261],[-112.31638,45.83027],[-112.31165,45.82666],[-112.30721,45.82555],[-112.29804,45.82527],[-112.29388,45.82666],[-112.28915,45.82333],[-112.29332,45.82138],[-112.29277,45.81749],[-112.29638,45.81666],[-112.29999,45.81805],[-112.29777,45.81444],[-112.29721,45.80694],[-112.29554,45.80472],[-112.28915,45.80333],[-112.2936,45.80091],[-111.94081,45.82569],[-111.96506,45.99722]],[[-112.11999,46.08527],[-112.10777,46.08388],[-112.10804,46.08166],[-112.11221,46.08055],[-112.11443,46.07777],[-112.11749,46.07805],[-112.11999,46.08527]],[[-112.24638,45.93499],[-112.24388,45.93444],[-112.24415,45.92999],[-112.24749,45.93222],[-112.25138,45.93166],[-112.24638,45.93499]],[[-112.07138,45.95444],[-112.06554,45.94666],[-112.06804,45.9436],[-112.07277,45.95138],[-112.07138,45.95444]]],[[[-111.98642,46.14762],[-112.02915,46.14467],[-112.02915,46.13277],[-112.02332,46.1236],[-112.01777,46.11916],[-112.01221,46.11666],[-112.01138,46.1136],[-112.00721,46.1136],[-112.00027,46.10777],[-112.00221,46.10527],[-111.9986,46.10499],[-111.99915,46.09916],[-112.00388,46.09638],[-111.99582,46.09749],[-111.99193,46.09944],[-111.98415,46.09805],[-111.97971,46.0936],[-111.97971,46.08277],[-111.98165,46.08083],[-111.9766,46.0786],[-111.98642,46.14762]]]]},"properties":{"Cell":"B-10"}},
{"type":"Feature","geometry":{"type":"Polygon","coordinates":[[[-112.29415,45.80087],[-112.30527,45.80007],[-112.30638,45.79527],[-112.30304,45.79333],[-112.29777,45.7936],[-112.29443,45.78749],[-112.29415,45.78388],[-112.3011,45.78305],[-112.30638,45.77972],[-112.29915,45.77944],[-112.29638,45.77722],[-112.29943,45.76583],[-112.30582,45.7611],[-112.30221,45.7586],[-112.3036,45.75333],[-112.31138,45.75305],[-112.31388,45.74999],[-112.31054,45.74777],[-112.31527,45.74777],[-112.31082,45.74277],[-112.31693,45.74138],[-112.3136,45.73916],[-112.31554,45.73527],[-112.32138,45.73527],[-112.31693,45.73305],[-112.31888,45.73083],[-112.32304,45.7311],[-112.32082,45.72749],[-112.32443,45.72722],[-112.32193,45.7211],[-112.32665,45.71944],[-112.33304,45.72138],[-112.32943,45.71805],[-112.32332,45.71666],[-112.32443,45.71333],[-112.32832,45.71416],[-112.32721,45.70972],[-112.32221,45.70583],[-112.32193,45.70333],[-112.32804,45.70194],[-112.32471,45.69583],[-112.32249,45.69416],[-112.32638,45.69305],[-112.32582,45.68277],[-112.32221,45.68083],[-112.3261,45.67888],[-112.32721,45.67277],[-112.3311,45.66444],[-112.32777,45.66055],[-112.33277,45.66027],[-112.33193,45.65722],[-112.32888,45.65694],[-112.33332,45.65388],[-112.33415,45.65027],[-112.33082,45.64805],[-112.33527,45.64722],[-112.33777,45.64388],[-112.33499,45.64083],[-112.33638,45.63805],[-112.33971,45.64055],[-112.34777,45.64388],[-112.35499,45.64472],[-112.36027,45.64833],[-112.36665,45.64694],[-112.37193,45.6511],[-112.37249,45.64555],[-112.36554,45.64388],[-112.36527,45.64055],[-112.36193,45.64138],[-112.35971,45.63499],[-112.3536,45.63166],[-112.3511,45.62166],[-112.35943,45.62027],[-112.35943,45.61888],[-112.36721,45.61694],[-112.36749,45.61416],[-112.37138,45.6136],[-112.37475,45.61083],[-112.35413,45.47135],[-112.16767,45.48472],[-112.17443,45.48916],[-112.17721,45.49277],[-112.1786,45.49805],[-112.1836,45.49888],[-112.19221,45.49555],[-112.19165,45.49777],[-112.19554,45.49944],[-112.19665,45.5086],[-112.20277,45.50916],[-112.20582,45.51555],[-112.20915,45.51722],[-112.21943,45.51833],[-112.22054,45.51999],[-112.22971,45.51972],[-112.22888,45.52222],[-112.22221,45.52416],[-112.22693,45.52472],[-112.23277,45.53138],[-112.23138,45.53305],[-112.2336,45.53638],[-112.23804,45.53583],[-112.2386,45.54472],[-112.23665,45.54472],[-112.23999,45.54722],[-112.23749,45.55444],[-112.24082,45.55833],[-112.24138,45.56388],[-112.23749,45.56805],[-112.23388,45.56916],[-112.23277,45.57749],[-112.22638,45.58222],[-112.22693,45.58805],[-112.22304,45.59416],[-112.2261,45.60416],[-112.22443,45.60916],[-112.2186,45.61499],[-112.21277,45.61666],[-112.21443,45.61999],[-112.21415,45.62444],[-112.21193,45.63027],[-112.20499,45.63638],[-112.19665,45.63888],[-112.19443,45.64666],[-112.18915,45.64972],[-112.18527,45.65416],[-112.17943,45.65472],[-112.16999,45.66138],[-112.17082,45.66583],[-112.1661,45.67027],[-112.15388,45.67249],[-112.14638,45.67749],[-112.14221,45.67527],[-112.14443,45.67916],[-112.13721,45.6836],[-112.13277,45.6836],[-112.13221,45.6886],[-112.1286,45.68805],[-112.13082,45.69166],[-112.12638,45.69166],[-112.12332,45.6886],[-112.12582,45.69388],[-112.11943,45.69333],[-112.11443,45.69527],[-112.11082,45.69972],[-112.10582,45.69972],[-112.11193,45.70194],[-112.1211,45.69694],[-112.12721,45.69888],[-112.12832,45.70722],[-112.12388,45.70666],[-112.12527,45.71055],[-112.11693,45.7111],[-112.1161,45.71444],[-112.12582,45.71444],[-112.1286,45.71694],[-112.13527,45.71333],[-112.13332,45.71833],[-112.13443,45.72083],[-112.12915,45.72222],[-112.13221,45.7286],[-112.13221,45.7336],[-112.13054,45.73722],[-112.12443,45.73805],[-112.12832,45.74249],[-112.12721,45.74666],[-112.12054,45.74749],[-112.11638,45.74499],[-112.11499,45.74833],[-112.10804,45.75138],[-112.10749,45.75277],[-112.09832,45.75305],[-112.10332,45.75555],[-112.1136,45.75499],[-112.12277,45.75527],[-112.12554,45.75916],[-112.12443,45.7636],[-112.12165,45.76472],[-112.12388,45.76749],[-112.1211,45.77388],[-112.12332,45.77583],[-112.12304,45.77999],[-112.11777,45.78555],[-112.11443,45.78222],[-112.11332,45.77499],[-112.1086,45.7786],[-112.10527,45.77722],[-112.10388,45.77944],[-112.10554,45.7836],[-112.10138,45.78416],[-112.09832,45.77833],[-112.09388,45.77694],[-112.09415,45.77444],[-112.0986,45.77305],[-112.09638,45.76944],[-112.0986,45.7661],[-112.09471,45.76722],[-112.09138,45.76444],[-112.08388,45.76194],[-112.07415,45.76166],[-112.07221,45.76333],[-112.07888,45.76499],[-112.07943,45.7686],[-112.0736,45.77333],[-112.06582,45.77638],[-112.06777,45.77138],[-112.06332,45.77138],[-112.06082,45.76944],[-112.05388,45.77138],[-112.04971,45.77555],[-112.05749,45.77527],[-112.05527,45.77694],[-112.06027,45.77805],[-112.0611,45.78083],[-112.05027,45.78694],[-112.04499,45.79249],[-112.0386,45.79527],[-112.03249,45.79222],[-112.02804,45.79305],[-112.02638,45.79583],[-112.0236,45.79444],[-112.01665,45.79916],[-112.01832,45.79388],[-112.01138,45.79499],[-112.01138,45.79166],[-112.00777,45.7911],[-112.01415,45.78472],[-112.00777,45.78527],[-111.99971,45.78805],[-111.99888,45.79055],[-111.99332,45.79305],[-111.99971,45.79555],[-111.99804,45.8011],[-111.98665,45.80638],[-111.98388,45.81194],[-111.97999,45.81055],[-111.98054,45.80749],[-111.9761,45.80805],[-111.97999,45.80249],[-111.97943,45.79999],[-111.98693,45.79638],[-111.98971,45.79222],[-111.9836,45.79222],[-111.97721,45.7961],[-111.9711,45.79722],[-111.97165,45.79499],[-111.96471,45.79749],[-111.96804,45.79472],[-111.96804,45.79055],[-111.97138,45.79055],[-111.97332,45.78749],[-111.98054,45.78249],[-111.98554,45.7811],[-111.97554,45.7736],[-111.97443,45.77138],[-111.97027,45.7711],[-111.96388,45.76694],[-111.96415,45.76249],[-111.9661,45.76194],[-111.9786,45.76444],[-111.97138,45.75888],[-111.98277,45.75916],[-111.98165,45.75694],[-111.98388,45.75333],[-111.98082,45.75444],[-111.97721,45.75194],[-111.97138,45.75277],[-111.96749,45.74833],[-111.9711,45.74555],[-111.96943,45.74249],[-111.96971,45.7336],[-111.97193,45.73027],[-111.98027,45.73222],[-111.97721,45.72888],[-111.98221,45.72666],[-111.98499,45.71888],[-111.9811,45.7211],[-111.97582,45.72138],[-111.96915,45.72444],[-111.96193,45.72333],[-111.96777,45.72666],[-111.96499,45.73138],[-111.96388,45.73888],[-111.95665,45.73972],[-111.95943,45.74333],[-111.95721,45.74472],[-111.93971,45.74305],[-111.94165,45.74555],[-111.95138,45.75027],[-111.95638,45.75916],[-111.95304,45.76222],[-111.94277,45.7611],[-111.93554,45.7586],[-111.93099,45.75583],[-111.94081,45.82569],[-112.2936,45.80091],[-112.29415,45.80087]],[[-112.08554,45.77944],[-112.08804,45.77944],[-112.08749,45.78305],[-112.08471,45.78222],[-112.08554,45.77944]]]},"properties":{"Cell":"B-11"}},
{"type":"Feature","geometry":{"type":"Polygon","coordinates":[[[-111.44295,45.5811],[-111.45027,45.58277],[-111.45138,45.59194],[-111.45388,45.59138],[-111.45749,45.59388],[-111.45665,45.59777],[-111.45332,45.59944],[-111.45388,45.60277],[-111.45749,45.60499],[-111.45749,45.61249],[-111.44915,45.61472],[-111.44762,45.61666],[-111.47928,45.85642],[-111.94081,45.82569],[-111.93099,45.75583],[-111.92554,45.75444],[-111.92415,45.74916],[-111.91943,45.75083],[-111.90749,45.74749],[-111.9061,45.74388],[-111.9036,45.74583],[-111.89888,45.7436],[-111.90193,45.74194],[-111.88721,45.73833],[-111.88499,45.73277],[-111.90304,45.73333],[-111.89777,45.73055],[-111.88749,45.72666],[-111.88471,45.7236],[-111.88693,45.72222],[-111.89138,45.72305],[-111.89832,45.72249],[-111.90304,45.71999],[-111.9086,45.71999],[-111.90915,45.71777],[-111.90554,45.71638],[-111.90415,45.71305],[-111.91221,45.70888],[-111.90832,45.70833],[-111.91138,45.7011],[-111.90721,45.70166],[-111.90777,45.69944],[-111.89804,45.69388],[-111.89915,45.69194],[-111.89554,45.69083],[-111.89527,45.68777],[-111.89221,45.6861],[-111.89443,45.68416],[-111.88832,45.68055],[-111.88749,45.67555],[-111.8886,45.67194],[-111.89221,45.6711],[-111.89415,45.66805],[-111.89304,45.6611],[-111.89527,45.65583],[-111.88832,45.65749],[-111.87554,45.65694],[-111.87582,45.65499],[-111.87165,45.65222],[-111.87304,45.64777],[-111.86665,45.64638],[-111.86693,45.6436],[-111.85888,45.64499],[-111.85471,45.63194],[-111.85777,45.62833],[-111.85915,45.62388],[-111.85082,45.63083],[-111.8436,45.63305],[-111.85277,45.6436],[-111.85082,45.64666],[-111.83888,45.6461],[-111.83638,45.64749],[-111.84304,45.65388],[-111.83777,45.6561],[-111.83582,45.65333],[-111.83054,45.65222],[-111.82554,45.65277],[-111.82499,45.64916],[-111.82027,45.64777],[-111.82471,45.64416],[-111.81999,45.64055],[-111.81277,45.63083],[-111.81582,45.6236],[-111.81749,45.62305],[-111.81527,45.61499],[-111.82027,45.6111],[-111.82749,45.61055],[-111.82304,45.60805],[-111.8236,45.60499],[-111.81888,45.60472],[-111.81971,45.60194],[-111.81332,45.60416],[-111.80999,45.60083],[-111.80221,45.59972],[-111.80415,45.5986],[-111.80332,45.59499],[-111.79527,45.59444],[-111.79193,45.59777],[-111.7836,45.59916],[-111.78054,45.60472],[-111.77582,45.60583],[-111.77527,45.60277],[-111.76388,45.59555],[-111.76777,45.59499],[-111.76999,45.59166],[-111.76693,45.59138],[-111.7661,45.58472],[-111.7636,45.5786],[-111.76582,45.5786],[-111.76554,45.57416],[-111.77138,45.5786],[-111.78054,45.57972],[-111.78249,45.58083],[-111.78499,45.57722],[-111.77832,45.57444],[-111.77249,45.56749],[-111.7761,45.56305],[-111.77777,45.56694],[-111.78027,45.56777],[-111.78527,45.5661],[-111.7811,45.56222],[-111.78221,45.55999],[-111.7911,45.55777],[-111.79221,45.55499],[-111.79888,45.55555],[-111.79638,45.55083],[-111.79943,45.54583],[-111.7936,45.54666],[-111.79054,45.5436],[-111.78888,45.54805],[-111.78304,45.54805],[-111.7811,45.55166],[-111.77777,45.54916],[-111.77165,45.54777],[-111.76554,45.54333],[-111.76388,45.54916],[-111.75749,45.54916],[-111.75665,45.55249],[-111.75443,45.54944],[-111.74749,45.55305],[-111.74388,45.54749],[-111.74499,45.54277],[-111.74721,45.54194],[-111.74221,45.53777],[-111.74249,45.53527],[-111.73638,45.53555],[-111.73054,45.53416],[-111.72915,45.53583],[-111.72499,45.53499],[-111.72527,45.5311],[-111.71943,45.5311],[-111.72027,45.52916],[-111.72804,45.53055],[-111.72832,45.5286],[-111.73415,45.52805],[-111.73304,45.52194],[-111.72999,45.52194],[-111.72804,45.51694],[-111.72249,45.5161],[-111.72554,45.52222],[-111.7286,45.52444],[-111.71832,45.52333],[-111.71332,45.5261],[-111.71527,45.51999],[-111.71499,45.51596],[-111.71249,45.51777],[-111.70943,45.51666],[-111.7086,45.52249],[-111.70471,45.52416],[-111.69915,45.51702],[-111.6761,45.51856],[-111.67388,45.51916],[-111.67388,45.52333],[-111.67138,45.52805],[-111.6661,45.53249],[-111.66138,45.53166],[-111.64943,45.53416],[-111.65193,45.53749],[-111.65082,45.54388],[-111.65415,45.54499],[-111.65582,45.54222],[-111.6636,45.54194],[-111.66471,45.53916],[-111.66971,45.53499],[-111.67527,45.53722],[-111.68221,45.53444],[-111.68388,45.52944],[-111.67915,45.52972],[-111.68388,45.52138],[-111.68638,45.52499],[-111.68832,45.52305],[-111.69249,45.52472],[-111.69165,45.52749],[-111.68777,45.52777],[-111.68915,45.52972],[-111.68804,45.53499],[-111.68499,45.53583],[-111.68443,45.54416],[-111.68249,45.54333],[-111.67915,45.54749],[-111.6836,45.5486],[-111.68415,45.55222],[-111.6811,45.55444],[-111.67915,45.55194],[-111.67332,45.55222],[-111.67332,45.55027],[-111.66804,45.54999],[-111.66749,45.55444],[-111.66221,45.5586],[-111.66165,45.5536],[-111.6561,45.55222],[-111.65693,45.54944],[-111.65304,45.5486],[-111.64221,45.55666],[-111.64415,45.5586],[-111.63138,45.56583],[-111.6311,45.57388],[-111.62443,45.57333],[-111.61999,45.57138],[-111.61415,45.57305],[-111.61027,45.57083],[-111.60499,45.57027],[-111.60527,45.56555],[-111.6086,45.56027],[-111.61388,45.5611],[-111.61193,45.55583],[-111.6211,45.55555],[-111.6236,45.55722],[-111.62471,45.55277],[-111.62832,45.55027],[-111.62165,45.55055],[-111.62027,45.55194],[-111.61054,45.55138],[-111.61499,45.54666],[-111.6111,45.54444],[-111.61082,45.54638],[-111.60471,45.54916],[-111.6036,45.5536],[-111.59721,45.54916],[-111.59804,45.54583],[-111.59471,45.53777],[-111.59888,45.53722],[-111.60249,45.53138],[-111.6086,45.52833],[-111.61054,45.52472],[-111.61415,45.52472],[-111.61638,45.52252],[-111.60138,45.52352],[-111.59471,45.52749],[-111.59304,45.53027],[-111.58943,45.53055],[-111.58499,45.53388],[-111.57499,45.52999],[-111.56665,45.53333],[-111.57415,45.5336],[-111.57415,45.53749],[-111.58193,45.53944],[-111.58304,45.54583],[-111.58554,45.54944],[-111.5836,45.55083],[-111.58971,45.55666],[-111.58721,45.5586],[-111.58471,45.55722],[-111.57915,45.55972],[-111.58304,45.55999],[-111.58388,45.56222],[-111.57777,45.56416],[-111.57054,45.56305],[-111.5686,45.56055],[-111.5661,45.56694],[-111.56249,45.56916],[-111.55804,45.56888],[-111.55804,45.5636],[-111.55221,45.5661],[-111.54832,45.5661],[-111.54415,45.56333],[-111.54554,45.55833],[-111.53832,45.56027],[-111.53693,45.56222],[-111.53249,45.56083],[-111.53304,45.5586],[-111.52832,45.55555],[-111.52999,45.55333],[-111.52582,45.55333],[-111.52332,45.54972],[-111.51888,45.54722],[-111.51582,45.54916],[-111.51471,45.55333],[-111.51165,45.55277],[-111.5111,45.55583],[-111.51582,45.5561],[-111.51943,45.55388],[-111.52304,45.55472],[-111.52193,45.55666],[-111.52638,45.55777],[-111.52693,45.56222],[-111.52193,45.56333],[-111.51499,45.56083],[-111.51527,45.55944],[-111.50721,45.55805],[-111.50277,45.55305],[-111.50471,45.55055],[-111.4986,45.54944],[-111.49693,45.54472],[-111.49277,45.54333],[-111.49554,45.53777],[-111.49221,45.5386],[-111.48638,45.53666],[-111.48221,45.53388],[-111.48027,45.53888],[-111.48138,45.54166],[-111.48527,45.5411],[-111.48471,45.54583],[-111.48971,45.54777],[-111.49027,45.55166],[-111.48693,45.55277],[-111.48749,45.55722],[-111.49277,45.56194],[-111.49054,45.56722],[-111.48527,45.57055],[-111.47277,45.56722],[-111.4686,45.57027],[-111.4636,45.5711],[-111.4561,45.56527],[-111.44749,45.56583],[-111.44943,45.56333],[-111.44777,45.5586],[-111.44527,45.55277],[-111.44638,45.5511],[-111.43999,45.55249],[-111.43971,45.55648],[-111.4401,45.55944],[-111.44027,45.56071],[-111.44116,45.56749],[-111.44471,45.56666],[-111.44665,45.5686],[-111.44471,45.57166],[-111.4416,45.57083],[-111.44185,45.57277],[-111.44189,45.57305],[-111.4424,45.57694],[-111.44287,45.58055],[-111.44295,45.5811]],[[-111.78415,45.6011],[-111.78665,45.60555],[-111.78388,45.60388],[-111.78415,45.6011]],[[-111.91443,45.82444],[-111.90443,45.82222],[-111.89749,45.82472],[-111.89693,45.8211],[-111.89221,45.82305],[-111.88749,45.82194],[-111.89193,45.81888],[-111.89665,45.81194],[-111.89332,45.80999],[-111.88332,45.81083],[-111.88332,45.80833],[-111.87999,45.80638],[-111.87332,45.80833],[-111.86443,45.80666],[-111.85471,45.80888],[-111.84777,45.80666],[-111.84749,45.80416],[-111.85138,45.80194],[-111.8411,45.8011],[-111.84721,45.7986],[-111.84165,45.79527],[-111.84777,45.79194],[-111.85193,45.79222],[-111.85165,45.78888],[-111.86249,45.78527],[-111.86249,45.7836],[-111.85221,45.78277],[-111.8511,45.7811],[-111.84554,45.7811],[-111.84971,45.77749],[-111.85277,45.77777],[-111.86332,45.77194],[-111.86638,45.77194],[-111.86554,45.77777],[-111.86777,45.7811],[-111.87138,45.77805],[-111.87888,45.78638],[-111.88415,45.79694],[-111.87943,45.80138],[-111.8861,45.80194],[-111.88499,45.80416],[-111.89082,45.8036],[-111.89554,45.80138],[-111.89999,45.80138],[-111.90471,45.80416],[-111.90443,45.81333],[-111.91221,45.8136],[-111.91471,45.8211],[-111.91443,45.82444]],[[-111.62415,45.64999],[-111.61888,45.6511],[-111.61193,45.65027],[-111.60693,45.64749],[-111.60693,45.64388],[-111.61332,45.64388],[-111.61721,45.6461],[-111.62054,45.64333],[-111.61971,45.64027],[-111.62388,45.63722],[-111.6236,45.64749],[-111.62721,45.64777],[-111.62415,45.64999]],[[-111.60165,45.64722],[-111.59915,45.64249],[-111.60277,45.64388],[-111.60165,45.64722]],[[-111.7011,45.62888],[-111.69638,45.62833],[-111.68804,45.62999],[-111.69138,45.62472],[-111.68499,45.62305],[-111.67888,45.62527],[-111.67554,45.62194],[-111.66138,45.62277],[-111.65665,45.62805],[-111.65665,45.62194],[-111.65193,45.62138],[-111.65082,45.6186],[-111.65499,45.61388],[-111.65804,45.61805],[-111.65971,45.61555],[-111.66749,45.61416],[-111.67249,45.61777],[-111.67249,45.61499],[-111.67693,45.60888],[-111.67915,45.60916],[-111.67915,45.61694],[-111.68249,45.61638],[-111.68915,45.61944],[-111.69054,45.61555],[-111.6936,45.61749],[-111.70082,45.61638],[-111.70332,45.61722],[-111.70277,45.62666],[-111.7011,45.62888]],[[-111.58304,45.62666],[-111.57832,45.62444],[-111.57832,45.62055],[-111.58277,45.62083],[-111.58443,45.62333],[-111.58304,45.62666]],[[-111.63943,45.64694],[-111.63693,45.64694],[-111.63499,45.64333],[-111.63749,45.6411],[-111.63943,45.64694]],[[-111.63138,45.60638],[-111.62777,45.60472],[-111.63027,45.60277],[-111.63554,45.60333],[-111.63138,45.60638]],[[-111.74832,45.58749],[-111.74471,45.58805],[-111.74721,45.58416],[-111.74693,45.58055],[-111.7511,45.5786],[-111.75665,45.57999],[-111.76027,45.58388],[-111.75832,45.58555],[-111.75221,45.58444],[-111.74832,45.58749]],[[-111.77082,45.55888],[-111.77082,45.55722],[-111.77582,45.55499],[-111.77443,45.55777],[-111.77082,45.55888]],[[-111.72527,45.5586],[-111.71943,45.55916],[-111.72027,45.55722],[-111.72721,45.55638],[-111.72527,45.5586]],[[-111.52082,45.58388],[-111.51415,45.58416],[-111.51277,45.57888],[-111.51665,45.5786],[-111.51721,45.58166],[-111.52082,45.58388]],[[-111.44721,45.57555],[-111.44388,45.57333],[-111.4461,45.57222],[-111.44721,45.57555]]]},"properties":{"Cell":"C-11"}},
{"type":"Feature","geometry":{"type":"Polygon","coordinates":[[[-112.5936,45.1561],[-112.5936,45.15638],[-112.59665,45.15972],[-112.59554,45.16138],[-112.59082,45.16027],[-112.58915,45.15805],[-112.5786,45.15638],[-112.57638,45.15749],[-112.57443,45.16027],[-112.57665,45.16472],[-112.57165,45.16555],[-112.57277,45.17388],[-112.56554,45.17583],[-112.56082,45.17583],[-112.55499,45.17888],[-112.55138,45.17666],[-112.55027,45.17944],[-112.54721,45.17722],[-112.54499,45.17972],[-112.54193,45.18749],[-112.53832,45.18777],[-112.53527,45.1836],[-112.53304,45.18888],[-112.53388,45.19444],[-112.53221,45.19583],[-112.53054,45.18999],[-112.52693,45.19166],[-112.52638,45.19499],[-112.52138,45.19805],[-112.52888,45.20472],[-112.5286,45.20972],[-112.52193,45.20805],[-112.51777,45.20583],[-112.51138,45.20472],[-112.50915,45.2011],[-112.50777,45.20638],[-112.50054,45.20527],[-112.50193,45.20888],[-112.49082,45.20499],[-112.4961,45.2111],[-112.49499,45.21416],[-112.48971,45.21722],[-112.48665,45.21583],[-112.48249,45.20972],[-112.47971,45.20944],[-112.48138,45.21944],[-112.47582,45.22694],[-112.47277,45.22305],[-112.47138,45.22583],[-112.46777,45.22055],[-112.46471,45.2186],[-112.46471,45.22444],[-112.46721,45.22527],[-112.46665,45.2286],[-112.46999,45.23944],[-112.46665,45.23944],[-112.46304,45.23472],[-112.46221,45.24249],[-112.45999,45.24416],[-112.46027,45.24749],[-112.4561,45.25249],[-112.45471,45.25777],[-112.45832,45.26083],[-112.45027,45.2636],[-112.44527,45.26194],[-112.43971,45.26444],[-112.43415,45.26305],[-112.4286,45.26416],[-112.42443,45.26333],[-112.41999,45.26055],[-112.42443,45.26694],[-112.43388,45.27249],[-112.43693,45.27249],[-112.4461,45.27722],[-112.44443,45.27833],[-112.4461,45.28277],[-112.44221,45.28666],[-112.43749,45.28583],[-112.43999,45.29194],[-112.43804,45.29388],[-112.43499,45.28916],[-112.43277,45.28999],[-112.4311,45.28638],[-112.4236,45.27888],[-112.41415,45.2761],[-112.41082,45.27999],[-112.40804,45.28083],[-112.40499,45.27555],[-112.40221,45.27999],[-112.40027,45.27999],[-112.39888,45.28416],[-112.39443,45.28277],[-112.39471,45.28805],[-112.39082,45.28888],[-112.3961,45.29222],[-112.38971,45.29333],[-112.39665,45.29527],[-112.3961,45.29916],[-112.38749,45.29749],[-112.37971,45.30083],[-112.38332,45.30499],[-112.3836,45.31027],[-112.38054,45.31305],[-112.38304,45.31555],[-112.38249,45.32027],[-112.38054,45.32083],[-112.38832,45.3236],[-112.3886,45.32638],[-112.37665,45.32722],[-112.37415,45.33444],[-112.37165,45.33694],[-112.36693,45.33749],[-112.36471,45.34027],[-112.3586,45.33749],[-112.36082,45.34138],[-112.35388,45.34083],[-112.34943,45.33888],[-112.35388,45.34305],[-112.35415,45.34666],[-112.3511,45.34999],[-112.35221,45.35138],[-112.34582,45.35388],[-112.34415,45.35777],[-112.33708,45.35527],[-112.35413,45.47135],[-112.52943,45.45844],[-112.52721,45.45305],[-112.53841,45.45777],[-112.74804,45.44201],[-112.74971,45.44027],[-112.76304,45.44083],[-112.76193,45.43944],[-112.75082,45.43749],[-112.74443,45.4336],[-112.74693,45.42999],[-112.74554,45.42666],[-112.7436,45.43027],[-112.74027,45.42916],[-112.73443,45.42999],[-112.73665,45.42777],[-112.7311,45.4286],[-112.73054,45.42499],[-112.73332,45.42444],[-112.7311,45.42194],[-112.7336,45.4186],[-112.72943,45.41805],[-112.72721,45.40916],[-112.73249,45.40583],[-112.72832,45.40555],[-112.72888,45.40333],[-112.73471,45.40027],[-112.73888,45.39972],[-112.73554,45.39805],[-112.73027,45.3911],[-112.72499,45.38944],[-112.72027,45.39027],[-112.72027,45.38138],[-112.71804,45.38138],[-112.71971,45.37749],[-112.71832,45.36999],[-112.72027,45.36666],[-112.7186,45.36416],[-112.72249,45.36277],[-112.72054,45.3611],[-112.72443,45.35638],[-112.7236,45.35333],[-112.72888,45.3461],[-112.72277,45.34249],[-112.72082,45.33583],[-112.7211,45.33138],[-112.72721,45.32694],[-112.72221,45.32277],[-112.7211,45.31555],[-112.72193,45.31277],[-112.71721,45.30777],[-112.71971,45.30722],[-112.7236,45.31222],[-112.72499,45.3086],[-112.72499,45.30277],[-112.73138,45.30222],[-112.73832,45.30749],[-112.74138,45.30499],[-112.74304,45.30138],[-112.74804,45.30222],[-112.75249,45.30138],[-112.7561,45.29472],[-112.75915,45.29138],[-112.7561,45.28833],[-112.75443,45.28222],[-112.75638,45.27999],[-112.75471,45.27749],[-112.74943,45.28166],[-112.74499,45.28027],[-112.74082,45.27305],[-112.74415,45.27083],[-112.75304,45.27333],[-112.75665,45.2711],[-112.75054,45.26944],[-112.75138,45.2661],[-112.75027,45.26527],[-112.74443,45.26527],[-112.74527,45.26833],[-112.73888,45.27166],[-112.73249,45.26972],[-112.72915,45.27277],[-112.72443,45.27388],[-112.71693,45.27999],[-112.71582,45.28333],[-112.71249,45.2811],[-112.70971,45.2761],[-112.71443,45.27333],[-112.71332,45.26972],[-112.71221,45.27333],[-112.70554,45.27527],[-112.70415,45.2711],[-112.69832,45.27444],[-112.69915,45.27138],[-112.69582,45.27305],[-112.6936,45.26944],[-112.69193,45.27527],[-112.68888,45.27166],[-112.68693,45.27249],[-112.69193,45.26527],[-112.68554,45.26805],[-112.68721,45.26472],[-112.6836,45.26499],[-112.68665,45.26194],[-112.68332,45.26194],[-112.68582,45.25916],[-112.68443,45.25472],[-112.68804,45.25416],[-112.68193,45.25055],[-112.68165,45.24444],[-112.67888,45.24583],[-112.68138,45.24083],[-112.6786,45.23638],[-112.67554,45.23999],[-112.67221,45.2411],[-112.67082,45.24444],[-112.66804,45.24444],[-112.66471,45.24027],[-112.66554,45.2361],[-112.66832,45.23444],[-112.66554,45.23305],[-112.66249,45.23499],[-112.6611,45.23305],[-112.66582,45.22999],[-112.66749,45.22666],[-112.66332,45.2261],[-112.66332,45.22194],[-112.66693,45.21833],[-112.67582,45.22499],[-112.67999,45.22055],[-112.68054,45.22249],[-112.68582,45.22527],[-112.68749,45.22833],[-112.68943,45.22555],[-112.69527,45.22638],[-112.69443,45.22194],[-112.69027,45.22083],[-112.69082,45.21749],[-112.69693,45.21666],[-112.70054,45.20999],[-112.7061,45.21027],[-112.71221,45.21388],[-112.71249,45.21083],[-112.7211,45.2086],[-112.72582,45.20972],[-112.73471,45.20972],[-112.73999,45.20638],[-112.74054,45.20805],[-112.73527,45.21333],[-112.73027,45.21555],[-112.73582,45.21527],[-112.73777,45.21805],[-112.73415,45.21722],[-112.73443,45.21999],[-112.72832,45.22027],[-112.73138,45.22472],[-112.72332,45.22499],[-112.72554,45.22722],[-112.72277,45.22999],[-112.72943,45.22972],[-112.72888,45.2311],[-112.7386,45.22944],[-112.73415,45.22472],[-112.73749,45.22277],[-112.74915,45.22194],[-112.7511,45.2236],[-112.74693,45.22916],[-112.76027,45.22805],[-112.76304,45.22527],[-112.76499,45.22416],[-112.76915,45.22277],[-112.77082,45.21944],[-112.77471,45.21694],[-112.7778,45.2161],[-112.76864,45.15666],[-112.76499,45.15583],[-112.76027,45.14888],[-112.7661,45.14972],[-112.76791,45.15194],[-112.76633,45.14166],[-112.75888,45.13777],[-112.75915,45.13527],[-112.75443,45.1361],[-112.75415,45.13222],[-112.75027,45.13777],[-112.75027,45.13527],[-112.74415,45.13444],[-112.74415,45.1311],[-112.75054,45.13055],[-112.75193,45.12555],[-112.75554,45.12083],[-112.76138,45.11559],[-112.74582,45.11678],[-112.74249,45.1186],[-112.74249,45.12166],[-112.73193,45.12055],[-112.72917,45.11805],[-112.59638,45.1281],[-112.59499,45.13277],[-112.59665,45.13694],[-112.59054,45.14138],[-112.58888,45.14388],[-112.5936,45.14805],[-112.58943,45.15083],[-112.59582,45.15138],[-112.59693,45.1536],[-112.5936,45.1561]],[[-112.57221,45.18666],[-112.56749,45.18916],[-112.56304,45.18583],[-112.56527,45.17722],[-112.56915,45.17805],[-112.57665,45.17722],[-112.58304,45.18222],[-112.58749,45.1811],[-112.58665,45.1836],[-112.58277,45.18277],[-112.57888,45.1861],[-112.57221,45.18416],[-112.57221,45.18666]],[[-112.72582,45.29555],[-112.72804,45.29916],[-112.72554,45.29999],[-112.72582,45.29555]],[[-112.69193,45.41749],[-112.68804,45.41222],[-112.68943,45.40416],[-112.69249,45.4036],[-112.69249,45.41222],[-112.69388,45.41527],[-112.69193,45.41749]],[[-112.56554,45.43222],[-112.56304,45.42833],[-112.5636,45.42249],[-112.57165,45.41499],[-112.58249,45.40749],[-112.59165,45.40305],[-112.59832,45.39666],[-112.60221,45.39416],[-112.60915,45.39499],[-112.60915,45.39888],[-112.60638,45.40277],[-112.60499,45.39972],[-112.59749,45.40166],[-112.58971,45.40666],[-112.58443,45.40777],[-112.57971,45.41222],[-112.57638,45.41972],[-112.5736,45.41999],[-112.57304,45.42499],[-112.56554,45.43222]],[[-112.50499,45.42999],[-112.5036,45.42555],[-112.50665,45.42916],[-112.50499,45.42999]],[[-112.69499,45.39777],[-112.68999,45.39749],[-112.68888,45.39444],[-112.69388,45.3936],[-112.69499,45.39777]],[[-112.71388,45.30277],[-112.71054,45.30138],[-112.70888,45.29805],[-112.70443,45.29777],[-112.70582,45.29555],[-112.71193,45.29694],[-112.71165,45.29444],[-112.71832,45.29777],[-112.71388,45.30277]],[[-112.46304,45.26222],[-112.46165,45.25805],[-112.46777,45.26166],[-112.46304,45.26222]]]},"properties":{"Cell":"A-12"}}
]}